This is pdfTeX, Version 3.141592653-2.6-1.40.27 (TeX Live 2025) (preloaded format=pdflatex 2025.4.15)  11 JUL 2025 13:59
entering extended mode
 restricted \write18 enabled.
 %&-line parsing enabled.
**Einleitung.tex
(./Einleitung.tex
LaTeX2e <2024-11-01> patch level 2
L3 programming layer <2025-03-26>
! Undefined control sequence.
l.9 \chapter
            {Einleitung}
The control sequence at the end of the top line
of your error message was never \def'ed. If you have
misspelled it (e.g., `\hobx'), type `I' and the correct
spelling (e.g., `I\hbox'). Otherwise just continue,
and I'll forget about whatever was undefined.


! LaTeX Error: Missing \begin{document}.

See the LaTeX manual or LaTeX Companion for explanation.
Type  H <return>  for immediate help.
 ...                                              
                                                  
l.9 \chapter{E
              inleitung}
You're in trouble here.  Try typing  <return>  to proceed.
If that doesn't work, type  X <return>  to quit.

Missing character: There is no E in font nullfont!
Missing character: There is no i in font nullfont!
Missing character: There is no n in font nullfont!
Missing character: There is no l in font nullfont!
Missing character: There is no e in font nullfont!
Missing character: There is no i in font nullfont!
Missing character: There is no t in font nullfont!
Missing character: There is no u in font nullfont!
Missing character: There is no n in font nullfont!
Missing character: There is no g in font nullfont!

Overfull \hbox (20.0pt too wide) in paragraph at lines 9--10
[] 
 []


! LaTeX Error: Missing \begin{document}.

See the LaTeX manual or LaTeX Companion for explanation.
Type  H <return>  for immediate help.
 ...                                              
                                                  
l.11 V
      ielen Dank, dass Sie sich für den Schrittmotor Demonstrator entschied...

You're in trouble here.  Try typing  <return>  to proceed.
If that doesn't work, type  X <return>  to quit.

Missing character: There is no V in font nullfont!
Missing character: There is no i in font nullfont!
Missing character: There is no e in font nullfont!
Missing character: There is no l in font nullfont!
Missing character: There is no e in font nullfont!
Missing character: There is no n in font nullfont!
Missing character: There is no D in font nullfont!
Missing character: There is no a in font nullfont!
Missing character: There is no n in font nullfont!
Missing character: There is no k in font nullfont!
Missing character: There is no , in font nullfont!
Missing character: There is no d in font nullfont!
Missing character: There is no a in font nullfont!
Missing character: There is no s in font nullfont!
Missing character: There is no s in font nullfont!
Missing character: There is no S in font nullfont!
Missing character: There is no i in font nullfont!
Missing character: There is no e in font nullfont!
Missing character: There is no s in font nullfont!
Missing character: There is no i in font nullfont!
Missing character: There is no c in font nullfont!
Missing character: There is no h in font nullfont!
Missing character: There is no f in font nullfont!
LaTeX Font Info:    Trying to load font information for +cmr on input line 11.
LaTeX Font Info:    No file cmr.fd. on input line 11.

LaTeX Font Warning: Font shape `/cmr/m/n' undefined
(Font)              using `/cmr/m/n' instead on input line 11.

! Corrupted NFSS tables.
wrong@fontshape ...message {Corrupted NFSS tables}
                                                  error@fontshape else let f...
l.11 Vielen Dank, dass Sie sich fü
                                   r den Schrittmotor Demonstrator entschied...
This error message was generated by an \errmessage
command, so I can't give any explicit help.
Pretend that you're Hercule Poirot: Examine all clues,
and deduce the truth by order and method.


LaTeX Font Warning: Font shape `/cmr/m/n' undefined
(Font)              using `OT1/cmr/m/n' instead on input line 11.

Missing character: There is no r in font nullfont!
Missing character: There is no d in font nullfont!
Missing character: There is no e in font nullfont!
Missing character: There is no n in font nullfont!
Missing character: There is no S in font nullfont!
Missing character: There is no c in font nullfont!
Missing character: There is no h in font nullfont!
Missing character: There is no r in font nullfont!
Missing character: There is no i in font nullfont!
Missing character: There is no t in font nullfont!
Missing character: There is no t in font nullfont!
Missing character: There is no m in font nullfont!
Missing character: There is no o in font nullfont!
Missing character: There is no t in font nullfont!
Missing character: There is no o in font nullfont!
Missing character: There is no r in font nullfont!
Missing character: There is no D in font nullfont!
Missing character: There is no e in font nullfont!
Missing character: There is no m in font nullfont!
Missing character: There is no o in font nullfont!
Missing character: There is no n in font nullfont!
Missing character: There is no s in font nullfont!
Missing character: There is no t in font nullfont!
Missing character: There is no r in font nullfont!
Missing character: There is no a in font nullfont!
Missing character: There is no t in font nullfont!
Missing character: There is no o in font nullfont!
Missing character: There is no r in font nullfont!
Missing character: There is no e in font nullfont!
Missing character: There is no n in font nullfont!
Missing character: There is no t in font nullfont!
Missing character: There is no s in font nullfont!
Missing character: There is no c in font nullfont!
Missing character: There is no h in font nullfont!
Missing character: There is no i in font nullfont!
Missing character: There is no e in font nullfont!
Missing character: There is no d in font nullfont!
Missing character: There is no e in font nullfont!
Missing character: There is no n in font nullfont!
Missing character: There is no h in font nullfont!
Missing character: There is no a in font nullfont!
Missing character: There is no b in font nullfont!
Missing character: There is no e in font nullfont!
Missing character: There is no n in font nullfont!
Missing character: There is no . in font nullfont!
Missing character: There is no D in font nullfont!
Missing character: There is no i in font nullfont!
Missing character: There is no e in font nullfont!
Missing character: There is no s in font nullfont!
Missing character: There is no e in font nullfont!
Missing character: There is no M in font nullfont!
Missing character: There is no o in font nullfont!
Missing character: There is no n in font nullfont!
Missing character: There is no t in font nullfont!
Missing character: There is no a in font nullfont!
Missing character: There is no g in font nullfont!
Missing character: There is no e in font nullfont!
Missing character: There is no a in font nullfont!
Missing character: There is no n in font nullfont!
Missing character: There is no l in font nullfont!
Missing character: There is no e in font nullfont!
Missing character: There is no i in font nullfont!
Missing character: There is no t in font nullfont!
Missing character: There is no u in font nullfont!
Missing character: There is no n in font nullfont!
Missing character: There is no g in font nullfont!
Missing character: There is no b in font nullfont!
Missing character: There is no e in font nullfont!
Missing character: There is no g in font nullfont!
Missing character: There is no l in font nullfont!
Missing character: There is no e in font nullfont!
Missing character: There is no i in font nullfont!
Missing character: There is no t in font nullfont!
Missing character: There is no e in font nullfont!
Missing character: There is no t in font nullfont!
Missing character: There is no S in font nullfont!
Missing character: There is no i in font nullfont!
Missing character: There is no e in font nullfont!
Missing character: There is no S in font nullfont!
Missing character: There is no c in font nullfont!
Missing character: There is no h in font nullfont!
Missing character: There is no r in font nullfont!
Missing character: There is no i in font nullfont!
Missing character: There is no t in font nullfont!
Missing character: There is no t in font nullfont!
Missing character: There is no f in font nullfont!
Missing character: There is no r in font nullfont!
Missing character: There is no S in font nullfont!
Missing character: There is no c in font nullfont!
Missing character: There is no h in font nullfont!
Missing character: There is no r in font nullfont!
Missing character: There is no i in font nullfont!
Missing character: There is no t in font nullfont!
Missing character: There is no t in font nullfont!
Missing character: There is no b in font nullfont!
Missing character: There is no e in font nullfont!
Missing character: There is no i in font nullfont!
Missing character: There is no d in font nullfont!
Missing character: There is no e in font nullfont!
Missing character: There is no r in font nullfont!
Missing character: There is no I in font nullfont!
Missing character: There is no n in font nullfont!
Missing character: There is no b in font nullfont!
Missing character: There is no e in font nullfont!
Missing character: There is no t in font nullfont!
Missing character: There is no r in font nullfont!
Missing character: There is no i in font nullfont!
Missing character: There is no e in font nullfont!
Missing character: There is no b in font nullfont!
Missing character: There is no n in font nullfont!
Missing character: There is no a in font nullfont!
Missing character: There is no h in font nullfont!
Missing character: There is no m in font nullfont!
Missing character: There is no e in font nullfont!
Missing character: There is no d in font nullfont!
Missing character: There is no e in font nullfont!
Missing character: There is no s in font nullfont!
Missing character: There is no g in font nullfont!
Missing character: There is no e in font nullfont!
Missing character: There is no l in font nullfont!
Missing character: There is no i in font nullfont!
Missing character: There is no e in font nullfont!
Missing character: There is no f in font nullfont!
Missing character: There is no e in font nullfont!
Missing character: There is no r in font nullfont!
Missing character: There is no t in font nullfont!
Missing character: There is no e in font nullfont!
Missing character: There is no n in font nullfont!
Missing character: There is no S in font nullfont!
Missing character: There is no y in font nullfont!
Missing character: There is no s in font nullfont!
Missing character: There is no t in font nullfont!
Missing character: There is no e in font nullfont!
Missing character: There is no m in font nullfont!
Missing character: There is no s in font nullfont!
Missing character: There is no . in font nullfont!

Overfull \hbox (20.0pt too wide) in paragraph at lines 11--14
[]
 []


Overfull \hbox (10.55559pt too wide) in paragraph at lines 11--14
\/cmr/m/n/10 ^^?u
 []


Overfull \hbox (5.55557pt too wide) in paragraph at lines 11--14
\/cmr/m/n/10 ^^?u
 []


! LaTeX Error: Missing \begin{document}.

See the LaTeX manual or LaTeX Companion for explanation.
Type  H <return>  for immediate help.
 ...                                              
                                                  
l.16 	D
       ie Baugruppe wird vormontiert geliefert, das heißt alle
You're in trouble here.  Try typing  <return>  to proceed.
If that doesn't work, type  X <return>  to quit.

Missing character: There is no D in font nullfont!
Missing character: There is no i in font nullfont!
Missing character: There is no e in font nullfont!
Missing character: There is no B in font nullfont!
Missing character: There is no a in font nullfont!
Missing character: There is no u in font nullfont!
Missing character: There is no g in font nullfont!
Missing character: There is no r in font nullfont!
Missing character: There is no u in font nullfont!
Missing character: There is no p in font nullfont!
Missing character: There is no p in font nullfont!
Missing character: There is no e in font nullfont!
Missing character: There is no w in font nullfont!
Missing character: There is no i in font nullfont!
Missing character: There is no r in font nullfont!
Missing character: There is no d in font nullfont!
Missing character: There is no v in font nullfont!
Missing character: There is no o in font nullfont!
Missing character: There is no r in font nullfont!
Missing character: There is no m in font nullfont!
Missing character: There is no o in font nullfont!
Missing character: There is no n in font nullfont!
Missing character: There is no t in font nullfont!
Missing character: There is no i in font nullfont!
Missing character: There is no e in font nullfont!
Missing character: There is no r in font nullfont!
Missing character: There is no t in font nullfont!
Missing character: There is no g in font nullfont!
Missing character: There is no e in font nullfont!
Missing character: There is no l in font nullfont!
Missing character: There is no i in font nullfont!
Missing character: There is no e in font nullfont!
Missing character: There is no f in font nullfont!
Missing character: There is no e in font nullfont!
Missing character: There is no r in font nullfont!
Missing character: There is no t in font nullfont!
Missing character: There is no , in font nullfont!
Missing character: There is no d in font nullfont!
Missing character: There is no a in font nullfont!
Missing character: There is no s in font nullfont!
Missing character: There is no h in font nullfont!
Missing character: There is no e in font nullfont!
Missing character: There is no i in font nullfont!
Missing character: There is no t in font nullfont!
Missing character: There is no a in font nullfont!
Missing character: There is no l in font nullfont!
Missing character: There is no l in font nullfont!
Missing character: There is no e in font nullfont!
Missing character: There is no e in font nullfont!
Missing character: There is no l in font nullfont!
Missing character: There is no e in font nullfont!
Missing character: There is no k in font nullfont!
Missing character: There is no t in font nullfont!
Missing character: There is no r in font nullfont!
Missing character: There is no o in font nullfont!
Missing character: There is no n in font nullfont!
Missing character: There is no i in font nullfont!
Missing character: There is no s in font nullfont!
Missing character: There is no c in font nullfont!
Missing character: There is no h in font nullfont!
Missing character: There is no e in font nullfont!
Missing character: There is no n in font nullfont!
Missing character: There is no K in font nullfont!
Missing character: There is no o in font nullfont!
Missing character: There is no m in font nullfont!
Missing character: There is no p in font nullfont!
Missing character: There is no o in font nullfont!
Missing character: There is no n in font nullfont!
Missing character: There is no e in font nullfont!
Missing character: There is no n in font nullfont!
Missing character: There is no t in font nullfont!
Missing character: There is no e in font nullfont!
Missing character: There is no n in font nullfont!
Missing character: There is no , in font nullfont!
Missing character: There is no i in font nullfont!
Missing character: There is no n in font nullfont!
Missing character: There is no k in font nullfont!
Missing character: There is no l in font nullfont!
Missing character: There is no u in font nullfont!
Missing character: There is no s in font nullfont!
Missing character: There is no i in font nullfont!
Missing character: There is no v in font nullfont!
Missing character: There is no e in font nullfont!
Missing character: There is no d in font nullfont!
Missing character: There is no e in font nullfont!
Missing character: There is no s in font nullfont!
Missing character: There is no S in font nullfont!
Missing character: There is no e in font nullfont!
Missing character: There is no n in font nullfont!
Missing character: There is no s in font nullfont!
Missing character: There is no o in font nullfont!
Missing character: There is no r in font nullfont!
Missing character: There is no s in font nullfont!
Missing character: There is no , in font nullfont!
Missing character: There is no b in font nullfont!
Missing character: There is no e in font nullfont!
Missing character: There is no f in font nullfont!
Missing character: There is no i in font nullfont!
Missing character: There is no n in font nullfont!
Missing character: There is no d in font nullfont!
Missing character: There is no e in font nullfont!
Missing character: There is no n in font nullfont!
Missing character: There is no s in font nullfont!
Missing character: There is no i in font nullfont!
Missing character: There is no c in font nullfont!
Missing character: There is no h in font nullfont!
Missing character: There is no b in font nullfont!
Missing character: There is no e in font nullfont!
Missing character: There is no r in font nullfont!
Missing character: There is no e in font nullfont!
Missing character: There is no i in font nullfont!
Missing character: There is no t in font nullfont!
Missing character: There is no s in font nullfont!
Missing character: There is no i in font nullfont!
Missing character: There is no m in font nullfont!
Missing character: There is no m in font nullfont!
Missing character: There is no o in font nullfont!
Missing character: There is no n in font nullfont!
Missing character: There is no t in font nullfont!
Missing character: There is no i in font nullfont!
Missing character: There is no e in font nullfont!
Missing character: There is no r in font nullfont!
Missing character: There is no t in font nullfont!
Missing character: There is no e in font nullfont!
Missing character: There is no n in font nullfont!
Missing character: There is no Z in font nullfont!
Missing character: There is no u in font nullfont!
Missing character: There is no s in font nullfont!
Missing character: There is no t in font nullfont!
Missing character: There is no a in font nullfont!
Missing character: There is no n in font nullfont!
Missing character: There is no d in font nullfont!
Missing character: There is no i in font nullfont!
Missing character: There is no m in font nullfont!
Missing character: There is no G in font nullfont!
Missing character: There is no e in font nullfont!
Missing character: There is no h in font nullfont!
Missing character: There is no u in font nullfont!
Missing character: There is no s in font nullfont!
Missing character: There is no e in font nullfont!
Missing character: There is no d in font nullfont!
Missing character: There is no e in font nullfont!
Missing character: There is no s in font nullfont!
Missing character: There is no C in font nullfont!
Missing character: There is no N in font nullfont!
Missing character: There is no C in font nullfont!
Missing character: There is no - in font nullfont!
Missing character: There is no T in font nullfont!
Missing character: There is no i in font nullfont!
Missing character: There is no s in font nullfont!
Missing character: There is no c in font nullfont!
Missing character: There is no h in font nullfont!
Missing character: There is no s in font nullfont!
Missing character: There is no . in font nullfont!
Missing character: There is no I in font nullfont!
Missing character: There is no h in font nullfont!
Missing character: There is no r in font nullfont!
Missing character: There is no e in font nullfont!
Missing character: There is no A in font nullfont!
Missing character: There is no u in font nullfont!
Missing character: There is no f in font nullfont!
Missing character: There is no g in font nullfont!
Missing character: There is no a in font nullfont!
Missing character: There is no b in font nullfont!
Missing character: There is no e in font nullfont!
Missing character: There is no b in font nullfont!
Missing character: There is no e in font nullfont!
Missing character: There is no s in font nullfont!
Missing character: There is no t in font nullfont!
Missing character: There is no e in font nullfont!
Missing character: There is no h in font nullfont!
Missing character: There is no t in font nullfont!
Missing character: There is no l in font nullfont!
Missing character: There is no e in font nullfont!
Missing character: There is no d in font nullfont!
Missing character: There is no i in font nullfont!
Missing character: There is no g in font nullfont!
Missing character: There is no l in font nullfont!
Missing character: There is no i in font nullfont!
Missing character: There is no c in font nullfont!
Missing character: There is no h in font nullfont!
Missing character: There is no d in font nullfont!
Missing character: There is no a in font nullfont!
Missing character: There is no r in font nullfont!
Missing character: There is no i in font nullfont!
Missing character: There is no n in font nullfont!
Missing character: There is no , in font nullfont!
Missing character: There is no d in font nullfont!
Missing character: There is no a in font nullfont!
Missing character: There is no s in font nullfont!
Missing character: There is no S in font nullfont!
Missing character: There is no y in font nullfont!
Missing character: There is no s in font nullfont!
Missing character: There is no t in font nullfont!
Missing character: There is no e in font nullfont!
Missing character: There is no m in font nullfont!
Missing character: There is no k in font nullfont!
Missing character: There is no o in font nullfont!
Missing character: There is no r in font nullfont!
Missing character: There is no r in font nullfont!
Missing character: There is no e in font nullfont!
Missing character: There is no k in font nullfont!
Missing character: There is no t in font nullfont!
Missing character: There is no a in font nullfont!
Missing character: There is no u in font nullfont!
Missing character: There is no f in font nullfont!
Missing character: There is no z in font nullfont!
Missing character: There is no u in font nullfont!
Missing character: There is no s in font nullfont!
Missing character: There is no t in font nullfont!
Missing character: There is no e in font nullfont!
Missing character: There is no l in font nullfont!
Missing character: There is no l in font nullfont!
Missing character: There is no e in font nullfont!
Missing character: There is no n in font nullfont!
Missing character: There is no u in font nullfont!
Missing character: There is no n in font nullfont!
Missing character: There is no d in font nullfont!
Missing character: There is no a in font nullfont!
Missing character: There is no n in font nullfont!
Missing character: There is no z in font nullfont!
Missing character: There is no u in font nullfont!
Missing character: There is no s in font nullfont!
Missing character: There is no c in font nullfont!
Missing character: There is no h in font nullfont!
Missing character: There is no l in font nullfont!
Missing character: There is no i in font nullfont!
Missing character: There is no e in font nullfont!
Missing character: There is no e in font nullfont!
Missing character: There is no n in font nullfont!
Missing character: There is no . in font nullfont!
Missing character: There is no B in font nullfont!
Missing character: There is no i in font nullfont!
Missing character: There is no t in font nullfont!
Missing character: There is no t in font nullfont!
Missing character: There is no e in font nullfont!
Missing character: There is no l in font nullfont!
Missing character: There is no e in font nullfont!
Missing character: There is no s in font nullfont!
Missing character: There is no e in font nullfont!
Missing character: There is no n in font nullfont!
Missing character: There is no S in font nullfont!
Missing character: There is no i in font nullfont!
Missing character: There is no e in font nullfont!
Missing character: There is no d in font nullfont!
Missing character: There is no a in font nullfont!
Missing character: There is no f in font nullfont!
Missing character: There is no r in font nullfont!
Missing character: There is no d in font nullfont!
Missing character: There is no a in font nullfont!
Missing character: There is no s in font nullfont!
Missing character: There is no H in font nullfont!
Missing character: There is no a in font nullfont!
Missing character: There is no n in font nullfont!
Missing character: There is no d in font nullfont!
Missing character: There is no b in font nullfont!
Missing character: There is no u in font nullfont!
Missing character: There is no c in font nullfont!
Missing character: There is no h in font nullfont!
Missing character: There is no s in font nullfont!
Missing character: There is no o in font nullfont!
Missing character: There is no r in font nullfont!
Missing character: There is no g in font nullfont!
Missing character: There is no f in font nullfont!
Missing character: There is no l in font nullfont!
Missing character: There is no t in font nullfont!
Missing character: There is no i in font nullfont!
Missing character: There is no g in font nullfont!
Missing character: There is no d in font nullfont!
Missing character: There is no u in font nullfont!
Missing character: There is no r in font nullfont!
Missing character: There is no c in font nullfont!
Missing character: There is no h in font nullfont!
Missing character: There is no . in font nullfont!

Overfull \hbox (20.0pt too wide) in paragraph at lines 16--21
[]
 []


Overfull \hbox (5.00002pt too wide) in paragraph at lines 16--21
\/cmr/m/n/10 ^^Y
 []


Overfull \hbox (5.00002pt too wide) in paragraph at lines 16--21
\/cmr/m/n/10 ^^?a
 []


Overfull \hbox (5.00002pt too wide) in paragraph at lines 16--21
\/cmr/m/n/10 ^^Y
 []


Overfull \hbox (5.55557pt too wide) in paragraph at lines 16--21
\/cmr/m/n/10 ^^?u
 []


Overfull \hbox (5.00002pt too wide) in paragraph at lines 16--21
\/cmr/m/n/10 ^^?a
 []


! LaTeX Error: Missing \begin{document}.

See the LaTeX manual or LaTeX Companion for explanation.
Type  H <return>  for immediate help.
 ...                                              
                                                  
l.26 ...ttmotor Demonstrators sorgfältig durch.}}
                                                  
You're in trouble here.  Try typing  <return>  to proceed.
If that doesn't work, type  X <return>  to quit.

Missing character: There is no V in font nullfont!
Missing character: There is no e in font nullfont!
Missing character: There is no r in font nullfont!
Missing character: There is no w in font nullfont!
Missing character: There is no e in font nullfont!
Missing character: There is no n in font nullfont!
Missing character: There is no d in font nullfont!
Missing character: There is no e in font nullfont!
Missing character: There is no n in font nullfont!
Missing character: There is no S in font nullfont!
Missing character: There is no i in font nullfont!
Missing character: There is no e in font nullfont!
Missing character: There is no a in font nullfont!
Missing character: There is no u in font nullfont!
Missing character: There is no s in font nullfont!
Missing character: There is no s in font nullfont!
Missing character: There is no c in font nullfont!
Missing character: There is no h in font nullfont!
Missing character: There is no l in font nullfont!
Missing character: There is no i in font nullfont!
Missing character: There is no e in font nullfont!
Missing character: There is no l in font nullfont!
Missing character: There is no i in font nullfont!
Missing character: There is no c in font nullfont!
Missing character: There is no h in font nullfont!
Missing character: There is no u in font nullfont!
Missing character: There is no n in font nullfont!
Missing character: There is no b in font nullfont!
Missing character: There is no e in font nullfont!
Missing character: There is no s in font nullfont!
Missing character: There is no c in font nullfont!
Missing character: There is no h in font nullfont!
Missing character: There is no d in font nullfont!
Missing character: There is no i in font nullfont!
Missing character: There is no g in font nullfont!
Missing character: There is no t in font nullfont!
Missing character: There is no e in font nullfont!
Missing character: There is no K in font nullfont!
Missing character: There is no o in font nullfont!
Missing character: There is no m in font nullfont!
Missing character: There is no p in font nullfont!
Missing character: There is no o in font nullfont!
Missing character: There is no n in font nullfont!
Missing character: There is no e in font nullfont!
Missing character: There is no n in font nullfont!
Missing character: There is no t in font nullfont!
Missing character: There is no e in font nullfont!
Missing character: There is no n in font nullfont!
Missing character: There is no . in font nullfont!
Missing character: There is no S in font nullfont!
Missing character: There is no o in font nullfont!
Missing character: There is no l in font nullfont!
Missing character: There is no l in font nullfont!
Missing character: There is no t in font nullfont!
Missing character: There is no e in font nullfont!
Missing character: There is no n in font nullfont!
Missing character: There is no S in font nullfont!
Missing character: There is no i in font nullfont!
Missing character: There is no e in font nullfont!
Missing character: There is no T in font nullfont!
Missing character: There is no r in font nullfont!
Missing character: There is no a in font nullfont!
Missing character: There is no n in font nullfont!
Missing character: There is no s in font nullfont!
Missing character: There is no p in font nullfont!
Missing character: There is no o in font nullfont!
Missing character: There is no r in font nullfont!
Missing character: There is no t in font nullfont!
Missing character: There is no s in font nullfont!
Missing character: There is no c in font nullfont!
Missing character: There is no h in font nullfont!
Missing character: There is no d in font nullfont!
Missing character: There is no e in font nullfont!
Missing character: There is no n in font nullfont!
Missing character: There is no f in font nullfont!
Missing character: There is no e in font nullfont!
Missing character: There is no s in font nullfont!
Missing character: There is no t in font nullfont!
Missing character: There is no s in font nullfont!
Missing character: There is no t in font nullfont!
Missing character: There is no e in font nullfont!
Missing character: There is no l in font nullfont!
Missing character: There is no l in font nullfont!
Missing character: There is no e in font nullfont!
Missing character: There is no n in font nullfont!
Missing character: There is no , in font nullfont!
Missing character: There is no w in font nullfont!
Missing character: There is no e in font nullfont!
Missing character: There is no n in font nullfont!
Missing character: There is no d in font nullfont!
Missing character: There is no e in font nullfont!
Missing character: There is no n in font nullfont!
Missing character: There is no S in font nullfont!
Missing character: There is no i in font nullfont!
Missing character: There is no e in font nullfont!
Missing character: There is no s in font nullfont!
Missing character: There is no i in font nullfont!
Missing character: There is no c in font nullfont!
Missing character: There is no h in font nullfont!
Missing character: There is no b in font nullfont!
Missing character: There is no i in font nullfont!
Missing character: There is no t in font nullfont!
Missing character: There is no t in font nullfont!
Missing character: There is no e in font nullfont!
Missing character: There is no v in font nullfont!
Missing character: There is no o in font nullfont!
Missing character: There is no r in font nullfont!
Missing character: There is no d in font nullfont!
Missing character: There is no e in font nullfont!
Missing character: There is no m in font nullfont!
Missing character: There is no A in font nullfont!
Missing character: There is no u in font nullfont!
Missing character: There is no f in font nullfont!
Missing character: There is no b in font nullfont!
Missing character: There is no a in font nullfont!
Missing character: There is no u in font nullfont!
Missing character: There is no a in font nullfont!
Missing character: There is no n in font nullfont!
Missing character: There is no d in font nullfont!
Missing character: There is no e in font nullfont!
Missing character: There is no n in font nullfont!
Missing character: There is no K in font nullfont!
Missing character: There is no u in font nullfont!
Missing character: There is no n in font nullfont!
Missing character: There is no d in font nullfont!
Missing character: There is no e in font nullfont!
Missing character: There is no n in font nullfont!
Missing character: There is no d in font nullfont!
Missing character: There is no i in font nullfont!
Missing character: There is no e in font nullfont!
Missing character: There is no n in font nullfont!
Missing character: There is no s in font nullfont!
Missing character: There is no t in font nullfont!
Missing character: There is no . in font nullfont!
Missing character: There is no B in font nullfont!
Missing character: There is no i in font nullfont!
Missing character: There is no t in font nullfont!
Missing character: There is no t in font nullfont!
Missing character: There is no e in font nullfont!
Missing character: There is no l in font nullfont!
Missing character: There is no e in font nullfont!
Missing character: There is no s in font nullfont!
Missing character: There is no e in font nullfont!
Missing character: There is no n in font nullfont!
Missing character: There is no S in font nullfont!
Missing character: There is no i in font nullfont!
Missing character: There is no e in font nullfont!
Missing character: There is no v in font nullfont!
Missing character: There is no o in font nullfont!
Missing character: There is no r in font nullfont!
Missing character: There is no d in font nullfont!
Missing character: There is no e in font nullfont!
Missing character: There is no r in font nullfont!
Missing character: There is no M in font nullfont!
Missing character: There is no o in font nullfont!
Missing character: There is no n in font nullfont!
Missing character: There is no t in font nullfont!
Missing character: There is no a in font nullfont!
Missing character: There is no g in font nullfont!
Missing character: There is no e in font nullfont!
Missing character: There is no z in font nullfont!
Missing character: There is no u in font nullfont!
Missing character: There is no e in font nullfont!
Missing character: There is no r in font nullfont!
Missing character: There is no s in font nullfont!
Missing character: There is no t in font nullfont!
Missing character: There is no d in font nullfont!
Missing character: There is no a in font nullfont!
Missing character: There is no s in font nullfont!
Missing character: There is no H in font nullfont!
Missing character: There is no a in font nullfont!
Missing character: There is no n in font nullfont!
Missing character: There is no d in font nullfont!
Missing character: There is no b in font nullfont!
Missing character: There is no u in font nullfont!
Missing character: There is no c in font nullfont!
Missing character: There is no h in font nullfont!
Missing character: There is no d in font nullfont!
Missing character: There is no e in font nullfont!
Missing character: There is no s in font nullfont!
Missing character: There is no S in font nullfont!
Missing character: There is no c in font nullfont!
Missing character: There is no h in font nullfont!
Missing character: There is no r in font nullfont!
Missing character: There is no i in font nullfont!
Missing character: There is no t in font nullfont!
Missing character: There is no t in font nullfont!
Missing character: There is no m in font nullfont!
Missing character: There is no o in font nullfont!
Missing character: There is no t in font nullfont!
Missing character: There is no o in font nullfont!
Missing character: There is no r in font nullfont!
Missing character: There is no D in font nullfont!
Missing character: There is no e in font nullfont!
Missing character: There is no m in font nullfont!
Missing character: There is no o in font nullfont!
Missing character: There is no n in font nullfont!
Missing character: There is no s in font nullfont!
Missing character: There is no t in font nullfont!
Missing character: There is no r in font nullfont!
Missing character: There is no a in font nullfont!
Missing character: There is no t in font nullfont!
Missing character: There is no o in font nullfont!
Missing character: There is no r in font nullfont!
Missing character: There is no s in font nullfont!
Missing character: There is no s in font nullfont!
Missing character: There is no o in font nullfont!
Missing character: There is no r in font nullfont!
Missing character: There is no g in font nullfont!
Missing character: There is no f in font nullfont!
Missing character: There is no l in font nullfont!
Missing character: There is no t in font nullfont!
Missing character: There is no i in font nullfont!
Missing character: There is no g in font nullfont!
Missing character: There is no d in font nullfont!
Missing character: There is no u in font nullfont!
Missing character: There is no r in font nullfont!
Missing character: There is no c in font nullfont!
Missing character: There is no h in font nullfont!
Missing character: There is no . in font nullfont!
LaTeX Font Info:    External font `cmex10' loaded for size
(Font)              <7> on input line 26.
LaTeX Font Info:    External font `cmex10' loaded for size
(Font)              <5> on input line 26.

Overfull \hbox (4122.79997pt too wide) in paragraph at lines 26--27
[][] 
 []


! LaTeX Error: Missing \begin{document}.

See the LaTeX manual or LaTeX Companion for explanation.
Type  H <return>  for immediate help.
 ...                                              
                                                  
l.30 E
      ine genaue Beschreibung des gesamten Aufbaus mit der Basis des CNC-Tis...

You're in trouble here.  Try typing  <return>  to proceed.
If that doesn't work, type  X <return>  to quit.

Missing character: There is no E in font nullfont!
Missing character: There is no i in font nullfont!
Missing character: There is no n in font nullfont!
Missing character: There is no e in font nullfont!
Missing character: There is no g in font nullfont!
Missing character: There is no e in font nullfont!
Missing character: There is no n in font nullfont!
Missing character: There is no a in font nullfont!
Missing character: There is no u in font nullfont!
Missing character: There is no e in font nullfont!
Missing character: There is no B in font nullfont!
Missing character: There is no e in font nullfont!
Missing character: There is no s in font nullfont!
Missing character: There is no c in font nullfont!
Missing character: There is no h in font nullfont!
Missing character: There is no r in font nullfont!
Missing character: There is no e in font nullfont!
Missing character: There is no i in font nullfont!
Missing character: There is no b in font nullfont!
Missing character: There is no u in font nullfont!
Missing character: There is no n in font nullfont!
Missing character: There is no g in font nullfont!
Missing character: There is no d in font nullfont!
Missing character: There is no e in font nullfont!
Missing character: There is no s in font nullfont!
Missing character: There is no g in font nullfont!
Missing character: There is no e in font nullfont!
Missing character: There is no s in font nullfont!
Missing character: There is no a in font nullfont!
Missing character: There is no m in font nullfont!
Missing character: There is no t in font nullfont!
Missing character: There is no e in font nullfont!
Missing character: There is no n in font nullfont!
Missing character: There is no A in font nullfont!
Missing character: There is no u in font nullfont!
Missing character: There is no f in font nullfont!
Missing character: There is no b in font nullfont!
Missing character: There is no a in font nullfont!
Missing character: There is no u in font nullfont!
Missing character: There is no s in font nullfont!
Missing character: There is no m in font nullfont!
Missing character: There is no i in font nullfont!
Missing character: There is no t in font nullfont!
Missing character: There is no d in font nullfont!
Missing character: There is no e in font nullfont!
Missing character: There is no r in font nullfont!
Missing character: There is no B in font nullfont!
Missing character: There is no a in font nullfont!
Missing character: There is no s in font nullfont!
Missing character: There is no i in font nullfont!
Missing character: There is no s in font nullfont!
Missing character: There is no d in font nullfont!
Missing character: There is no e in font nullfont!
Missing character: There is no s in font nullfont!
Missing character: There is no C in font nullfont!
Missing character: There is no N in font nullfont!
Missing character: There is no C in font nullfont!
Missing character: There is no - in font nullfont!
Missing character: There is no T in font nullfont!
Missing character: There is no i in font nullfont!
Missing character: There is no s in font nullfont!
Missing character: There is no c in font nullfont!
Missing character: There is no h in font nullfont!
Missing character: There is no s in font nullfont!
Missing character: There is no i in font nullfont!
Missing character: There is no s in font nullfont!
Missing character: There is no t in font nullfont!
Missing character: There is no n in font nullfont!
Missing character: There is no a in font nullfont!
Missing character: There is no c in font nullfont!
Missing character: There is no h in font nullfont!
Missing character: There is no d in font nullfont!
Missing character: There is no e in font nullfont!
Missing character: There is no r in font nullfont!
Missing character: There is no A in font nullfont!
Missing character: There is no l in font nullfont!
Missing character: There is no l in font nullfont!
Missing character: There is no g in font nullfont!
Missing character: There is no e in font nullfont!
Missing character: There is no m in font nullfont!
Missing character: There is no e in font nullfont!
Missing character: There is no i in font nullfont!
Missing character: There is no n in font nullfont!
Missing character: There is no e in font nullfont!
Missing character: There is no n in font nullfont!
Missing character: There is no I in font nullfont!
Missing character: There is no n in font nullfont!
Missing character: There is no b in font nullfont!
Missing character: There is no e in font nullfont!
Missing character: There is no t in font nullfont!
Missing character: There is no r in font nullfont!
Missing character: There is no i in font nullfont!
Missing character: There is no e in font nullfont!
Missing character: There is no b in font nullfont!

Overfull \hbox (20.0pt too wide) in paragraph at lines 30--31
[]
 []

! Undefined control sequence.
l.32 \chapter
             {Einleitung}
The control sequence at the end of the top line
of your error message was never \def'ed. If you have
misspelled it (e.g., `\hobx'), type `I' and the correct
spelling (e.g., `I\hbox'). Otherwise just continue,
and I'll forget about whatever was undefined.


! LaTeX Error: Missing \begin{document}.

See the LaTeX manual or LaTeX Companion for explanation.
Type  H <return>  for immediate help.
 ...                                              
                                                  
l.32 \chapter{E
               inleitung}
You're in trouble here.  Try typing  <return>  to proceed.
If that doesn't work, type  X <return>  to quit.

Missing character: There is no E in font nullfont!
Missing character: There is no i in font nullfont!
Missing character: There is no n in font nullfont!
Missing character: There is no l in font nullfont!
Missing character: There is no e in font nullfont!
Missing character: There is no i in font nullfont!
Missing character: There is no t in font nullfont!
Missing character: There is no u in font nullfont!
Missing character: There is no n in font nullfont!
Missing character: There is no g in font nullfont!
Missing character: There is no V in font nullfont!
Missing character: There is no i in font nullfont!
Missing character: There is no e in font nullfont!
Missing character: There is no l in font nullfont!
Missing character: There is no e in font nullfont!
Missing character: There is no n in font nullfont!
Missing character: There is no D in font nullfont!
Missing character: There is no a in font nullfont!
Missing character: There is no n in font nullfont!
Missing character: There is no k in font nullfont!
Missing character: There is no , in font nullfont!
Missing character: There is no d in font nullfont!
Missing character: There is no a in font nullfont!
Missing character: There is no s in font nullfont!
Missing character: There is no s in font nullfont!
Missing character: There is no S in font nullfont!
Missing character: There is no i in font nullfont!
Missing character: There is no e in font nullfont!
Missing character: There is no s in font nullfont!
Missing character: There is no i in font nullfont!
Missing character: There is no c in font nullfont!
Missing character: There is no h in font nullfont!
Missing character: There is no f in font nullfont!
Missing character: There is no r in font nullfont!
Missing character: There is no d in font nullfont!
Missing character: There is no e in font nullfont!
Missing character: There is no n in font nullfont!
Missing character: There is no M in font nullfont!
Missing character: There is no a in font nullfont!
Missing character: There is no g in font nullfont!
Missing character: There is no i in font nullfont!
Missing character: There is no c in font nullfont!
Missing character: There is no F in font nullfont!
Missing character: There is no a in font nullfont!
Missing character: There is no u in font nullfont!
Missing character: There is no c in font nullfont!
Missing character: There is no e in font nullfont!
Missing character: There is no t in font nullfont!
Missing character: There is no F in font nullfont!
Missing character: There is no o in font nullfont!
Missing character: There is no u in font nullfont!
Missing character: There is no n in font nullfont!
Missing character: There is no t in font nullfont!
Missing character: There is no a in font nullfont!
Missing character: There is no i in font nullfont!
Missing character: There is no n in font nullfont!
Missing character: There is no e in font nullfont!
Missing character: There is no n in font nullfont!
Missing character: There is no t in font nullfont!
Missing character: There is no s in font nullfont!
Missing character: There is no c in font nullfont!
Missing character: There is no h in font nullfont!
Missing character: There is no i in font nullfont!
Missing character: There is no e in font nullfont!
Missing character: There is no d in font nullfont!
Missing character: There is no e in font nullfont!
Missing character: There is no n in font nullfont!
Missing character: There is no h in font nullfont!
Missing character: There is no a in font nullfont!
Missing character: There is no b in font nullfont!
Missing character: There is no e in font nullfont!
Missing character: There is no n in font nullfont!
Missing character: There is no . in font nullfont!

Overfull \hbox (20.0pt too wide) in paragraph at lines 32--34
[]
 []


Overfull \hbox (5.55557pt too wide) in paragraph at lines 32--34
\/cmr/m/n/10 ^^?u
 []


! LaTeX Error: Missing \begin{document}.

See the LaTeX manual or LaTeX Companion for explanation.
Type  H <return>  for immediate help.
 ...                                              
                                                  
l.35 D
      iese Montageanleitung begleitet Sie Schritt für Schritt bei der Inbet...

You're in trouble here.  Try typing  <return>  to proceed.
If that doesn't work, type  X <return>  to quit.

Missing character: There is no D in font nullfont!
Missing character: There is no i in font nullfont!
Missing character: There is no e in font nullfont!
Missing character: There is no s in font nullfont!
Missing character: There is no e in font nullfont!
Missing character: There is no M in font nullfont!
Missing character: There is no o in font nullfont!
Missing character: There is no n in font nullfont!
Missing character: There is no t in font nullfont!
Missing character: There is no a in font nullfont!
Missing character: There is no g in font nullfont!
Missing character: There is no e in font nullfont!
Missing character: There is no a in font nullfont!
Missing character: There is no n in font nullfont!
Missing character: There is no l in font nullfont!
Missing character: There is no e in font nullfont!
Missing character: There is no i in font nullfont!
Missing character: There is no t in font nullfont!
Missing character: There is no u in font nullfont!
Missing character: There is no n in font nullfont!
Missing character: There is no g in font nullfont!
Missing character: There is no b in font nullfont!
Missing character: There is no e in font nullfont!
Missing character: There is no g in font nullfont!
Missing character: There is no l in font nullfont!
Missing character: There is no e in font nullfont!
Missing character: There is no i in font nullfont!
Missing character: There is no t in font nullfont!
Missing character: There is no e in font nullfont!
Missing character: There is no t in font nullfont!
Missing character: There is no S in font nullfont!
Missing character: There is no i in font nullfont!
Missing character: There is no e in font nullfont!
Missing character: There is no S in font nullfont!
Missing character: There is no c in font nullfont!
Missing character: There is no h in font nullfont!
Missing character: There is no r in font nullfont!
Missing character: There is no i in font nullfont!
Missing character: There is no t in font nullfont!
Missing character: There is no t in font nullfont!
Missing character: There is no f in font nullfont!
Missing character: There is no r in font nullfont!
Missing character: There is no S in font nullfont!
Missing character: There is no c in font nullfont!
Missing character: There is no h in font nullfont!
Missing character: There is no r in font nullfont!
Missing character: There is no i in font nullfont!
Missing character: There is no t in font nullfont!
Missing character: There is no t in font nullfont!
Missing character: There is no b in font nullfont!
Missing character: There is no e in font nullfont!
Missing character: There is no i in font nullfont!
Missing character: There is no d in font nullfont!
Missing character: There is no e in font nullfont!
Missing character: There is no r in font nullfont!
Missing character: There is no I in font nullfont!
Missing character: There is no n in font nullfont!
Missing character: There is no b in font nullfont!
Missing character: There is no e in font nullfont!
Missing character: There is no t in font nullfont!
Missing character: There is no r in font nullfont!
Missing character: There is no i in font nullfont!
Missing character: There is no e in font nullfont!
Missing character: There is no b in font nullfont!
Missing character: There is no n in font nullfont!
Missing character: There is no a in font nullfont!
Missing character: There is no h in font nullfont!
Missing character: There is no m in font nullfont!
Missing character: There is no e in font nullfont!
Missing character: There is no d in font nullfont!
Missing character: There is no e in font nullfont!
Missing character: There is no s in font nullfont!
Missing character: There is no g in font nullfont!
Missing character: There is no e in font nullfont!
Missing character: There is no l in font nullfont!
Missing character: There is no i in font nullfont!
Missing character: There is no e in font nullfont!
Missing character: There is no f in font nullfont!
Missing character: There is no e in font nullfont!
Missing character: There is no r in font nullfont!
Missing character: There is no t in font nullfont!
Missing character: There is no e in font nullfont!
Missing character: There is no n in font nullfont!
Missing character: There is no S in font nullfont!
Missing character: There is no y in font nullfont!
Missing character: There is no s in font nullfont!
Missing character: There is no t in font nullfont!
Missing character: There is no e in font nullfont!
Missing character: There is no m in font nullfont!
Missing character: There is no s in font nullfont!
Missing character: There is no . in font nullfont!
Missing character: There is no D in font nullfont!
Missing character: There is no i in font nullfont!
Missing character: There is no e in font nullfont!
Missing character: There is no B in font nullfont!
Missing character: There is no a in font nullfont!
Missing character: There is no u in font nullfont!
Missing character: There is no g in font nullfont!
Missing character: There is no r in font nullfont!
Missing character: There is no u in font nullfont!
Missing character: There is no p in font nullfont!
Missing character: There is no p in font nullfont!
Missing character: There is no e in font nullfont!
Missing character: There is no w in font nullfont!
Missing character: There is no i in font nullfont!
Missing character: There is no r in font nullfont!
Missing character: There is no d in font nullfont!
Missing character: There is no v in font nullfont!
Missing character: There is no o in font nullfont!
Missing character: There is no r in font nullfont!
Missing character: There is no m in font nullfont!
Missing character: There is no o in font nullfont!
Missing character: There is no n in font nullfont!
Missing character: There is no t in font nullfont!
Missing character: There is no i in font nullfont!
Missing character: There is no e in font nullfont!
Missing character: There is no r in font nullfont!
Missing character: There is no t in font nullfont!
Missing character: There is no g in font nullfont!
Missing character: There is no e in font nullfont!
Missing character: There is no l in font nullfont!
Missing character: There is no i in font nullfont!
Missing character: There is no e in font nullfont!
Missing character: There is no f in font nullfont!
Missing character: There is no e in font nullfont!
Missing character: There is no r in font nullfont!
Missing character: There is no t in font nullfont!
Missing character: There is no , in font nullfont!
Missing character: There is no d in font nullfont!
Missing character: There is no a in font nullfont!
Missing character: There is no s in font nullfont!
Missing character: There is no h in font nullfont!
Missing character: There is no e in font nullfont!
Missing character: There is no i in font nullfont!
Missing character: There is no t in font nullfont!
Missing character: There is no a in font nullfont!
Missing character: There is no l in font nullfont!
Missing character: There is no l in font nullfont!
Missing character: There is no e in font nullfont!
Missing character: There is no e in font nullfont!
Missing character: There is no l in font nullfont!
Missing character: There is no e in font nullfont!
Missing character: There is no k in font nullfont!
Missing character: There is no t in font nullfont!
Missing character: There is no r in font nullfont!
Missing character: There is no o in font nullfont!
Missing character: There is no n in font nullfont!
Missing character: There is no i in font nullfont!
Missing character: There is no s in font nullfont!
Missing character: There is no c in font nullfont!
Missing character: There is no h in font nullfont!
Missing character: There is no e in font nullfont!
Missing character: There is no n in font nullfont!
Missing character: There is no K in font nullfont!
Missing character: There is no o in font nullfont!
Missing character: There is no m in font nullfont!
Missing character: There is no p in font nullfont!
Missing character: There is no o in font nullfont!
Missing character: There is no n in font nullfont!
Missing character: There is no e in font nullfont!
Missing character: There is no n in font nullfont!
Missing character: There is no t in font nullfont!
Missing character: There is no e in font nullfont!
Missing character: There is no n in font nullfont!
Missing character: There is no , in font nullfont!
Missing character: There is no i in font nullfont!
Missing character: There is no n in font nullfont!
Missing character: There is no k in font nullfont!
Missing character: There is no l in font nullfont!
Missing character: There is no u in font nullfont!
Missing character: There is no s in font nullfont!
Missing character: There is no i in font nullfont!
Missing character: There is no v in font nullfont!
Missing character: There is no e in font nullfont!
Missing character: There is no d in font nullfont!
Missing character: There is no e in font nullfont!
Missing character: There is no s in font nullfont!
Missing character: There is no S in font nullfont!
Missing character: There is no e in font nullfont!
Missing character: There is no n in font nullfont!
Missing character: There is no s in font nullfont!
Missing character: There is no o in font nullfont!
Missing character: There is no r in font nullfont!
Missing character: There is no s in font nullfont!
Missing character: There is no , in font nullfont!
Missing character: There is no b in font nullfont!
Missing character: There is no e in font nullfont!
Missing character: There is no f in font nullfont!
Missing character: There is no i in font nullfont!
Missing character: There is no n in font nullfont!
Missing character: There is no d in font nullfont!
Missing character: There is no e in font nullfont!
Missing character: There is no n in font nullfont!
Missing character: There is no s in font nullfont!
Missing character: There is no i in font nullfont!
Missing character: There is no c in font nullfont!
Missing character: There is no h in font nullfont!
Missing character: There is no b in font nullfont!
Missing character: There is no e in font nullfont!
Missing character: There is no r in font nullfont!
Missing character: There is no e in font nullfont!
Missing character: There is no i in font nullfont!
Missing character: There is no t in font nullfont!
Missing character: There is no s in font nullfont!
Missing character: There is no i in font nullfont!
Missing character: There is no m in font nullfont!
Missing character: There is no m in font nullfont!
Missing character: There is no o in font nullfont!
Missing character: There is no n in font nullfont!
Missing character: There is no t in font nullfont!
Missing character: There is no i in font nullfont!
Missing character: There is no e in font nullfont!
Missing character: There is no r in font nullfont!
Missing character: There is no t in font nullfont!
Missing character: There is no e in font nullfont!
Missing character: There is no n in font nullfont!
Missing character: There is no Z in font nullfont!
Missing character: There is no u in font nullfont!
Missing character: There is no s in font nullfont!
Missing character: There is no t in font nullfont!
Missing character: There is no a in font nullfont!
Missing character: There is no n in font nullfont!
Missing character: There is no d in font nullfont!
Missing character: There is no i in font nullfont!
Missing character: There is no m in font nullfont!
Missing character: There is no D in font nullfont!
Missing character: There is no e in font nullfont!
Missing character: There is no c in font nullfont!
Missing character: There is no k in font nullfont!
Missing character: There is no e in font nullfont!
Missing character: There is no l in font nullfont!
Missing character: There is no o in font nullfont!
Missing character: There is no d in font nullfont!
Missing character: There is no e in font nullfont!
Missing character: There is no r in font nullfont!
Missing character: There is no i in font nullfont!
Missing character: There is no m in font nullfont!
Missing character: There is no e in font nullfont!
Missing character: There is no l in font nullfont!
Missing character: There is no e in font nullfont!
Missing character: There is no k in font nullfont!
Missing character: There is no t in font nullfont!
Missing character: There is no r in font nullfont!
Missing character: There is no i in font nullfont!
Missing character: There is no s in font nullfont!
Missing character: There is no c in font nullfont!
Missing character: There is no h in font nullfont!
Missing character: There is no e in font nullfont!
Missing character: There is no n in font nullfont!
Missing character: There is no G in font nullfont!
Missing character: There is no e in font nullfont!
Missing character: There is no h in font nullfont!
Missing character: There is no u in font nullfont!
Missing character: There is no s in font nullfont!
Missing character: There is no e in font nullfont!
Missing character: There is no . in font nullfont!
Missing character: There is no I in font nullfont!
Missing character: There is no h in font nullfont!
Missing character: There is no r in font nullfont!
Missing character: There is no e in font nullfont!
Missing character: There is no A in font nullfont!
Missing character: There is no u in font nullfont!
Missing character: There is no f in font nullfont!
Missing character: There is no g in font nullfont!
Missing character: There is no a in font nullfont!
Missing character: There is no b in font nullfont!
Missing character: There is no e in font nullfont!
Missing character: There is no b in font nullfont!
Missing character: There is no e in font nullfont!
Missing character: There is no s in font nullfont!
Missing character: There is no t in font nullfont!
Missing character: There is no e in font nullfont!
Missing character: There is no h in font nullfont!
Missing character: There is no t in font nullfont!
Missing character: There is no l in font nullfont!
Missing character: There is no e in font nullfont!
Missing character: There is no d in font nullfont!
Missing character: There is no i in font nullfont!
Missing character: There is no g in font nullfont!
Missing character: There is no l in font nullfont!
Missing character: There is no i in font nullfont!
Missing character: There is no c in font nullfont!
Missing character: There is no h in font nullfont!
Missing character: There is no d in font nullfont!
Missing character: There is no a in font nullfont!
Missing character: There is no r in font nullfont!
Missing character: There is no i in font nullfont!
Missing character: There is no n in font nullfont!
Missing character: There is no , in font nullfont!
Missing character: There is no d in font nullfont!
Missing character: There is no a in font nullfont!
Missing character: There is no s in font nullfont!
Missing character: There is no S in font nullfont!
Missing character: There is no y in font nullfont!
Missing character: There is no s in font nullfont!
Missing character: There is no t in font nullfont!
Missing character: There is no e in font nullfont!
Missing character: There is no m in font nullfont!
Missing character: There is no m in font nullfont!
Missing character: There is no e in font nullfont!
Missing character: There is no c in font nullfont!
Missing character: There is no h in font nullfont!
Missing character: There is no a in font nullfont!
Missing character: There is no n in font nullfont!
Missing character: There is no i in font nullfont!
Missing character: There is no s in font nullfont!
Missing character: There is no c in font nullfont!
Missing character: There is no h in font nullfont!
Missing character: There is no z in font nullfont!
Missing character: There is no u in font nullfont!
Missing character: There is no s in font nullfont!
Missing character: There is no a in font nullfont!
Missing character: There is no m in font nullfont!
Missing character: There is no m in font nullfont!
Missing character: There is no e in font nullfont!
Missing character: There is no n in font nullfont!
Missing character: There is no z in font nullfont!
Missing character: There is no u in font nullfont!
Missing character: There is no s in font nullfont!
Missing character: There is no e in font nullfont!
Missing character: There is no t in font nullfont!
Missing character: There is no z in font nullfont!
Missing character: There is no e in font nullfont!
Missing character: There is no n in font nullfont!
Missing character: There is no u in font nullfont!
Missing character: There is no n in font nullfont!
Missing character: There is no d in font nullfont!
Missing character: There is no k in font nullfont!
Missing character: There is no o in font nullfont!
Missing character: There is no r in font nullfont!
Missing character: There is no r in font nullfont!
Missing character: There is no e in font nullfont!
Missing character: There is no k in font nullfont!
Missing character: There is no t in font nullfont!
Missing character: There is no a in font nullfont!
Missing character: There is no n in font nullfont!
Missing character: There is no z in font nullfont!
Missing character: There is no u in font nullfont!
Missing character: There is no s in font nullfont!
Missing character: There is no c in font nullfont!
Missing character: There is no h in font nullfont!
Missing character: There is no l in font nullfont!
Missing character: There is no i in font nullfont!
Missing character: There is no e in font nullfont!
Missing character: There is no e in font nullfont!
Missing character: There is no n in font nullfont!
Missing character: There is no . in font nullfont!

Overfull \hbox (20.0pt too wide) in paragraph at lines 35--36
[]
 []


Overfull \hbox (5.55557pt too wide) in paragraph at lines 35--36
\/cmr/m/n/10 ^^?u
 []


Overfull \hbox (5.00002pt too wide) in paragraph at lines 35--36
\/cmr/m/n/10 ^^Y
 []


Overfull \hbox (5.00002pt too wide) in paragraph at lines 35--36
\/cmr/m/n/10 ^^?a
 []


Overfull \hbox (5.00002pt too wide) in paragraph at lines 35--36
\/cmr/m/n/10 ^^Y 
 []


! LaTeX Error: Missing \begin{document}.

See the LaTeX manual or LaTeX Companion for explanation.
Type  H <return>  for immediate help.
 ...                                              
                                                  
l.37 F
      ür die Montage sind keine speziellen Fachkenntnisse erforderlich. Gru...

You're in trouble here.  Try typing  <return>  to proceed.
If that doesn't work, type  X <return>  to quit.

Missing character: There is no F in font nullfont!
Missing character: There is no r in font nullfont!
Missing character: There is no d in font nullfont!
Missing character: There is no i in font nullfont!
Missing character: There is no e in font nullfont!
Missing character: There is no M in font nullfont!
Missing character: There is no o in font nullfont!
Missing character: There is no n in font nullfont!
Missing character: There is no t in font nullfont!
Missing character: There is no a in font nullfont!
Missing character: There is no g in font nullfont!
Missing character: There is no e in font nullfont!
Missing character: There is no s in font nullfont!
Missing character: There is no i in font nullfont!
Missing character: There is no n in font nullfont!
Missing character: There is no d in font nullfont!
Missing character: There is no k in font nullfont!
Missing character: There is no e in font nullfont!
Missing character: There is no i in font nullfont!
Missing character: There is no n in font nullfont!
Missing character: There is no e in font nullfont!
Missing character: There is no s in font nullfont!
Missing character: There is no p in font nullfont!
Missing character: There is no e in font nullfont!
Missing character: There is no z in font nullfont!
Missing character: There is no i in font nullfont!
Missing character: There is no e in font nullfont!
Missing character: There is no l in font nullfont!
Missing character: There is no l in font nullfont!
Missing character: There is no e in font nullfont!
Missing character: There is no n in font nullfont!
Missing character: There is no F in font nullfont!
Missing character: There is no a in font nullfont!
Missing character: There is no c in font nullfont!
Missing character: There is no h in font nullfont!
Missing character: There is no k in font nullfont!
Missing character: There is no e in font nullfont!
Missing character: There is no n in font nullfont!
Missing character: There is no n in font nullfont!
Missing character: There is no t in font nullfont!
Missing character: There is no n in font nullfont!
Missing character: There is no i in font nullfont!
Missing character: There is no s in font nullfont!
Missing character: There is no s in font nullfont!
Missing character: There is no e in font nullfont!
Missing character: There is no e in font nullfont!
Missing character: There is no r in font nullfont!
Missing character: There is no f in font nullfont!
Missing character: There is no o in font nullfont!
Missing character: There is no r in font nullfont!
Missing character: There is no d in font nullfont!
Missing character: There is no e in font nullfont!
Missing character: There is no r in font nullfont!
Missing character: There is no l in font nullfont!
Missing character: There is no i in font nullfont!
Missing character: There is no c in font nullfont!
Missing character: There is no h in font nullfont!
Missing character: There is no . in font nullfont!
Missing character: There is no G in font nullfont!
Missing character: There is no r in font nullfont!
Missing character: There is no u in font nullfont!
Missing character: There is no n in font nullfont!
Missing character: There is no d in font nullfont!
Missing character: There is no l in font nullfont!
Missing character: There is no e in font nullfont!
Missing character: There is no g in font nullfont!
Missing character: There is no e in font nullfont!
Missing character: There is no n in font nullfont!
Missing character: There is no d in font nullfont!
Missing character: There is no e in font nullfont!
Missing character: There is no h in font nullfont!
Missing character: There is no a in font nullfont!
Missing character: There is no n in font nullfont!
Missing character: There is no d in font nullfont!
Missing character: There is no w in font nullfont!
Missing character: There is no e in font nullfont!
Missing character: There is no r in font nullfont!
Missing character: There is no k in font nullfont!
Missing character: There is no l in font nullfont!
Missing character: There is no i in font nullfont!
Missing character: There is no c in font nullfont!
Missing character: There is no h in font nullfont!
Missing character: There is no e in font nullfont!
Missing character: There is no F in font nullfont!
Missing character: There is no h in font nullfont!
Missing character: There is no i in font nullfont!
Missing character: There is no g in font nullfont!
Missing character: There is no k in font nullfont!
Missing character: There is no e in font nullfont!
Missing character: There is no i in font nullfont!
Missing character: There is no t in font nullfont!
Missing character: There is no e in font nullfont!
Missing character: There is no n in font nullfont!
Missing character: There is no s in font nullfont!
Missing character: There is no i in font nullfont!
Missing character: There is no n in font nullfont!
Missing character: There is no d in font nullfont!
Missing character: There is no j in font nullfont!
Missing character: There is no e in font nullfont!
Missing character: There is no d in font nullfont!
Missing character: There is no o in font nullfont!
Missing character: There is no c in font nullfont!
Missing character: There is no h in font nullfont!
Missing character: There is no v in font nullfont!
Missing character: There is no o in font nullfont!
Missing character: There is no n in font nullfont!
Missing character: There is no V in font nullfont!
Missing character: There is no o in font nullfont!
Missing character: There is no r in font nullfont!
Missing character: There is no t in font nullfont!
Missing character: There is no e in font nullfont!
Missing character: There is no i in font nullfont!
Missing character: There is no l in font nullfont!
Missing character: There is no . in font nullfont!
Missing character: There is no D in font nullfont!
Missing character: There is no i in font nullfont!
Missing character: There is no e in font nullfont!
Missing character: There is no M in font nullfont!
Missing character: There is no o in font nullfont!
Missing character: There is no n in font nullfont!
Missing character: There is no t in font nullfont!
Missing character: There is no a in font nullfont!
Missing character: There is no g in font nullfont!
Missing character: There is no e in font nullfont!
Missing character: There is no i in font nullfont!
Missing character: There is no s in font nullfont!
Missing character: There is no t in font nullfont!
Missing character: There is no e in font nullfont!
Missing character: There is no i in font nullfont!
Missing character: There is no n in font nullfont!
Missing character: There is no f in font nullfont!
Missing character: There is no a in font nullfont!
Missing character: There is no c in font nullfont!
Missing character: There is no h in font nullfont!
Missing character: There is no d in font nullfont!
Missing character: There is no u in font nullfont!
Missing character: There is no r in font nullfont!
Missing character: There is no c in font nullfont!
Missing character: There is no h in font nullfont!
Missing character: There is no z in font nullfont!
Missing character: There is no u in font nullfont!
Missing character: There is no f in font nullfont!
Missing character: There is no h in font nullfont!
Missing character: There is no r in font nullfont!
Missing character: There is no e in font nullfont!
Missing character: There is no n in font nullfont!
Missing character: There is no u in font nullfont!
Missing character: There is no n in font nullfont!
Missing character: There is no d in font nullfont!
Missing character: There is no e in font nullfont!
Missing character: There is no r in font nullfont!
Missing character: There is no f in font nullfont!
Missing character: There is no o in font nullfont!
Missing character: There is no r in font nullfont!
Missing character: There is no d in font nullfont!
Missing character: There is no e in font nullfont!
Missing character: There is no r in font nullfont!
Missing character: There is no t in font nullfont!
Missing character: There is no n in font nullfont!
Missing character: There is no u in font nullfont!
Missing character: There is no r in font nullfont!
Missing character: There is no w in font nullfont!
Missing character: There is no e in font nullfont!
Missing character: There is no n in font nullfont!
Missing character: There is no i in font nullfont!
Missing character: There is no g in font nullfont!
Missing character: There is no e in font nullfont!
Missing character: There is no H in font nullfont!
Missing character: There is no a in font nullfont!
Missing character: There is no n in font nullfont!
Missing character: There is no d in font nullfont!
Missing character: There is no g in font nullfont!
Missing character: There is no r in font nullfont!
Missing character: There is no i in font nullfont!
Missing character: There is no f in font nullfont!
Missing character: There is no f in font nullfont!
Missing character: There is no e in font nullfont!
Missing character: There is no . in font nullfont!
Missing character: There is no B in font nullfont!
Missing character: There is no i in font nullfont!
Missing character: There is no t in font nullfont!
Missing character: There is no t in font nullfont!
Missing character: There is no e in font nullfont!
Missing character: There is no l in font nullfont!
Missing character: There is no e in font nullfont!
Missing character: There is no s in font nullfont!
Missing character: There is no e in font nullfont!
Missing character: There is no n in font nullfont!
Missing character: There is no S in font nullfont!
Missing character: There is no i in font nullfont!
Missing character: There is no e in font nullfont!
Missing character: There is no d in font nullfont!
Missing character: There is no i in font nullfont!
Missing character: There is no e in font nullfont!
Missing character: There is no B in font nullfont!
Missing character: There is no e in font nullfont!
Missing character: There is no t in font nullfont!
Missing character: There is no r in font nullfont!
Missing character: There is no i in font nullfont!
Missing character: There is no e in font nullfont!
Missing character: There is no b in font nullfont!
Missing character: There is no s in font nullfont!
Missing character: There is no a in font nullfont!
Missing character: There is no n in font nullfont!
Missing character: There is no l in font nullfont!
Missing character: There is no e in font nullfont!
Missing character: There is no i in font nullfont!
Missing character: There is no t in font nullfont!
Missing character: There is no u in font nullfont!
Missing character: There is no n in font nullfont!
Missing character: There is no g in font nullfont!
Missing character: There is no s in font nullfont!
Missing character: There is no o in font nullfont!
Missing character: There is no r in font nullfont!
Missing character: There is no g in font nullfont!
Missing character: There is no f in font nullfont!
Missing character: There is no l in font nullfont!
Missing character: There is no t in font nullfont!
Missing character: There is no i in font nullfont!
Missing character: There is no g in font nullfont!
Missing character: There is no d in font nullfont!
Missing character: There is no u in font nullfont!
Missing character: There is no r in font nullfont!
Missing character: There is no c in font nullfont!
Missing character: There is no h in font nullfont!
Missing character: There is no , in font nullfont!
Missing character: There is no b in font nullfont!
Missing character: There is no e in font nullfont!
Missing character: There is no v in font nullfont!
Missing character: There is no o in font nullfont!
Missing character: There is no r in font nullfont!
Missing character: There is no S in font nullfont!
Missing character: There is no i in font nullfont!
Missing character: There is no e in font nullfont!
Missing character: There is no m in font nullfont!
Missing character: There is no i in font nullfont!
Missing character: There is no t in font nullfont!
Missing character: There is no d in font nullfont!
Missing character: There is no e in font nullfont!
Missing character: There is no r in font nullfont!
Missing character: There is no I in font nullfont!
Missing character: There is no n in font nullfont!
Missing character: There is no s in font nullfont!
Missing character: There is no t in font nullfont!
Missing character: There is no a in font nullfont!
Missing character: There is no l in font nullfont!
Missing character: There is no l in font nullfont!
Missing character: There is no a in font nullfont!
Missing character: There is no t in font nullfont!
Missing character: There is no i in font nullfont!
Missing character: There is no o in font nullfont!
Missing character: There is no n in font nullfont!
Missing character: There is no b in font nullfont!
Missing character: There is no e in font nullfont!
Missing character: There is no g in font nullfont!
Missing character: There is no i in font nullfont!
Missing character: There is no n in font nullfont!
Missing character: There is no n in font nullfont!
Missing character: There is no e in font nullfont!
Missing character: There is no n in font nullfont!
Missing character: There is no . in font nullfont!

Overfull \hbox (25.55557pt too wide) in paragraph at lines 37--38
[]\/cmr/m/n/10 ^^?u
 []


Overfull \hbox (5.00002pt too wide) in paragraph at lines 37--38
\/cmr/m/n/10 ^^?a
 []


Overfull \hbox (5.55557pt too wide) in paragraph at lines 37--38
\/cmr/m/n/10 ^^?u
 []


Overfull \hbox (5.00002pt too wide) in paragraph at lines 37--38
\/cmr/m/n/10 ^^?a
 []


! LaTeX Error: Missing \begin{document}.

See the LaTeX manual or LaTeX Companion for explanation.
Type  H <return>  for immediate help.
 ...                                              
                                                  
l.41 \noindent
              \fbox{%
You're in trouble here.  Try typing  <return>  to proceed.
If that doesn't work, type  X <return>  to quit.

Missing character: There is no V in font nullfont!
Missing character: There is no e in font nullfont!
Missing character: There is no r in font nullfont!
Missing character: There is no w in font nullfont!
Missing character: There is no e in font nullfont!
Missing character: There is no n in font nullfont!
Missing character: There is no d in font nullfont!
Missing character: There is no e in font nullfont!
Missing character: There is no n in font nullfont!
Missing character: There is no S in font nullfont!
Missing character: There is no i in font nullfont!
Missing character: There is no e in font nullfont!
Missing character: There is no a in font nullfont!
Missing character: There is no u in font nullfont!
Missing character: There is no s in font nullfont!
Missing character: There is no s in font nullfont!
Missing character: There is no c in font nullfont!
Missing character: There is no h in font nullfont!
Missing character: There is no l in font nullfont!
Missing character: There is no i in font nullfont!
Missing character: There is no e in font nullfont!
Missing character: There is no l in font nullfont!
Missing character: There is no i in font nullfont!
Missing character: There is no c in font nullfont!
Missing character: There is no h in font nullfont!
Missing character: There is no u in font nullfont!
Missing character: There is no n in font nullfont!
Missing character: There is no b in font nullfont!
Missing character: There is no e in font nullfont!
Missing character: There is no s in font nullfont!
Missing character: There is no c in font nullfont!
Missing character: There is no h in font nullfont!
Missing character: There is no d in font nullfont!
Missing character: There is no i in font nullfont!
Missing character: There is no g in font nullfont!
Missing character: There is no t in font nullfont!
Missing character: There is no e in font nullfont!
Missing character: There is no K in font nullfont!
Missing character: There is no o in font nullfont!
Missing character: There is no m in font nullfont!
Missing character: There is no p in font nullfont!
Missing character: There is no o in font nullfont!
Missing character: There is no n in font nullfont!
Missing character: There is no e in font nullfont!
Missing character: There is no n in font nullfont!
Missing character: There is no t in font nullfont!
Missing character: There is no e in font nullfont!
Missing character: There is no n in font nullfont!
Missing character: There is no . in font nullfont!
Missing character: There is no S in font nullfont!
Missing character: There is no o in font nullfont!
Missing character: There is no l in font nullfont!
Missing character: There is no l in font nullfont!
Missing character: There is no t in font nullfont!
Missing character: There is no e in font nullfont!
Missing character: There is no n in font nullfont!
Missing character: There is no S in font nullfont!
Missing character: There is no i in font nullfont!
Missing character: There is no e in font nullfont!
Missing character: There is no T in font nullfont!
Missing character: There is no r in font nullfont!
Missing character: There is no a in font nullfont!
Missing character: There is no n in font nullfont!
Missing character: There is no s in font nullfont!
Missing character: There is no p in font nullfont!
Missing character: There is no o in font nullfont!
Missing character: There is no r in font nullfont!
Missing character: There is no t in font nullfont!
Missing character: There is no s in font nullfont!
Missing character: There is no c in font nullfont!
Missing character: There is no h in font nullfont!
Missing character: There is no d in font nullfont!
Missing character: There is no e in font nullfont!
Missing character: There is no n in font nullfont!
Missing character: There is no f in font nullfont!
Missing character: There is no e in font nullfont!
Missing character: There is no s in font nullfont!
Missing character: There is no t in font nullfont!
Missing character: There is no s in font nullfont!
Missing character: There is no t in font nullfont!
Missing character: There is no e in font nullfont!
Missing character: There is no l in font nullfont!
Missing character: There is no l in font nullfont!
Missing character: There is no e in font nullfont!
Missing character: There is no n in font nullfont!
Missing character: There is no , in font nullfont!
Missing character: There is no w in font nullfont!
Missing character: There is no e in font nullfont!
Missing character: There is no n in font nullfont!
Missing character: There is no d in font nullfont!
Missing character: There is no e in font nullfont!
Missing character: There is no n in font nullfont!
Missing character: There is no S in font nullfont!
Missing character: There is no i in font nullfont!
Missing character: There is no e in font nullfont!
Missing character: There is no s in font nullfont!
Missing character: There is no i in font nullfont!
Missing character: There is no c in font nullfont!
Missing character: There is no h in font nullfont!
Missing character: There is no b in font nullfont!
Missing character: There is no i in font nullfont!
Missing character: There is no t in font nullfont!
Missing character: There is no t in font nullfont!
Missing character: There is no e in font nullfont!
Missing character: There is no v in font nullfont!
Missing character: There is no o in font nullfont!
Missing character: There is no r in font nullfont!
Missing character: There is no d in font nullfont!
Missing character: There is no e in font nullfont!
Missing character: There is no m in font nullfont!
Missing character: There is no A in font nullfont!
Missing character: There is no u in font nullfont!
Missing character: There is no f in font nullfont!
Missing character: There is no b in font nullfont!
Missing character: There is no a in font nullfont!
Missing character: There is no u in font nullfont!
Missing character: There is no a in font nullfont!
Missing character: There is no n in font nullfont!
Missing character: There is no d in font nullfont!
Missing character: There is no e in font nullfont!
Missing character: There is no n in font nullfont!
Missing character: There is no K in font nullfont!
Missing character: There is no u in font nullfont!
Missing character: There is no n in font nullfont!
Missing character: There is no d in font nullfont!
Missing character: There is no e in font nullfont!
Missing character: There is no n in font nullfont!
Missing character: There is no d in font nullfont!
Missing character: There is no i in font nullfont!
Missing character: There is no e in font nullfont!
Missing character: There is no n in font nullfont!
Missing character: There is no s in font nullfont!
Missing character: There is no t in font nullfont!
Missing character: There is no . in font nullfont!
Missing character: There is no B in font nullfont!
Missing character: There is no i in font nullfont!
Missing character: There is no t in font nullfont!
Missing character: There is no t in font nullfont!
Missing character: There is no e in font nullfont!
Missing character: There is no l in font nullfont!
Missing character: There is no e in font nullfont!
Missing character: There is no s in font nullfont!
Missing character: There is no e in font nullfont!
Missing character: There is no n in font nullfont!
Missing character: There is no S in font nullfont!
Missing character: There is no i in font nullfont!
Missing character: There is no e in font nullfont!
Missing character: There is no v in font nullfont!
Missing character: There is no o in font nullfont!
Missing character: There is no r in font nullfont!
Missing character: There is no d in font nullfont!
Missing character: There is no e in font nullfont!
Missing character: There is no r in font nullfont!
Missing character: There is no M in font nullfont!
Missing character: There is no o in font nullfont!
Missing character: There is no n in font nullfont!
Missing character: There is no t in font nullfont!
Missing character: There is no a in font nullfont!
Missing character: There is no g in font nullfont!
Missing character: There is no e in font nullfont!
Missing character: There is no z in font nullfont!
Missing character: There is no u in font nullfont!
Missing character: There is no e in font nullfont!
Missing character: There is no r in font nullfont!
Missing character: There is no s in font nullfont!
Missing character: There is no t in font nullfont!
Missing character: There is no d in font nullfont!
Missing character: There is no a in font nullfont!
Missing character: There is no s in font nullfont!
Missing character: There is no H in font nullfont!
Missing character: There is no a in font nullfont!
Missing character: There is no n in font nullfont!
Missing character: There is no d in font nullfont!
Missing character: There is no b in font nullfont!
Missing character: There is no u in font nullfont!
Missing character: There is no c in font nullfont!
Missing character: There is no h in font nullfont!
Missing character: There is no d in font nullfont!
Missing character: There is no e in font nullfont!
Missing character: There is no s in font nullfont!
Missing character: There is no M in font nullfont!
Missing character: There is no a in font nullfont!
Missing character: There is no g in font nullfont!
Missing character: There is no i in font nullfont!
Missing character: There is no c in font nullfont!
Missing character: There is no F in font nullfont!
Missing character: There is no a in font nullfont!
Missing character: There is no u in font nullfont!
Missing character: There is no c in font nullfont!
Missing character: There is no e in font nullfont!
Missing character: There is no t in font nullfont!
Missing character: There is no F in font nullfont!
Missing character: There is no o in font nullfont!
Missing character: There is no u in font nullfont!
Missing character: There is no n in font nullfont!
Missing character: There is no t in font nullfont!
Missing character: There is no a in font nullfont!
Missing character: There is no i in font nullfont!
Missing character: There is no n in font nullfont!
Missing character: There is no s in font nullfont!
Missing character: There is no o in font nullfont!
Missing character: There is no r in font nullfont!
Missing character: There is no g in font nullfont!
Missing character: There is no f in font nullfont!
Missing character: There is no l in font nullfont!
Missing character: There is no t in font nullfont!
Missing character: There is no i in font nullfont!
Missing character: There is no g in font nullfont!
Missing character: There is no d in font nullfont!
Missing character: There is no u in font nullfont!
Missing character: There is no r in font nullfont!
Missing character: There is no c in font nullfont!
Missing character: There is no h in font nullfont!
Missing character: There is no . in font nullfont!

Overfull \hbox (8198.79997pt too wide) in paragraph at lines 41--46
[] 
 []

! Undefined control sequence.
l.49 \section
             {Bauteile}
The control sequence at the end of the top line
of your error message was never \def'ed. If you have
misspelled it (e.g., `\hobx'), type `I' and the correct
spelling (e.g., `I\hbox'). Otherwise just continue,
and I'll forget about whatever was undefined.


! LaTeX Error: Missing \begin{document}.

See the LaTeX manual or LaTeX Companion for explanation.
Type  H <return>  for immediate help.
 ...                                              
                                                  
l.49 \section{B
               auteile}
You're in trouble here.  Try typing  <return>  to proceed.
If that doesn't work, type  X <return>  to quit.

Missing character: There is no B in font nullfont!
Missing character: There is no a in font nullfont!
Missing character: There is no u in font nullfont!
Missing character: There is no t in font nullfont!
Missing character: There is no e in font nullfont!
Missing character: There is no i in font nullfont!
Missing character: There is no l in font nullfont!
Missing character: There is no e in font nullfont!

Overfull \hbox (20.0pt too wide) in paragraph at lines 49--50
[] 
 []


! LaTeX Error: Missing \begin{document}.

See the LaTeX manual or LaTeX Companion for explanation.
Type  H <return>  for immediate help.
 ...                                              
                                                  
l.51 I
      n Abbildung \ref{Bauteile} werden alle Bauteile gezeigt und in der Tab...

You're in trouble here.  Try typing  <return>  to proceed.
If that doesn't work, type  X <return>  to quit.

Missing character: There is no I in font nullfont!
Missing character: There is no n in font nullfont!
Missing character: There is no A in font nullfont!
Missing character: There is no b in font nullfont!
Missing character: There is no b in font nullfont!
Missing character: There is no i in font nullfont!
Missing character: There is no l in font nullfont!
Missing character: There is no d in font nullfont!
Missing character: There is no u in font nullfont!
Missing character: There is no n in font nullfont!
Missing character: There is no g in font nullfont!
! Undefined control sequence.
<write> ... Reference `Bauteile' on page \thepage 
                                                  \space undefined\on@line .
l.51 In Abbildung \ref{Bauteile}
                                 werden alle Bauteile gezeigt und in der Tab...
The control sequence at the end of the top line
of your error message was never \def'ed. If you have
misspelled it (e.g., `\hobx'), type `I' and the correct
spelling (e.g., `I\hbox'). Otherwise just continue,
and I'll forget about whatever was undefined.


LaTeX Warning: Reference `Bauteile' on page  undefined on input line 51.

Missing character: There is no w in font nullfont!
Missing character: There is no e in font nullfont!
Missing character: There is no r in font nullfont!
Missing character: There is no d in font nullfont!
Missing character: There is no e in font nullfont!
Missing character: There is no n in font nullfont!
Missing character: There is no a in font nullfont!
Missing character: There is no l in font nullfont!
Missing character: There is no l in font nullfont!
Missing character: There is no e in font nullfont!
Missing character: There is no B in font nullfont!
Missing character: There is no a in font nullfont!
Missing character: There is no u in font nullfont!
Missing character: There is no t in font nullfont!
Missing character: There is no e in font nullfont!
Missing character: There is no i in font nullfont!
Missing character: There is no l in font nullfont!
Missing character: There is no e in font nullfont!
Missing character: There is no g in font nullfont!
Missing character: There is no e in font nullfont!
Missing character: There is no z in font nullfont!
Missing character: There is no e in font nullfont!
Missing character: There is no i in font nullfont!
Missing character: There is no g in font nullfont!
Missing character: There is no t in font nullfont!
Missing character: There is no u in font nullfont!
Missing character: There is no n in font nullfont!
Missing character: There is no d in font nullfont!
Missing character: There is no i in font nullfont!
Missing character: There is no n in font nullfont!
Missing character: There is no d in font nullfont!
Missing character: There is no e in font nullfont!
Missing character: There is no r in font nullfont!
Missing character: There is no T in font nullfont!
Missing character: There is no a in font nullfont!
Missing character: There is no b in font nullfont!
Missing character: There is no e in font nullfont!
Missing character: There is no l in font nullfont!
Missing character: There is no l in font nullfont!
Missing character: There is no e in font nullfont!
! Undefined control sequence.
<write> ...g: Reference `BauTab' on page \thepage 
                                                  \space undefined\on@line .
l.51 ...le gezeigt und in der Tabelle \ref{BauTab}
                                                   benannt.
The control sequence at the end of the top line
of your error message was never \def'ed. If you have
misspelled it (e.g., `\hobx'), type `I' and the correct
spelling (e.g., `I\hbox'). Otherwise just continue,
and I'll forget about whatever was undefined.


LaTeX Warning: Reference `BauTab' on page  undefined on input line 51.

Missing character: There is no b in font nullfont!
Missing character: There is no e in font nullfont!
Missing character: There is no n in font nullfont!
Missing character: There is no a in font nullfont!
Missing character: There is no n in font nullfont!
Missing character: There is no n in font nullfont!
Missing character: There is no t in font nullfont!
Missing character: There is no . in font nullfont!

Overfull \hbox (20.0pt too wide) in paragraph at lines 51--52
[]
 []


Overfull \hbox (10.86105pt too wide) in paragraph at lines 51--52
[]
 []


Overfull \hbox (10.86105pt too wide) in paragraph at lines 51--52
[]
 []


! LaTeX Error: Environment figure undefined.

See the LaTeX manual or LaTeX Companion for explanation.
Type  H <return>  for immediate help.
 ...                                              
                                                  
l.53 \begin{figure}
                   [H]
Your command was ignored.
Type  I <command> <return>  to replace it with another command,
or  <return>  to continue without it.


! LaTeX Error: Missing \begin{document}.

See the LaTeX manual or LaTeX Companion for explanation.
Type  H <return>  for immediate help.
 ...                                              
                                                  
l.53 \begin{figure}[
                    H]
You're in trouble here.  Try typing  <return>  to proceed.
If that doesn't work, type  X <return>  to quit.

Missing character: There is no [ in font nullfont!
Missing character: There is no H in font nullfont!
Missing character: There is no ] in font nullfont!

Overfull \hbox (20.0pt too wide) in paragraph at lines 53--54
[] 
 []

! Undefined control sequence.
l.55 		\includegraphics
                       [width=\textwidth]{Images/BauTeile.jpg}
The control sequence at the end of the top line
of your error message was never \def'ed. If you have
misspelled it (e.g., `\hobx'), type `I' and the correct
spelling (e.g., `I\hbox'). Otherwise just continue,
and I'll forget about whatever was undefined.

Missing character: There is no [ in font nullfont!
Missing character: There is no w in font nullfont!
Missing character: There is no i in font nullfont!
Missing character: There is no d in font nullfont!
Missing character: There is no t in font nullfont!
Missing character: There is no h in font nullfont!
Missing character: There is no = in font nullfont!
! Missing number, treated as zero.
<to be read again> 
                   ]
l.55 		\includegraphics[width=\textwidth]
                                         {Images/BauTeile.jpg}
A number should have been here; I inserted `0'.
(If you can't figure out why I needed to see a number,
look up `weird error' in the index to The TeXbook.)

! Illegal unit of measure (pt inserted).
<to be read again> 
                   ]
l.55 		\includegraphics[width=\textwidth]
                                         {Images/BauTeile.jpg}
Dimensions can be in units of em, ex, in, pt, pc,
cm, mm, dd, cc, nd, nc, bp, or sp; but yours is a new one!
I'll assume that you meant to say pt, for printer's points.
To recover gracefully from this error, it's best to
delete the erroneous units; e.g., type `2' to delete
two letters. (See Chapter 27 of The TeXbook.)

Missing character: There is no ] in font nullfont!
Missing character: There is no I in font nullfont!
Missing character: There is no m in font nullfont!
Missing character: There is no a in font nullfont!
Missing character: There is no g in font nullfont!
Missing character: There is no e in font nullfont!
Missing character: There is no s in font nullfont!
Missing character: There is no / in font nullfont!
Missing character: There is no B in font nullfont!
Missing character: There is no a in font nullfont!
Missing character: There is no u in font nullfont!
Missing character: There is no T in font nullfont!
Missing character: There is no e in font nullfont!
Missing character: There is no i in font nullfont!
Missing character: There is no l in font nullfont!
Missing character: There is no e in font nullfont!
Missing character: There is no . in font nullfont!
Missing character: There is no j in font nullfont!
Missing character: There is no p in font nullfont!
Missing character: There is no g in font nullfont!

! LaTeX Error: \caption outside float.

See the LaTeX manual or LaTeX Companion for explanation.
Type  H <return>  for immediate help.
 ...                                              
                                                  
l.56 		\caption
               {Bauteile} \label{Bauteile}
You're in trouble here.  Try typing  <return>  to proceed.
If that doesn't work, type  X <return>  to quit.

Missing character: There is no B in font nullfont!
Missing character: There is no a in font nullfont!
Missing character: There is no u in font nullfont!
Missing character: There is no t in font nullfont!
Missing character: There is no e in font nullfont!
Missing character: There is no i in font nullfont!
Missing character: There is no l in font nullfont!
Missing character: There is no e in font nullfont!

! LaTeX Error: \begin{document} ended by \end{figure}.

See the LaTeX manual or LaTeX Companion for explanation.
Type  H <return>  for immediate help.
 ...                                              
                                                  
l.58 \end{figure}
                 
Your command was ignored.
Type  I <command> <return>  to replace it with another command,
or  <return>  to continue without it.


! LaTeX Error: Environment figure undefined.

See the LaTeX manual or LaTeX Companion for explanation.
Type  H <return>  for immediate help.
 ...                                              
                                                  
l.60 \begin{figure}
                   [htp]
Your command was ignored.
Type  I <command> <return>  to replace it with another command,
or  <return>  to continue without it.

Missing character: There is no [ in font nullfont!
Missing character: There is no h in font nullfont!
Missing character: There is no t in font nullfont!
Missing character: There is no p in font nullfont!
Missing character: There is no ] in font nullfont!

Overfull \hbox (20.0pt too wide) in paragraph at lines 60--61
[] 
 []


! LaTeX Error: Environment tabularx undefined.

See the LaTeX manual or LaTeX Companion for explanation.
Type  H <return>  for immediate help.
 ...                                              
                                                  
l.63 		\begin{tabularx}
                       {\textwidth}{|p{0.4cm}|X|X|X|X|X|}
Your command was ignored.
Type  I <command> <return>  to replace it with another command,
or  <return>  to continue without it.

! Missing number, treated as zero.
<to be read again> 
                   }
l.63 		\begin{tabularx}{\textwidth}
                                   {|p{0.4cm}|X|X|X|X|X|}
A number should have been here; I inserted `0'.
(If you can't figure out why I needed to see a number,
look up `weird error' in the index to The TeXbook.)

! Illegal unit of measure (pt inserted).
<to be read again> 
                   }
l.63 		\begin{tabularx}{\textwidth}
                                   {|p{0.4cm}|X|X|X|X|X|}
Dimensions can be in units of em, ex, in, pt, pc,
cm, mm, dd, cc, nd, nc, bp, or sp; but yours is a new one!
I'll assume that you meant to say pt, for printer's points.
To recover gracefully from this error, it's best to
delete the erroneous units; e.g., type `2' to delete
two letters. (See Chapter 27 of The TeXbook.)

! Misplaced \noalign.
\hline ->\noalign 
                  {\ifnum 0=`}\fi \hrule \@height \arrayrulewidth \futurelet...
l.64 			\hline
              
I expect to see \noalign only after the \cr of
an alignment. Proceed, and I'll ignore this case.


Overfull \hbox (117.77948pt too wide) in paragraph at lines 63--64
 \OT1/cmr/m/n/8 |p0.4cm|X|X|X|X|X| 
 []

! Misplaced alignment tab character &.
l.65 			\textbf{Pos.} &
                         \textbf{Benennung} \\ \hline
I can't figure out why you would want to use a tab mark
here. If you just want an ampersand, the remedy is
simple: Just type `I\&' now. But if some right brace
up above has ended a previous alignment prematurely,
you're probably due for more error messages, and you
might try typing `S' now just to see what is salvageable.


Overfull \hbox (17.89902pt too wide) in paragraph at lines 65--65
 []\OT1/cmr/bx/n/8 Pos. 
 []


Overfull \hbox (14.71123pt too wide) in paragraph at lines 65--65
 \OT1/cmr/bx/n/8 Be- 
 []


Overfull \hbox (18.64459pt too wide) in paragraph at lines 65--65
 \OT1/cmr/bx/n/8 nen- 
 []


Overfull \hbox (21.09738pt too wide) in paragraph at lines 65--65
 \OT1/cmr/bx/n/8 nung 
 []

! Misplaced \noalign.
\hline ->\noalign 
                  {\ifnum 0=`}\fi \hrule \@height \arrayrulewidth \futurelet...
l.65 ...xtbf{Pos.} &  \textbf{Benennung} \\ \hline
                                                  
I expect to see \noalign only after the \cr of
an alignment. Proceed, and I'll ignore this case.

! Misplaced alignment tab character &.
l.66 			1 &
            AluProfil   \\ \hline
I can't figure out why you would want to use a tab mark
here. If you just want an ampersand, the remedy is
simple: Just type `I\&' now. But if some right brace
up above has ended a previous alignment prematurely,
you're probably due for more error messages, and you
might try typing `S' now just to see what is salvageable.


Overfull \hbox (4.25006pt too wide) in paragraph at lines 66--66
 []\OT1/cmr/m/n/8 1 
 []


Overfull \hbox (29.62682pt too wide) in paragraph at lines 66--66
 \OT1/cmr/m/n/8 AluPro- 
 []


Overfull \hbox (7.08344pt too wide) in paragraph at lines 66--66
 \OT1/cmr/m/n/8 fil 
 []

! Misplaced \noalign.
\hline ->\noalign 
                  {\ifnum 0=`}\fi \hrule \@height \arrayrulewidth \futurelet...
l.66 			1 & AluProfil   \\ \hline
                                 
I expect to see \noalign only after the \cr of
an alignment. Proceed, and I'll ignore this case.

! Misplaced alignment tab character &.
l.67 			2 &
            Linieal   \\ \hline
I can't figure out why you would want to use a tab mark
here. If you just want an ampersand, the remedy is
simple: Just type `I\&' now. But if some right brace
up above has ended a previous alignment prematurely,
you're probably due for more error messages, and you
might try typing `S' now just to see what is salvageable.


Overfull \hbox (4.25006pt too wide) in paragraph at lines 67--67
 []\OT1/cmr/m/n/8 2 
 []


Overfull \hbox (15.22522pt too wide) in paragraph at lines 67--67
 \OT1/cmr/m/n/8 Lin- 
 []


Overfull \hbox (12.75018pt too wide) in paragraph at lines 67--67
 \OT1/cmr/m/n/8 ieal 
 []

! Misplaced \noalign.
\hline ->\noalign 
                  {\ifnum 0=`}\fi \hrule \@height \arrayrulewidth \futurelet...
l.67 			2 & Linieal   \\ \hline
                               
I expect to see \noalign only after the \cr of
an alignment. Proceed, and I'll ignore this case.

! Misplaced alignment tab character &.
l.68 			3 &
            Deckelplatte   \\ \hline
I can't figure out why you would want to use a tab mark
here. If you just want an ampersand, the remedy is
simple: Just type `I\&' now. But if some right brace
up above has ended a previous alignment prematurely,
you're probably due for more error messages, and you
might try typing `S' now just to see what is salvageable.


Overfull \hbox (4.25006pt too wide) in paragraph at lines 68--68
 []\OT1/cmr/m/n/8 3 
 []


Overfull \hbox (21.12808pt too wide) in paragraph at lines 68--68
 \OT1/cmr/m/n/8 Deck- 
 []


Overfull \hbox (27.86151pt too wide) in paragraph at lines 68--68
 \OT1/cmr/m/n/8 elplatte 
 []

! Misplaced \noalign.
\hline ->\noalign 
                  {\ifnum 0=`}\fi \hrule \@height \arrayrulewidth \futurelet...
l.68 			3 & Deckelplatte   \\ \hline
                                    
I expect to see \noalign only after the \cr of
an alignment. Proceed, and I'll ignore this case.

! Misplaced alignment tab character &.
l.69 			4 &
            Hinterplatte   \\ \hline
I can't figure out why you would want to use a tab mark
here. If you just want an ampersand, the remedy is
simple: Just type `I\&' now. But if some right brace
up above has ended a previous alignment prematurely,
you're probably due for more error messages, and you
might try typing `S' now just to see what is salvageable.


Overfull \hbox (4.25006pt too wide) in paragraph at lines 69--69
 []\OT1/cmr/m/n/8 4 
 []


Overfull \hbox (16.28357pt too wide) in paragraph at lines 69--69
 \OT1/cmr/m/n/8 Hin- 
 []


Overfull \hbox (13.22935pt too wide) in paragraph at lines 69--69
 \OT1/cmr/m/n/8 ter- 
 []


Overfull \hbox (21.72253pt too wide) in paragraph at lines 69--69
 \OT1/cmr/m/n/8 platte 
 []

! Misplaced \noalign.
\hline ->\noalign 
                  {\ifnum 0=`}\fi \hrule \@height \arrayrulewidth \futurelet...
l.69 			4 & Hinterplatte   \\ \hline
                                    
I expect to see \noalign only after the \cr of
an alignment. Proceed, and I'll ignore this case.

! Misplaced alignment tab character &.
l.70 			5 &
            Bodenplatte   \\ \hline
I can't figure out why you would want to use a tab mark
here. If you just want an ampersand, the remedy is
simple: Just type `I\&' now. But if some right brace
up above has ended a previous alignment prematurely,
you're probably due for more error messages, and you
might try typing `S' now just to see what is salvageable.


Overfull \hbox (4.25006pt too wide) in paragraph at lines 70--70
 []\OT1/cmr/m/n/8 5 
 []


Overfull \hbox (13.10019pt too wide) in paragraph at lines 70--70
 \OT1/cmr/m/n/8 Bo- 
 []


Overfull \hbox (16.05579pt too wide) in paragraph at lines 70--70
 \OT1/cmr/m/n/8 den- 
 []


Overfull \hbox (21.72253pt too wide) in paragraph at lines 70--70
 \OT1/cmr/m/n/8 platte 
 []

! Misplaced \noalign.
\hline ->\noalign 
                  {\ifnum 0=`}\fi \hrule \@height \arrayrulewidth \futurelet...
l.70 			5 & Bodenplatte   \\ \hline
                                   
I expect to see \noalign only after the \cr of
an alignment. Proceed, and I'll ignore this case.

! Misplaced alignment tab character &.
l.71 			6 &
            Seitenplatte Links \\ \hline
I can't figure out why you would want to use a tab mark
here. If you just want an ampersand, the remedy is
simple: Just type `I\&' now. But if some right brace
up above has ended a previous alignment prematurely,
you're probably due for more error messages, and you
might try typing `S' now just to see what is salvageable.


Overfull \hbox (4.25006pt too wide) in paragraph at lines 71--71
 []\OT1/cmr/m/n/8 6 
 []


Overfull \hbox (17.00024pt too wide) in paragraph at lines 71--71
 \OT1/cmr/m/n/8 Seit- 
 []


Overfull \hbox (11.3335pt too wide) in paragraph at lines 71--71
 \OT1/cmr/m/n/8 en- 
 []


Overfull \hbox (21.72253pt too wide) in paragraph at lines 71--71
 \OT1/cmr/m/n/8 platte 
 []


Overfull \hbox (20.23085pt too wide) in paragraph at lines 71--71
 \OT1/cmr/m/n/8 Links 
 []

! Misplaced \noalign.
\hline ->\noalign 
                  {\ifnum 0=`}\fi \hrule \@height \arrayrulewidth \futurelet...
l.71 			6 & Seitenplatte Links \\ \hline
                                        
I expect to see \noalign only after the \cr of
an alignment. Proceed, and I'll ignore this case.

! Misplaced alignment tab character &.
l.72 			7 &
            Seitenplatte Rechts  \\ \hline
I can't figure out why you would want to use a tab mark
here. If you just want an ampersand, the remedy is
simple: Just type `I\&' now. But if some right brace
up above has ended a previous alignment prematurely,
you're probably due for more error messages, and you
might try typing `S' now just to see what is salvageable.


Overfull \hbox (4.25006pt too wide) in paragraph at lines 72--72
 []\OT1/cmr/m/n/8 7 
 []


Overfull \hbox (17.00024pt too wide) in paragraph at lines 72--72
 \OT1/cmr/m/n/8 Seit- 
 []


Overfull \hbox (11.3335pt too wide) in paragraph at lines 72--72
 \OT1/cmr/m/n/8 en- 
 []


Overfull \hbox (21.72253pt too wide) in paragraph at lines 72--72
 \OT1/cmr/m/n/8 platte 
 []


Overfull \hbox (24.71703pt too wide) in paragraph at lines 72--72
 \OT1/cmr/m/n/8 Rechts 
 []

! Misplaced \noalign.
\hline ->\noalign 
                  {\ifnum 0=`}\fi \hrule \@height \arrayrulewidth \futurelet...
l.72 			7 & Seitenplatte Rechts  \\ \hline
                                          
I expect to see \noalign only after the \cr of
an alignment. Proceed, and I'll ignore this case.

! Misplaced alignment tab character &.
l.73 			8 &
            Vorderplatte  \\ \hline
I can't figure out why you would want to use a tab mark
here. If you just want an ampersand, the remedy is
simple: Just type `I\&' now. But if some right brace
up above has ended a previous alignment prematurely,
you're probably due for more error messages, and you
might try typing `S' now just to see what is salvageable.


Overfull \hbox (4.25006pt too wide) in paragraph at lines 73--73
 []\OT1/cmr/m/n/8 8 
 []


Overfull \hbox (27.86707pt too wide) in paragraph at lines 73--73
 \OT1/cmr/m/n/8 Vorder- 
 []


Overfull \hbox (21.72253pt too wide) in paragraph at lines 73--73
 \OT1/cmr/m/n/8 platte 
 []

! Misplaced \noalign.
\hline ->\noalign 
                  {\ifnum 0=`}\fi \hrule \@height \arrayrulewidth \futurelet...
l.73 			8 & Vorderplatte  \\ \hline
                                   
I expect to see \noalign only after the \cr of
an alignment. Proceed, and I'll ignore this case.

! Misplaced alignment tab character &.
l.74 			9 &
            Klipp  \\ \hline
I can't figure out why you would want to use a tab mark
here. If you just want an ampersand, the remedy is
simple: Just type `I\&' now. But if some right brace
up above has ended a previous alignment prematurely,
you're probably due for more error messages, and you
might try typing `S' now just to see what is salvageable.


Overfull \hbox (4.25006pt too wide) in paragraph at lines 74--74
 []\OT1/cmr/m/n/8 9 
 []


Overfull \hbox (20.76974pt too wide) in paragraph at lines 74--74
 \OT1/cmr/m/n/8 Klipp 
 []

! Misplaced \noalign.
\hline ->\noalign 
                  {\ifnum 0=`}\fi \hrule \@height \arrayrulewidth \futurelet...
l.74 			9 & Klipp  \\ \hline
                            
I expect to see \noalign only after the \cr of
an alignment. Proceed, and I'll ignore this case.

! Misplaced alignment tab character &.
l.75 			10 &
             Halter für AMS  \\ \hline
I can't figure out why you would want to use a tab mark
here. If you just want an ampersand, the remedy is
simple: Just type `I\&' now. But if some right brace
up above has ended a previous alignment prematurely,
you're probably due for more error messages, and you
might try typing `S' now just to see what is salvageable.


Overfull \hbox (8.50012pt too wide) in paragraph at lines 75--75
 []\OT1/cmr/m/n/8 10 
 []


Overfull \hbox (15.81134pt too wide) in paragraph at lines 75--75
 \OT1/cmr/m/n/8 Hal- 
 []


Overfull \hbox (10.39598pt too wide) in paragraph at lines 75--75
 \OT1/cmr/m/n/8 ter 
 []


Overfull \hbox (10.6321pt too wide) in paragraph at lines 75--75
 \OT1/cmr/m/n/8 f^^?ur 
 []


Overfull \hbox (18.8725pt too wide) in paragraph at lines 75--75
 \OT1/cmr/m/n/8 AMS 
 []

! Misplaced \noalign.
\hline ->\noalign 
                  {\ifnum 0=`}\fi \hrule \@height \arrayrulewidth \futurelet...
l.75 			10 & Halter für AMS  \\ \hline
                                       
I expect to see \noalign only after the \cr of
an alignment. Proceed, and I'll ignore this case.

! Misplaced alignment tab character &.
l.76 			11 &
             Drehknopf  \\ \hline
I can't figure out why you would want to use a tab mark
here. If you just want an ampersand, the remedy is
simple: Just type `I\&' now. But if some right brace
up above has ended a previous alignment prematurely,
you're probably due for more error messages, and you
might try typing `S' now just to see what is salvageable.


Overfull \hbox (8.50012pt too wide) in paragraph at lines 76--76
 []\OT1/cmr/m/n/8 11 
 []


Overfull \hbox (39.07973pt too wide) in paragraph at lines 76--76
 \OT1/cmr/m/n/8 Drehknopf 
 []

! Misplaced \noalign.
\hline ->\noalign 
                  {\ifnum 0=`}\fi \hrule \@height \arrayrulewidth \futurelet...
l.76 			11 & Drehknopf  \\ \hline
                                 
I expect to see \noalign only after the \cr of
an alignment. Proceed, and I'll ignore this case.

! Misplaced alignment tab character &.
l.77 			12 &
             Transportgriff  \\ \hline
I can't figure out why you would want to use a tab mark
here. If you just want an ampersand, the remedy is
simple: Just type `I\&' now. But if some right brace
up above has ended a previous alignment prematurely,
you're probably due for more error messages, and you
might try typing `S' now just to see what is salvageable.


Overfull \hbox (8.50012pt too wide) in paragraph at lines 77--77
 []\OT1/cmr/m/n/8 12 
 []


Overfull \hbox (23.90173pt too wide) in paragraph at lines 77--77
 \OT1/cmr/m/n/8 Trans- 
 []


Overfull \hbox (18.65999pt too wide) in paragraph at lines 77--77
 \OT1/cmr/m/n/8 port- 
 []


Overfull \hbox (14.88216pt too wide) in paragraph at lines 77--77
 \OT1/cmr/m/n/8 griff 
 []

! Misplaced \noalign.
\hline ->\noalign 
                  {\ifnum 0=`}\fi \hrule \@height \arrayrulewidth \futurelet...
l.77 			12 & Transportgriff  \\ \hline
                                      
I expect to see \noalign only after the \cr of
an alignment. Proceed, and I'll ignore this case.

! Misplaced alignment tab character &.
l.78 			13 &
             Riemenantriebsscheibe  \\ \hline
I can't figure out why you would want to use a tab mark
here. If you just want an ampersand, the remedy is
simple: Just type `I\&' now. But if some right brace
up above has ended a previous alignment prematurely,
you're probably due for more error messages, and you
might try typing `S' now just to see what is salvageable.


Overfull \hbox (8.50012pt too wide) in paragraph at lines 78--78
 []\OT1/cmr/m/n/8 13 
 []


Overfull \hbox (57.02443pt too wide) in paragraph at lines 78--78
 \OT1/cmr/m/n/8 Riemenantrieb- 
 []


Overfull \hbox (9.53903pt too wide) in paragraph at lines 78--78
 \OT1/cmr/m/n/8 ss- 
 []


Overfull \hbox (23.13922pt too wide) in paragraph at lines 78--78
 \OT1/cmr/m/n/8 cheibe 
 []

! Misplaced \noalign.
\hline ->\noalign 
                  {\ifnum 0=`}\fi \hrule \@height \arrayrulewidth \futurelet...
l.78 			13 & Riemenantriebsscheibe  \\ \hline
                                             
I expect to see \noalign only after the \cr of
an alignment. Proceed, and I'll ignore this case.

! Misplaced alignment tab character &.
l.79 			14 &
             Riemen  \\ \hline
I can't figure out why you would want to use a tab mark
here. If you just want an ampersand, the remedy is
simple: Just type `I\&' now. But if some right brace
up above has ended a previous alignment prematurely,
you're probably due for more error messages, and you
might try typing `S' now just to see what is salvageable.


Overfull \hbox (8.50012pt too wide) in paragraph at lines 79--79
 []\OT1/cmr/m/n/8 14 
 []


Overfull \hbox (27.9754pt too wide) in paragraph at lines 79--79
 \OT1/cmr/m/n/8 Riemen 
 []

! Misplaced \noalign.
\hline ->\noalign 
                  {\ifnum 0=`}\fi \hrule \@height \arrayrulewidth \futurelet...
l.79 			14 & Riemen  \\ \hline
                              
I expect to see \noalign only after the \cr of
an alignment. Proceed, and I'll ignore this case.

! Misplaced alignment tab character &.
l.80 			15 &
             Welle  \\ \hline
I can't figure out why you would want to use a tab mark
here. If you just want an ampersand, the remedy is
simple: Just type `I\&' now. But if some right brace
up above has ended a previous alignment prematurely,
you're probably due for more error messages, and you
might try typing `S' now just to see what is salvageable.


Overfull \hbox (8.50012pt too wide) in paragraph at lines 80--80
 []\OT1/cmr/m/n/8 15 
 []


Overfull \hbox (20.29752pt too wide) in paragraph at lines 80--80
 \OT1/cmr/m/n/8 Welle 
 []

! Misplaced \noalign.
\hline ->\noalign 
                  {\ifnum 0=`}\fi \hrule \@height \arrayrulewidth \futurelet...
l.80 			15 & Welle  \\ \hline
                             
I expect to see \noalign only after the \cr of
an alignment. Proceed, and I'll ignore this case.

! Misplaced alignment tab character &.
l.81 			16 &
             Riemenscheibe  \\ \hline
I can't figure out why you would want to use a tab mark
here. If you just want an ampersand, the remedy is
simple: Just type `I\&' now. But if some right brace
up above has ended a previous alignment prematurely,
you're probably due for more error messages, and you
might try typing `S' now just to see what is salvageable.


Overfull \hbox (8.50012pt too wide) in paragraph at lines 81--81
 []\OT1/cmr/m/n/8 16 
 []


Overfull \hbox (30.80878pt too wide) in paragraph at lines 81--81
 \OT1/cmr/m/n/8 Riemen- 
 []


Overfull \hbox (26.49205pt too wide) in paragraph at lines 81--81
 \OT1/cmr/m/n/8 scheibe 
 []

! Misplaced \noalign.
\hline ->\noalign 
                  {\ifnum 0=`}\fi \hrule \@height \arrayrulewidth \futurelet...
l.81 			16 & Riemenscheibe  \\ \hline
                                     
I expect to see \noalign only after the \cr of
an alignment. Proceed, and I'll ignore this case.

! Misplaced alignment tab character &.
l.82 			17 &
             Halterung für die Welle  \\ \hline
I can't figure out why you would want to use a tab mark
here. If you just want an ampersand, the remedy is
simple: Just type `I\&' now. But if some right brace
up above has ended a previous alignment prematurely,
you're probably due for more error messages, and you
might try typing `S' now just to see what is salvageable.


Overfull \hbox (8.50012pt too wide) in paragraph at lines 82--82
 []\OT1/cmr/m/n/8 17 
 []


Overfull \hbox (15.81134pt too wide) in paragraph at lines 82--82
 \OT1/cmr/m/n/8 Hal- 
 []


Overfull \hbox (24.09062pt too wide) in paragraph at lines 82--82
 \OT1/cmr/m/n/8 terung 
 []


Overfull \hbox (10.6321pt too wide) in paragraph at lines 82--82
 \OT1/cmr/m/n/8 f^^?ur 
 []


Overfull \hbox (10.86127pt too wide) in paragraph at lines 82--82
 \OT1/cmr/m/n/8 die 
 []


Overfull \hbox (20.29752pt too wide) in paragraph at lines 82--82
 \OT1/cmr/m/n/8 Welle 
 []

! Misplaced \noalign.
\hline ->\noalign 
                  {\ifnum 0=`}\fi \hrule \@height \arrayrulewidth \futurelet...
l.82 			17 & Halterung für die Welle  \\ \hline
                                                
I expect to see \noalign only after the \cr of
an alignment. Proceed, and I'll ignore this case.

! Misplaced alignment tab character &.
l.83 			18 &
             Liniearführung  \\ \hline
I can't figure out why you would want to use a tab mark
here. If you just want an ampersand, the remedy is
simple: Just type `I\&' now. But if some right brace
up above has ended a previous alignment prematurely,
you're probably due for more error messages, and you
might try typing `S' now just to see what is salvageable.


Overfull \hbox (8.50012pt too wide) in paragraph at lines 83--83
 []\OT1/cmr/m/n/8 18 
 []


Overfull \hbox (15.22522pt too wide) in paragraph at lines 83--83
 \OT1/cmr/m/n/8 Lin- 
 []


Overfull \hbox (42.75061pt too wide) in paragraph at lines 83--83
 \OT1/cmr/m/n/8 iearf^^?uhrung 
 []

! Misplaced \noalign.
\hline ->\noalign 
                  {\ifnum 0=`}\fi \hrule \@height \arrayrulewidth \futurelet...
l.83 			18 & Liniearführung  \\ \hline
                                       
I expect to see \noalign only after the \cr of
an alignment. Proceed, and I'll ignore this case.

! Misplaced alignment tab character &.
l.84 			19 &
             Anzeiger  \\ \hline
I can't figure out why you would want to use a tab mark
here. If you just want an ampersand, the remedy is
simple: Just type `I\&' now. But if some right brace
up above has ended a previous alignment prematurely,
you're probably due for more error messages, and you
might try typing `S' now just to see what is salvageable.


Overfull \hbox (8.50012pt too wide) in paragraph at lines 84--84
 []\OT1/cmr/m/n/8 19 
 []


Overfull \hbox (32.3463pt too wide) in paragraph at lines 84--84
 \OT1/cmr/m/n/8 Anzeiger 
 []

! Misplaced \noalign.
\hline ->\noalign 
                  {\ifnum 0=`}\fi \hrule \@height \arrayrulewidth \futurelet...
l.84 			19 & Anzeiger  \\ \hline
                                
I expect to see \noalign only after the \cr of
an alignment. Proceed, and I'll ignore this case.

! Misplaced alignment tab character &.
l.85 			20 &
             Halterung für den Motor  \\ \hline
I can't figure out why you would want to use a tab mark
here. If you just want an ampersand, the remedy is
simple: Just type `I\&' now. But if some right brace
up above has ended a previous alignment prematurely,
you're probably due for more error messages, and you
might try typing `S' now just to see what is salvageable.


Overfull \hbox (8.50012pt too wide) in paragraph at lines 85--85
 []\OT1/cmr/m/n/8 20 
 []


Overfull \hbox (15.81134pt too wide) in paragraph at lines 85--85
 \OT1/cmr/m/n/8 Hal- 
 []


Overfull \hbox (24.09062pt too wide) in paragraph at lines 85--85
 \OT1/cmr/m/n/8 terung 
 []


Overfull \hbox (10.6321pt too wide) in paragraph at lines 85--85
 \OT1/cmr/m/n/8 f^^?ur 
 []


Overfull \hbox (13.22241pt too wide) in paragraph at lines 85--85
 \OT1/cmr/m/n/8 den 
 []


Overfull \hbox (14.86688pt too wide) in paragraph at lines 85--85
 \OT1/cmr/m/n/8 Mo- 
 []


Overfull \hbox (10.86821pt too wide) in paragraph at lines 85--85
 \OT1/cmr/m/n/8 tor 
 []

! Misplaced \noalign.
\hline ->\noalign 
                  {\ifnum 0=`}\fi \hrule \@height \arrayrulewidth \futurelet...
l.85 			20 & Halterung für den Motor  \\ \hline
                                                
I expect to see \noalign only after the \cr of
an alignment. Proceed, and I'll ignore this case.

! Misplaced alignment tab character &.
l.86 			21 &
             Nema 17 Motor  \\ \hline		
I can't figure out why you would want to use a tab mark
here. If you just want an ampersand, the remedy is
simple: Just type `I\&' now. But if some right brace
up above has ended a previous alignment prematurely,
you're probably due for more error messages, and you
might try typing `S' now just to see what is salvageable.


Overfull \hbox (8.50012pt too wide) in paragraph at lines 86--86
 []\OT1/cmr/m/n/8 21 
 []


Overfull \hbox (21.47809pt too wide) in paragraph at lines 86--86
 \OT1/cmr/m/n/8 Nema 
 []


Overfull \hbox (8.50012pt too wide) in paragraph at lines 86--86
 \OT1/cmr/m/n/8 17 
 []


Overfull \hbox (14.86688pt too wide) in paragraph at lines 86--86
 \OT1/cmr/m/n/8 Mo- 
 []


Overfull \hbox (10.86821pt too wide) in paragraph at lines 86--86
 \OT1/cmr/m/n/8 tor 
 []

! Misplaced \noalign.
\hline ->\noalign 
                  {\ifnum 0=`}\fi \hrule \@height \arrayrulewidth \futurelet...
l.86 			21 & Nema 17 Motor  \\ \hline
                                     		
I expect to see \noalign only after the \cr of
an alignment. Proceed, and I'll ignore this case.


! LaTeX Error: \begin{center} on input line 61 ended by \end{tabularx}.

See the LaTeX manual or LaTeX Companion for explanation.
Type  H <return>  for immediate help.
 ...                                              
                                                  
l.88 		\end{tabularx}
                     
Your command was ignored.
Type  I <command> <return>  to replace it with another command,
or  <return>  to continue without it.

! Undefined control sequence.
l.89 		\captionof
                 {table}{Bauteile}	\label{BauTab}
The control sequence at the end of the top line
of your error message was never \def'ed. If you have
misspelled it (e.g., `\hobx'), type `I' and the correct
spelling (e.g., `I\hbox'). Otherwise just continue,
and I'll forget about whatever was undefined.


Overfull \hbox (48.9896pt too wide) in paragraph at lines 89--90
 []\OT1/cmr/m/n/8 tableBauteile 
 []


! LaTeX Error: \begin{document} ended by \end{figure}.

See the LaTeX manual or LaTeX Companion for explanation.
Type  H <return>  for immediate help.
 ...                                              
                                                  
l.91 \end{figure}
                 
Your command was ignored.
Type  I <command> <return>  to replace it with another command,
or  <return>  to continue without it.

! Undefined control sequence.
l.94 \section
             {Elektrische Komponenten}
The control sequence at the end of the top line
of your error message was never \def'ed. If you have
misspelled it (e.g., `\hobx'), type `I' and the correct
spelling (e.g., `I\hbox'). Otherwise just continue,
and I'll forget about whatever was undefined.

Missing character: There is no E in font nullfont!
Missing character: There is no l in font nullfont!
Missing character: There is no e in font nullfont!
Missing character: There is no k in font nullfont!
Missing character: There is no t in font nullfont!
Missing character: There is no r in font nullfont!
Missing character: There is no i in font nullfont!
Missing character: There is no s in font nullfont!
Missing character: There is no c in font nullfont!
Missing character: There is no h in font nullfont!
Missing character: There is no e in font nullfont!
Missing character: There is no K in font nullfont!
Missing character: There is no o in font nullfont!
Missing character: There is no m in font nullfont!
Missing character: There is no p in font nullfont!
Missing character: There is no o in font nullfont!
Missing character: There is no n in font nullfont!
Missing character: There is no e in font nullfont!
Missing character: There is no n in font nullfont!
Missing character: There is no t in font nullfont!
Missing character: There is no e in font nullfont!
Missing character: There is no n in font nullfont!

Overfull \hbox (20.0pt too wide) in paragraph at lines 94--95
[]
 []

Missing character: There is no I in font nullfont!
Missing character: There is no n in font nullfont!
Missing character: There is no A in font nullfont!
Missing character: There is no b in font nullfont!
Missing character: There is no b in font nullfont!
Missing character: There is no i in font nullfont!
Missing character: There is no l in font nullfont!
Missing character: There is no d in font nullfont!
Missing character: There is no u in font nullfont!
Missing character: There is no n in font nullfont!
Missing character: There is no g in font nullfont!
! Undefined control sequence.
<write> ... Reference `Bauteile' on page \thepage 
                                                  \space undefined\on@line .
l.96 In Abbildung \ref{Bauteile}
                                 werden alle elektrischen Komponenten darges...
The control sequence at the end of the top line
of your error message was never \def'ed. If you have
misspelled it (e.g., `\hobx'), type `I' and the correct
spelling (e.g., `I\hbox'). Otherwise just continue,
and I'll forget about whatever was undefined.


LaTeX Warning: Reference `Bauteile' on page  undefined on input line 96.

Missing character: There is no w in font nullfont!
Missing character: There is no e in font nullfont!
Missing character: There is no r in font nullfont!
Missing character: There is no d in font nullfont!
Missing character: There is no e in font nullfont!
Missing character: There is no n in font nullfont!
Missing character: There is no a in font nullfont!
Missing character: There is no l in font nullfont!
Missing character: There is no l in font nullfont!
Missing character: There is no e in font nullfont!
Missing character: There is no e in font nullfont!
Missing character: There is no l in font nullfont!
Missing character: There is no e in font nullfont!
Missing character: There is no k in font nullfont!
Missing character: There is no t in font nullfont!
Missing character: There is no r in font nullfont!
Missing character: There is no i in font nullfont!
Missing character: There is no s in font nullfont!
Missing character: There is no c in font nullfont!
Missing character: There is no h in font nullfont!
Missing character: There is no e in font nullfont!
Missing character: There is no n in font nullfont!
Missing character: There is no K in font nullfont!
Missing character: There is no o in font nullfont!
Missing character: There is no m in font nullfont!
Missing character: There is no p in font nullfont!
Missing character: There is no o in font nullfont!
Missing character: There is no n in font nullfont!
Missing character: There is no e in font nullfont!
Missing character: There is no n in font nullfont!
Missing character: There is no t in font nullfont!
Missing character: There is no e in font nullfont!
Missing character: There is no n in font nullfont!
Missing character: There is no d in font nullfont!
Missing character: There is no a in font nullfont!
Missing character: There is no r in font nullfont!
Missing character: There is no g in font nullfont!
Missing character: There is no e in font nullfont!
Missing character: There is no s in font nullfont!
Missing character: There is no t in font nullfont!
Missing character: There is no e in font nullfont!
Missing character: There is no l in font nullfont!
Missing character: There is no l in font nullfont!
Missing character: There is no t in font nullfont!
Missing character: There is no u in font nullfont!
Missing character: There is no n in font nullfont!
Missing character: There is no d in font nullfont!
Missing character: There is no i in font nullfont!
Missing character: There is no n in font nullfont!
Missing character: There is no T in font nullfont!
Missing character: There is no a in font nullfont!
Missing character: There is no b in font nullfont!
Missing character: There is no e in font nullfont!
Missing character: There is no l in font nullfont!
Missing character: There is no l in font nullfont!
Missing character: There is no e in font nullfont!
! Undefined control sequence.
<write> ...: Reference `ElekTab' on page \thepage 
                                                  \space undefined\on@line .
l.96 ...n dargestellt und in Tabelle \ref{ElekTab}
                                                   benannt.
The control sequence at the end of the top line
of your error message was never \def'ed. If you have
misspelled it (e.g., `\hobx'), type `I' and the correct
spelling (e.g., `I\hbox'). Otherwise just continue,
and I'll forget about whatever was undefined.


LaTeX Warning: Reference `ElekTab' on page  undefined on input line 96.

Missing character: There is no b in font nullfont!
Missing character: There is no e in font nullfont!
Missing character: There is no n in font nullfont!
Missing character: There is no a in font nullfont!
Missing character: There is no n in font nullfont!
Missing character: There is no n in font nullfont!
Missing character: There is no t in font nullfont!
Missing character: There is no . in font nullfont!

Overfull \hbox (20.0pt too wide) in paragraph at lines 96--97
[]
 []


Overfull \hbox (10.86105pt too wide) in paragraph at lines 96--97
[]
 []


Overfull \hbox (10.86105pt too wide) in paragraph at lines 96--97
[]
 []


! LaTeX Error: Environment figure undefined.

See the LaTeX manual or LaTeX Companion for explanation.
Type  H <return>  for immediate help.
 ...                                              
                                                  
l.98 \begin{figure}
                   [H]
Your command was ignored.
Type  I <command> <return>  to replace it with another command,
or  <return>  to continue without it.

Missing character: There is no [ in font nullfont!
Missing character: There is no H in font nullfont!
Missing character: There is no ] in font nullfont!

Overfull \hbox (20.0pt too wide) in paragraph at lines 98--99
[] 
 []

! Undefined control sequence.
l.100 		\includegraphics
                        [width=\textwidth]{Images/ElekKomp.jpg}
The control sequence at the end of the top line
of your error message was never \def'ed. If you have
misspelled it (e.g., `\hobx'), type `I' and the correct
spelling (e.g., `I\hbox'). Otherwise just continue,
and I'll forget about whatever was undefined.

Missing character: There is no [ in font nullfont!
Missing character: There is no w in font nullfont!
Missing character: There is no i in font nullfont!
Missing character: There is no d in font nullfont!
Missing character: There is no t in font nullfont!
Missing character: There is no h in font nullfont!
Missing character: There is no = in font nullfont!
! Missing number, treated as zero.
<to be read again> 
                   ]
l.100 		\includegraphics[width=\textwidth]
                                          {Images/ElekKomp.jpg}
A number should have been here; I inserted `0'.
(If you can't figure out why I needed to see a number,
look up `weird error' in the index to The TeXbook.)

! Illegal unit of measure (pt inserted).
<to be read again> 
                   ]
l.100 		\includegraphics[width=\textwidth]
                                          {Images/ElekKomp.jpg}
Dimensions can be in units of em, ex, in, pt, pc,
cm, mm, dd, cc, nd, nc, bp, or sp; but yours is a new one!
I'll assume that you meant to say pt, for printer's points.
To recover gracefully from this error, it's best to
delete the erroneous units; e.g., type `2' to delete
two letters. (See Chapter 27 of The TeXbook.)

Missing character: There is no ] in font nullfont!
Missing character: There is no I in font nullfont!
Missing character: There is no m in font nullfont!
Missing character: There is no a in font nullfont!
Missing character: There is no g in font nullfont!
Missing character: There is no e in font nullfont!
Missing character: There is no s in font nullfont!
Missing character: There is no / in font nullfont!
Missing character: There is no E in font nullfont!
Missing character: There is no l in font nullfont!
Missing character: There is no e in font nullfont!
Missing character: There is no k in font nullfont!
Missing character: There is no K in font nullfont!
Missing character: There is no o in font nullfont!
Missing character: There is no m in font nullfont!
Missing character: There is no p in font nullfont!
Missing character: There is no . in font nullfont!
Missing character: There is no j in font nullfont!
Missing character: There is no p in font nullfont!
Missing character: There is no g in font nullfont!

! LaTeX Error: \caption outside float.

See the LaTeX manual or LaTeX Companion for explanation.
Type  H <return>  for immediate help.
 ...                                              
                                                  
l.101 		\caption
                {Elektrische Komponenten} \label{ElekKomb}
You're in trouble here.  Try typing  <return>  to proceed.
If that doesn't work, type  X <return>  to quit.

Missing character: There is no E in font nullfont!
Missing character: There is no l in font nullfont!
Missing character: There is no e in font nullfont!
Missing character: There is no k in font nullfont!
Missing character: There is no t in font nullfont!
Missing character: There is no r in font nullfont!
Missing character: There is no i in font nullfont!
Missing character: There is no s in font nullfont!
Missing character: There is no c in font nullfont!
Missing character: There is no h in font nullfont!
Missing character: There is no e in font nullfont!
Missing character: There is no K in font nullfont!
Missing character: There is no o in font nullfont!
Missing character: There is no m in font nullfont!
Missing character: There is no p in font nullfont!
Missing character: There is no o in font nullfont!
Missing character: There is no n in font nullfont!
Missing character: There is no e in font nullfont!
Missing character: There is no n in font nullfont!
Missing character: There is no t in font nullfont!
Missing character: There is no e in font nullfont!
Missing character: There is no n in font nullfont!

! LaTeX Error: \begin{document} ended by \end{figure}.

See the LaTeX manual or LaTeX Companion for explanation.
Type  H <return>  for immediate help.
 ...                                              
                                                  
l.103 \end{figure}
                  
Your command was ignored.
Type  I <command> <return>  to replace it with another command,
or  <return>  to continue without it.


! LaTeX Error: Environment figure undefined.

See the LaTeX manual or LaTeX Companion for explanation.
Type  H <return>  for immediate help.
 ...                                              
                                                  
l.105 \begin{figure}
                    [H]
Your command was ignored.
Type  I <command> <return>  to replace it with another command,
or  <return>  to continue without it.

Missing character: There is no [ in font nullfont!
Missing character: There is no H in font nullfont!
Missing character: There is no ] in font nullfont!

Overfull \hbox (20.0pt too wide) in paragraph at lines 105--106
[] 
 []


! LaTeX Error: Environment tabularx undefined.

See the LaTeX manual or LaTeX Companion for explanation.
Type  H <return>  for immediate help.
 ...                                              
                                                  
l.108 		\begin{tabularx}
                        {\textwidth}{|p{0.4cm}|X|X|X|X|X|}
Your command was ignored.
Type  I <command> <return>  to replace it with another command,
or  <return>  to continue without it.

! Missing number, treated as zero.
<to be read again> 
                   }
l.108 		\begin{tabularx}{\textwidth}
                                    {|p{0.4cm}|X|X|X|X|X|}
A number should have been here; I inserted `0'.
(If you can't figure out why I needed to see a number,
look up `weird error' in the index to The TeXbook.)

! Illegal unit of measure (pt inserted).
<to be read again> 
                   }
l.108 		\begin{tabularx}{\textwidth}
                                    {|p{0.4cm}|X|X|X|X|X|}
Dimensions can be in units of em, ex, in, pt, pc,
cm, mm, dd, cc, nd, nc, bp, or sp; but yours is a new one!
I'll assume that you meant to say pt, for printer's points.
To recover gracefully from this error, it's best to
delete the erroneous units; e.g., type `2' to delete
two letters. (See Chapter 27 of The TeXbook.)

! Misplaced \noalign.
\hline ->\noalign 
                  {\ifnum 0=`}\fi \hrule \@height \arrayrulewidth \futurelet...
l.109 			\hline
               
I expect to see \noalign only after the \cr of
an alignment. Proceed, and I'll ignore this case.


Overfull \hbox (117.77948pt too wide) in paragraph at lines 108--109
 \OT1/cmr/m/n/8 |p0.4cm|X|X|X|X|X| 
 []

! Misplaced alignment tab character &.
l.110 			\textbf{Pos.} &
                          \textbf{Benennung} \\ \hline
I can't figure out why you would want to use a tab mark
here. If you just want an ampersand, the remedy is
simple: Just type `I\&' now. But if some right brace
up above has ended a previous alignment prematurely,
you're probably due for more error messages, and you
might try typing `S' now just to see what is salvageable.


Overfull \hbox (17.89902pt too wide) in paragraph at lines 110--110
 []\OT1/cmr/bx/n/8 Pos. 
 []


Overfull \hbox (14.71123pt too wide) in paragraph at lines 110--110
 \OT1/cmr/bx/n/8 Be- 
 []


Overfull \hbox (18.64459pt too wide) in paragraph at lines 110--110
 \OT1/cmr/bx/n/8 nen- 
 []


Overfull \hbox (21.09738pt too wide) in paragraph at lines 110--110
 \OT1/cmr/bx/n/8 nung 
 []

! Misplaced \noalign.
\hline ->\noalign 
                  {\ifnum 0=`}\fi \hrule \@height \arrayrulewidth \futurelet...
l.110 ...tbf{Pos.} &  \textbf{Benennung} \\ \hline
                                                  
I expect to see \noalign only after the \cr of
an alignment. Proceed, and I'll ignore this case.




! LaTeX Error: The font size command \normalsize is not defined:
               there is probably something wrong with the class file.

See the LaTeX manual or LaTeX Companion for explanation.
Type  H <return>  for immediate help.
 ...                                              
                                                  
l.111 			1
           & Netzkabel   \\ \hline
Your command was ignored.
Type  I <command> <return>  to replace it with another command,
or  <return>  to continue without it.

[1{c:/texlive/texmf-var/fonts/map/pdftex/updmap/pdftex.map}
! Undefined control sequence.
<write> \newlabel{Bauteile}{{}{\thepage 
                                        }{}{}{}}
l.111 			1
           & Netzkabel   \\ \hline
The control sequence at the end of the top line
of your error message was never \def'ed. If you have
misspelled it (e.g., `\hobx'), type `I' and the correct
spelling (e.g., `I\hbox'). Otherwise just continue,
and I'll forget about whatever was undefined.

\newlabel{Bauteile}{{}{}{}{}{}}
! Undefined control sequence.
<write> \newlabel{BauTab}{{}{\thepage 
                                      }{}{}{}}
l.111 			1
           & Netzkabel   \\ \hline
The control sequence at the end of the top line
of your error message was never \def'ed. If you have
misspelled it (e.g., `\hobx'), type `I' and the correct
spelling (e.g., `I\hbox'). Otherwise just continue,
and I'll forget about whatever was undefined.

\newlabel{BauTab}{{}{}{}{}{}}
! Undefined control sequence.
<write> \newlabel{ElekKomb}{{}{\thepage 
                                        }{}{}{}}
l.111 			1
           & Netzkabel   \\ \hline
The control sequence at the end of the top line
of your error message was never \def'ed. If you have
misspelled it (e.g., `\hobx'), type `I' and the correct
spelling (e.g., `I\hbox'). Otherwise just continue,
and I'll forget about whatever was undefined.

\newlabel{ElekKomb}{{}{}{}{}{}}
]
! Misplaced alignment tab character &.
l.111 			1 &
             Netzkabel   \\ \hline
I can't figure out why you would want to use a tab mark
here. If you just want an ampersand, the remedy is
simple: Just type `I\&' now. But if some right brace
up above has ended a previous alignment prematurely,
you're probably due for more error messages, and you
might try typing `S' now just to see what is salvageable.


Overfull \hbox (4.25006pt too wide) in paragraph at lines 111--111
 []\OT1/cmr/m/n/8 1 
 []


Overfull \hbox (16.28357pt too wide) in paragraph at lines 111--111
 \OT1/cmr/m/n/8 Net- 
 []


Overfull \hbox (11.09738pt too wide) in paragraph at lines 111--111
 \OT1/cmr/m/n/8 zk- 
 []


Overfull \hbox (7.08344pt too wide) in paragraph at lines 111--111
 \OT1/cmr/m/n/8 a- 
 []


Overfull \hbox (11.09738pt too wide) in paragraph at lines 111--111
 \OT1/cmr/m/n/8 bel 
 []

! Misplaced \noalign.
\hline ->\noalign 
                  {\ifnum 0=`}\fi \hrule \@height \arrayrulewidth \futurelet...
l.111 			1 & Netzkabel   \\ \hline
                                  
I expect to see \noalign only after the \cr of
an alignment. Proceed, and I'll ignore this case.

! Misplaced alignment tab character &.
l.112 			2 &
             Schaltnetzteil   \\ \hline
I can't figure out why you would want to use a tab mark
here. If you just want an ampersand, the remedy is
simple: Just type `I\&' now. But if some right brace
up above has ended a previous alignment prematurely,
you're probably due for more error messages, and you
might try typing `S' now just to see what is salvageable.


Overfull \hbox (4.25006pt too wide) in paragraph at lines 112--112
 []\OT1/cmr/m/n/8 2 
 []


Overfull \hbox (25.73648pt too wide) in paragraph at lines 112--112
 \OT1/cmr/m/n/8 Schalt- 
 []


Overfull \hbox (14.6391pt too wide) in paragraph at lines 112--112
 \OT1/cmr/m/n/8 net- 
 []


Overfull \hbox (15.58356pt too wide) in paragraph at lines 112--112
 \OT1/cmr/m/n/8 zteil 
 []

! Misplaced \noalign.
\hline ->\noalign 
                  {\ifnum 0=`}\fi \hrule \@height \arrayrulewidth \futurelet...
l.112 			2 & Schaltnetzteil   \\ \hline
                                       
I expect to see \noalign only after the \cr of
an alignment. Proceed, and I'll ignore this case.

! Misplaced alignment tab character &.
l.113 			3 &
             Kaltgeräteanschluss   \\ \hline
I can't figure out why you would want to use a tab mark
here. If you just want an ampersand, the remedy is
simple: Just type `I\&' now. But if some right brace
up above has ended a previous alignment prematurely,
you're probably due for more error messages, and you
might try typing `S' now just to see what is salvageable.


Overfull \hbox (4.25006pt too wide) in paragraph at lines 113--113
 []\OT1/cmr/m/n/8 3 
 []


Overfull \hbox (19.35306pt too wide) in paragraph at lines 113--113
 \OT1/cmr/m/n/8 Kalt- 
 []


Overfull \hbox (57.05222pt too wide) in paragraph at lines 113--113
 \OT1/cmr/m/n/8 ger^^?ateanschluss 
 []

! Misplaced \noalign.
\hline ->\noalign 
                  {\ifnum 0=`}\fi \hrule \@height \arrayrulewidth \futurelet...
l.113 			3 & Kaltgeräteanschluss   \\ \hline
                                             
I expect to see \noalign only after the \cr of
an alignment. Proceed, and I'll ignore this case.

! Misplaced alignment tab character &.
l.114 			4 &
             Schrittmotorsteuerung A4988   \\ \hline
I can't figure out why you would want to use a tab mark
here. If you just want an ampersand, the remedy is
simple: Just type `I\&' now. But if some right brace
up above has ended a previous alignment prematurely,
you're probably due for more error messages, and you
might try typing `S' now just to see what is salvageable.


Overfull \hbox (4.25006pt too wide) in paragraph at lines 114--114
 []\OT1/cmr/m/n/8 4 
 []


Overfull \hbox (39.43806pt too wide) in paragraph at lines 114--114
 \OT1/cmr/m/n/8 Schrittmo- 
 []


Overfull \hbox (17.05441pt too wide) in paragraph at lines 114--114
 \OT1/cmr/m/n/8 tors- 
 []


Overfull \hbox (32.59074pt too wide) in paragraph at lines 114--114
 \OT1/cmr/m/n/8 teuerung 
 []


Overfull \hbox (23.367pt too wide) in paragraph at lines 114--114
 \OT1/cmr/m/n/8 A4988 
 []

! Misplaced \noalign.
\hline ->\noalign 
                  {\ifnum 0=`}\fi \hrule \@height \arrayrulewidth \futurelet...
l.114 ...& Schrittmotorsteuerung A4988   \\ \hline
                                                  
I expect to see \noalign only after the \cr of
an alignment. Proceed, and I'll ignore this case.

! Misplaced alignment tab character &.
l.115 			5 &
             Entwicklerboard Schrittmotorsteuerung A4988   \\ \hline
I can't figure out why you would want to use a tab mark
here. If you just want an ampersand, the remedy is
simple: Just type `I\&' now. But if some right brace
up above has ended a previous alignment prematurely,
you're probably due for more error messages, and you
might try typing `S' now just to see what is salvageable.


Overfull \hbox (4.25006pt too wide) in paragraph at lines 115--115
 []\OT1/cmr/m/n/8 5 
 []


Overfull \hbox (13.3363pt too wide) in paragraph at lines 115--115
 \OT1/cmr/m/n/8 En- 
 []


Overfull \hbox (22.43088pt too wide) in paragraph at lines 115--115
 \OT1/cmr/m/n/8 twick- 
 []


Overfull \hbox (12.2849pt too wide) in paragraph at lines 115--115
 \OT1/cmr/m/n/8 ler- 
 []


Overfull \hbox (21.49336pt too wide) in paragraph at lines 115--115
 \OT1/cmr/m/n/8 board 
 []


Overfull \hbox (39.43806pt too wide) in paragraph at lines 115--115
 \OT1/cmr/m/n/8 Schrittmo- 
 []


Overfull \hbox (17.05441pt too wide) in paragraph at lines 115--115
 \OT1/cmr/m/n/8 tors- 
 []


Overfull \hbox (32.59074pt too wide) in paragraph at lines 115--115
 \OT1/cmr/m/n/8 teuerung 
 []


Overfull \hbox (23.367pt too wide) in paragraph at lines 115--115
 \OT1/cmr/m/n/8 A4988 
 []

! Misplaced \noalign.
\hline ->\noalign 
                  {\ifnum 0=`}\fi \hrule \@height \arrayrulewidth \futurelet...
l.115 ...d Schrittmotorsteuerung A4988   \\ \hline
                                                  
I expect to see \noalign only after the \cr of
an alignment. Proceed, and I'll ignore this case.

! Misplaced alignment tab character &.
l.116 			6 &
             Spannungswandler AMS1117 \\ \hline
I can't figure out why you would want to use a tab mark
here. If you just want an ampersand, the remedy is
simple: Just type `I\&' now. But if some right brace
up above has ended a previous alignment prematurely,
you're probably due for more error messages, and you
might try typing `S' now just to see what is salvageable.


Overfull \hbox (4.25006pt too wide) in paragraph at lines 116--116
 []\OT1/cmr/m/n/8 6 
 []


Overfull \hbox (21.2503pt too wide) in paragraph at lines 116--116
 \OT1/cmr/m/n/8 Span- 
 []


Overfull \hbox (39.24223pt too wide) in paragraph at lines 116--116
 \OT1/cmr/m/n/8 nungswan- 
 []


Overfull \hbox (14.17381pt too wide) in paragraph at lines 116--116
 \OT1/cmr/m/n/8 dler 
 []


Overfull \hbox (35.87274pt too wide) in paragraph at lines 116--116
 \OT1/cmr/m/n/8 AMS1117 
 []

! Misplaced \noalign.
\hline ->\noalign 
                  {\ifnum 0=`}\fi \hrule \@height \arrayrulewidth \futurelet...
l.116 			6 & Spannungswandler AMS1117 \\ \hline
                                               
I expect to see \noalign only after the \cr of
an alignment. Proceed, and I'll ignore this case.

! Misplaced alignment tab character &.
l.117 			7 &
             OLED-Display  \\ \hline
I can't figure out why you would want to use a tab mark
here. If you just want an ampersand, the remedy is
simple: Just type `I\&' now. But if some right brace
up above has ended a previous alignment prematurely,
you're probably due for more error messages, and you
might try typing `S' now just to see what is salvageable.


Overfull \hbox (4.25006pt too wide) in paragraph at lines 117--117
 []\OT1/cmr/m/n/8 7 
 []


Overfull \hbox (27.02261pt too wide) in paragraph at lines 117--117
 \OT1/cmr/m/n/8 OLED- 
 []


Overfull \hbox (27.78651pt too wide) in paragraph at lines 117--117
 \OT1/cmr/m/n/8 Display 
 []

! Misplaced \noalign.
\hline ->\noalign 
                  {\ifnum 0=`}\fi \hrule \@height \arrayrulewidth \futurelet...
l.117 			7 & OLED-Display  \\ \hline
                                    
I expect to see \noalign only after the \cr of
an alignment. Proceed, and I'll ignore this case.

! Misplaced alignment tab character &.
l.118 			8 &
             Drehwinkel-Encoder  \\ \hline
I can't figure out why you would want to use a tab mark
here. If you just want an ampersand, the remedy is
simple: Just type `I\&' now. But if some right brace
up above has ended a previous alignment prematurely,
you're probably due for more error messages, and you
might try typing `S' now just to see what is salvageable.


Overfull \hbox (4.25006pt too wide) in paragraph at lines 118--118
 []\OT1/cmr/m/n/8 8 
 []


Overfull \hbox (44.51036pt too wide) in paragraph at lines 118--118
 \OT1/cmr/m/n/8 Drehwinkel- 
 []


Overfull \hbox (30.5796pt too wide) in paragraph at lines 118--118
 \OT1/cmr/m/n/8 Encoder 
 []

! Misplaced \noalign.
\hline ->\noalign 
                  {\ifnum 0=`}\fi \hrule \@height \arrayrulewidth \futurelet...
l.118 			8 & Drehwinkel-Encoder  \\ \hline
                                          
I expect to see \noalign only after the \cr of
an alignment. Proceed, and I'll ignore this case.

! Misplaced alignment tab character &.
l.119 			9 &
             Arduino Nano Sense BLE 33 Lite  \\ \hline
I can't figure out why you would want to use a tab mark
here. If you just want an ampersand, the remedy is
simple: Just type `I\&' now. But if some right brace
up above has ended a previous alignment prematurely,
you're probably due for more error messages, and you
might try typing `S' now just to see what is salvageable.


Overfull \hbox (4.25006pt too wide) in paragraph at lines 119--119
 []\OT1/cmr/m/n/8 9 
 []


Overfull \hbox (12.51268pt too wide) in paragraph at lines 119--119
 \OT1/cmr/m/n/8 Ar- 
 []


Overfull \hbox (20.77808pt too wide) in paragraph at lines 119--119
 \OT1/cmr/m/n/8 duino 
 []


Overfull \hbox (19.58917pt too wide) in paragraph at lines 119--119
 \OT1/cmr/m/n/8 Nano 
 []


Overfull \hbox (20.35307pt too wide) in paragraph at lines 119--119
 \OT1/cmr/m/n/8 Sense 
 []


Overfull \hbox (17.1058pt too wide) in paragraph at lines 119--119
 \OT1/cmr/m/n/8 BLE 
 []


Overfull \hbox (8.50012pt too wide) in paragraph at lines 119--119
 \OT1/cmr/m/n/8 33 
 []


Overfull \hbox (14.75299pt too wide) in paragraph at lines 119--119
 \OT1/cmr/m/n/8 Lite 
 []

! Misplaced \noalign.
\hline ->\noalign 
                  {\ifnum 0=`}\fi \hrule \@height \arrayrulewidth \futurelet...
l.119 ...Arduino Nano Sense BLE 33 Lite  \\ \hline
                                                  
I expect to see \noalign only after the \cr of
an alignment. Proceed, and I'll ignore this case.

! Misplaced alignment tab character &.
l.120 			10 &
              Arduino Tiny Maschnine Learning Shield (TMLS) \\ \hline
I can't figure out why you would want to use a tab mark
here. If you just want an ampersand, the remedy is
simple: Just type `I\&' now. But if some right brace
up above has ended a previous alignment prematurely,
you're probably due for more error messages, and you
might try typing `S' now just to see what is salvageable.


Overfull \hbox (8.50012pt too wide) in paragraph at lines 120--120
 []\OT1/cmr/m/n/8 10 
 []


Overfull \hbox (12.51268pt too wide) in paragraph at lines 120--120
 \OT1/cmr/m/n/8 Ar- 
 []


Overfull \hbox (20.77808pt too wide) in paragraph at lines 120--120
 \OT1/cmr/m/n/8 duino 
 []


Overfull \hbox (17.47247pt too wide) in paragraph at lines 120--120
 \OT1/cmr/m/n/8 Tiny 
 []


Overfull \hbox (26.48372pt too wide) in paragraph at lines 120--120
 \OT1/cmr/m/n/8 Masch- 
 []


Overfull \hbox (15.58356pt too wide) in paragraph at lines 120--120
 \OT1/cmr/m/n/8 nine 
 []


Overfull \hbox (24.20451pt too wide) in paragraph at lines 120--120
 \OT1/cmr/m/n/8 Learn- 
 []


Overfull \hbox (11.3335pt too wide) in paragraph at lines 120--120
 \OT1/cmr/m/n/8 ing 
 []


Overfull \hbox (22.66699pt too wide) in paragraph at lines 120--120
 \OT1/cmr/m/n/8 Shield 
 []


Overfull \hbox (30.56433pt too wide) in paragraph at lines 120--120
 \OT1/cmr/m/n/8 (TMLS) 
 []

! Misplaced \noalign.
\hline ->\noalign 
                  {\ifnum 0=`}\fi \hrule \@height \arrayrulewidth \futurelet...
l.120 ...aschnine Learning Shield (TMLS) \\ \hline
                                                  
I expect to see \noalign only after the \cr of
an alignment. Proceed, and I'll ignore this case.

! Misplaced alignment tab character &.
l.121 			11 &
              Micro-Schalter  \\ \hline
I can't figure out why you would want to use a tab mark
here. If you just want an ampersand, the remedy is
simple: Just type `I\&' now. But if some right brace
up above has ended a previous alignment prematurely,
you're probably due for more error messages, and you
might try typing `S' now just to see what is salvageable.


Overfull \hbox (8.50012pt too wide) in paragraph at lines 121--121
 []\OT1/cmr/m/n/8 11 
 []


Overfull \hbox (24.3184pt too wide) in paragraph at lines 121--121
 \OT1/cmr/m/n/8 Micro- 
 []


Overfull \hbox (29.99348pt too wide) in paragraph at lines 121--121
 \OT1/cmr/m/n/8 Schalter 
 []

! Misplaced \noalign.
\hline ->\noalign 
                  {\ifnum 0=`}\fi \hrule \@height \arrayrulewidth \futurelet...
l.121 			11 & Micro-Schalter  \\ \hline
                                       
I expect to see \noalign only after the \cr of
an alignment. Proceed, and I'll ignore this case.

! Misplaced alignment tab character &.
l.122 			12 &
              SMD-LED \\ \hline
I can't figure out why you would want to use a tab mark
here. If you just want an ampersand, the remedy is
simple: Just type `I\&' now. But if some right brace
up above has ended a previous alignment prematurely,
you're probably due for more error messages, and you
might try typing `S' now just to see what is salvageable.


Overfull \hbox (8.50012pt too wide) in paragraph at lines 122--122
 []\OT1/cmr/m/n/8 12 
 []


Overfull \hbox (21.8281pt too wide) in paragraph at lines 122--122
 \OT1/cmr/m/n/8 SMD- 
 []


Overfull \hbox (17.57803pt too wide) in paragraph at lines 122--122
 \OT1/cmr/m/n/8 LED 
 []

! Misplaced \noalign.
\hline ->\noalign 
                  {\ifnum 0=`}\fi \hrule \@height \arrayrulewidth \futurelet...
l.122 			12 & SMD-LED \\ \hline
                               
I expect to see \noalign only after the \cr of
an alignment. Proceed, and I'll ignore this case.

! Misplaced alignment tab character &.
l.123 			13 &
              Drucktaster  \\ \hline
I can't figure out why you would want to use a tab mark
here. If you just want an ampersand, the remedy is
simple: Just type `I\&' now. But if some right brace
up above has ended a previous alignment prematurely,
you're probably due for more error messages, and you
might try typing `S' now just to see what is salvageable.


Overfull \hbox (8.50012pt too wide) in paragraph at lines 123--123
 []\OT1/cmr/m/n/8 13 
 []


Overfull \hbox (25.38509pt too wide) in paragraph at lines 123--123
 \OT1/cmr/m/n/8 Druck- 
 []


Overfull \hbox (21.30447pt too wide) in paragraph at lines 123--123
 \OT1/cmr/m/n/8 taster 
 []

! Misplaced \noalign.
\hline ->\noalign 
                  {\ifnum 0=`}\fi \hrule \@height \arrayrulewidth \futurelet...
l.123 			13 & Drucktaster  \\ \hline
                                    
I expect to see \noalign only after the \cr of
an alignment. Proceed, and I'll ignore this case.


! LaTeX Error: \begin{center} on input line 106 ended by \end{tabularx}.

See the LaTeX manual or LaTeX Companion for explanation.
Type  H <return>  for immediate help.
 ...                                              
                                                  
l.125 		\end{tabularx}
                      
Your command was ignored.
Type  I <command> <return>  to replace it with another command,
or  <return>  to continue without it.

! Undefined control sequence.
l.126 		\captionof
                  {table}{Elektrische Komponenten}	\label{ElekTab}
The control sequence at the end of the top line
of your error message was never \def'ed. If you have
misspelled it (e.g., `\hobx'), type `I' and the correct
spelling (e.g., `I\hbox'). Otherwise just continue,
and I'll forget about whatever was undefined.


Overfull \hbox (59.19669pt too wide) in paragraph at lines 126--127
 []\OT1/cmr/m/n/8 tableElektrische 
 []


Overfull \hbox (20.76974pt too wide) in paragraph at lines 126--127
 \OT1/cmr/m/n/8 Kom- 
 []


Overfull \hbox (12.04184pt too wide) in paragraph at lines 126--127
 \OT1/cmr/m/n/8 po- 
 []


Overfull \hbox (16.05579pt too wide) in paragraph at lines 126--127
 \OT1/cmr/m/n/8 nen- 
 []


Overfull \hbox (11.80573pt too wide) in paragraph at lines 126--127
 \OT1/cmr/m/n/8 ten 
 []


! LaTeX Error: \begin{document} ended by \end{figure}.

See the LaTeX manual or LaTeX Companion for explanation.
Type  H <return>  for immediate help.
 ...                                              
                                                  
l.128 \end{figure}
                  
Your command was ignored.
Type  I <command> <return>  to replace it with another command,
or  <return>  to continue without it.

! Undefined control sequence.
l.130 \section
              {Benötigtes Werkzeug}
The control sequence at the end of the top line
of your error message was never \def'ed. If you have
misspelled it (e.g., `\hobx'), type `I' and the correct
spelling (e.g., `I\hbox'). Otherwise just continue,
and I'll forget about whatever was undefined.

Missing character: There is no B in font nullfont!
Missing character: There is no e in font nullfont!
Missing character: There is no n in font nullfont!
Missing character: There is no t in font nullfont!
Missing character: There is no i in font nullfont!
Missing character: There is no g in font nullfont!
Missing character: There is no t in font nullfont!
Missing character: There is no e in font nullfont!
Missing character: There is no s in font nullfont!
Missing character: There is no W in font nullfont!
Missing character: There is no e in font nullfont!
Missing character: There is no r in font nullfont!
Missing character: There is no k in font nullfont!
Missing character: There is no z in font nullfont!
Missing character: There is no e in font nullfont!
Missing character: There is no u in font nullfont!
Missing character: There is no g in font nullfont!

Overfull \hbox (25.00002pt too wide) in paragraph at lines 130--131
[]\/cmr/m/n/10 ^^?o
 []

Missing character: There is no I in font nullfont!
Missing character: There is no n in font nullfont!
Missing character: There is no d in font nullfont!
Missing character: There is no e in font nullfont!
Missing character: There is no r in font nullfont!
Missing character: There is no A in font nullfont!
Missing character: There is no b in font nullfont!
Missing character: There is no b in font nullfont!
Missing character: There is no i in font nullfont!
Missing character: There is no l in font nullfont!
Missing character: There is no d in font nullfont!
Missing character: There is no u in font nullfont!
Missing character: There is no n in font nullfont!
Missing character: There is no g in font nullfont!
! Undefined control sequence.
<write> ...: Reference `Benwerk' on page \thepage 
                                                  \space undefined\on@line .
l.132 In der Abbildung \ref{Benwerk}
                                     sind die benötigten Werkzeuge gezeigt ...
The control sequence at the end of the top line
of your error message was never \def'ed. If you have
misspelled it (e.g., `\hobx'), type `I' and the correct
spelling (e.g., `I\hbox'). Otherwise just continue,
and I'll forget about whatever was undefined.


LaTeX Warning: Reference `Benwerk' on page  undefined on input line 132.

Missing character: There is no s in font nullfont!
Missing character: There is no i in font nullfont!
Missing character: There is no n in font nullfont!
Missing character: There is no d in font nullfont!
Missing character: There is no d in font nullfont!
Missing character: There is no i in font nullfont!
Missing character: There is no e in font nullfont!
Missing character: There is no b in font nullfont!
Missing character: There is no e in font nullfont!
Missing character: There is no n in font nullfont!
Missing character: There is no t in font nullfont!
Missing character: There is no i in font nullfont!
Missing character: There is no g in font nullfont!
Missing character: There is no t in font nullfont!
Missing character: There is no e in font nullfont!
Missing character: There is no n in font nullfont!
Missing character: There is no W in font nullfont!
Missing character: There is no e in font nullfont!
Missing character: There is no r in font nullfont!
Missing character: There is no k in font nullfont!
Missing character: There is no z in font nullfont!
Missing character: There is no e in font nullfont!
Missing character: There is no u in font nullfont!
Missing character: There is no g in font nullfont!
Missing character: There is no e in font nullfont!
Missing character: There is no g in font nullfont!
Missing character: There is no e in font nullfont!
Missing character: There is no z in font nullfont!
Missing character: There is no e in font nullfont!
Missing character: There is no i in font nullfont!
Missing character: There is no g in font nullfont!
Missing character: There is no t in font nullfont!
Missing character: There is no u in font nullfont!
Missing character: There is no n in font nullfont!
Missing character: There is no d in font nullfont!
Missing character: There is no i in font nullfont!
Missing character: There is no n in font nullfont!
Missing character: There is no d in font nullfont!
Missing character: There is no e in font nullfont!
Missing character: There is no r in font nullfont!
Missing character: There is no T in font nullfont!
Missing character: There is no a in font nullfont!
Missing character: There is no b in font nullfont!
Missing character: There is no e in font nullfont!
Missing character: There is no l in font nullfont!
Missing character: There is no l in font nullfont!
Missing character: There is no e in font nullfont!
! Undefined control sequence.
<write> ...: Reference `WerkTab' on page \thepage 
                                                  \space undefined\on@line .
l.132 ... gezeigt und in der Tabelle \ref{WerkTab}
                                                   erklärt.
The control sequence at the end of the top line
of your error message was never \def'ed. If you have
misspelled it (e.g., `\hobx'), type `I' and the correct
spelling (e.g., `I\hbox'). Otherwise just continue,
and I'll forget about whatever was undefined.


LaTeX Warning: Reference `WerkTab' on page  undefined on input line 132.

Missing character: There is no e in font nullfont!
Missing character: There is no r in font nullfont!
Missing character: There is no k in font nullfont!
Missing character: There is no l in font nullfont!
Missing character: There is no r in font nullfont!
Missing character: There is no t in font nullfont!
Missing character: There is no . in font nullfont!

Overfull \hbox (20.0pt too wide) in paragraph at lines 132--133
[]
 []


Overfull \hbox (10.86105pt too wide) in paragraph at lines 132--133
[]
 []


Overfull \hbox (5.00002pt too wide) in paragraph at lines 132--133
\/cmr/m/n/10 ^^?o
 []


Overfull \hbox (10.86105pt too wide) in paragraph at lines 132--133
[]
 []


Overfull \hbox (5.00002pt too wide) in paragraph at lines 132--133
\/cmr/m/n/10 ^^?a 
 []


! LaTeX Error: Environment figure undefined.

See the LaTeX manual or LaTeX Companion for explanation.
Type  H <return>  for immediate help.
 ...                                              
                                                  
l.134 \begin{figure}
                    [H]
Your command was ignored.
Type  I <command> <return>  to replace it with another command,
or  <return>  to continue without it.

Missing character: There is no [ in font nullfont!
Missing character: There is no H in font nullfont!
Missing character: There is no ] in font nullfont!

Overfull \hbox (20.0pt too wide) in paragraph at lines 134--135
[] 
 []

! Undefined control sequence.
l.136 		\includegraphics
                        [width=\textwidth]{Images/BenWerk.jpg}
The control sequence at the end of the top line
of your error message was never \def'ed. If you have
misspelled it (e.g., `\hobx'), type `I' and the correct
spelling (e.g., `I\hbox'). Otherwise just continue,
and I'll forget about whatever was undefined.

Missing character: There is no [ in font nullfont!
Missing character: There is no w in font nullfont!
Missing character: There is no i in font nullfont!
Missing character: There is no d in font nullfont!
Missing character: There is no t in font nullfont!
Missing character: There is no h in font nullfont!
Missing character: There is no = in font nullfont!
! Missing number, treated as zero.
<to be read again> 
                   ]
l.136 		\includegraphics[width=\textwidth]
                                          {Images/BenWerk.jpg}
A number should have been here; I inserted `0'.
(If you can't figure out why I needed to see a number,
look up `weird error' in the index to The TeXbook.)

! Illegal unit of measure (pt inserted).
<to be read again> 
                   ]
l.136 		\includegraphics[width=\textwidth]
                                          {Images/BenWerk.jpg}
Dimensions can be in units of em, ex, in, pt, pc,
cm, mm, dd, cc, nd, nc, bp, or sp; but yours is a new one!
I'll assume that you meant to say pt, for printer's points.
To recover gracefully from this error, it's best to
delete the erroneous units; e.g., type `2' to delete
two letters. (See Chapter 27 of The TeXbook.)

Missing character: There is no ] in font nullfont!
Missing character: There is no I in font nullfont!
Missing character: There is no m in font nullfont!
Missing character: There is no a in font nullfont!
Missing character: There is no g in font nullfont!
Missing character: There is no e in font nullfont!
Missing character: There is no s in font nullfont!
Missing character: There is no / in font nullfont!
Missing character: There is no B in font nullfont!
Missing character: There is no e in font nullfont!
Missing character: There is no n in font nullfont!
Missing character: There is no W in font nullfont!
Missing character: There is no e in font nullfont!
Missing character: There is no r in font nullfont!
Missing character: There is no k in font nullfont!
Missing character: There is no . in font nullfont!
Missing character: There is no j in font nullfont!
Missing character: There is no p in font nullfont!
Missing character: There is no g in font nullfont!

! LaTeX Error: \caption outside float.

See the LaTeX manual or LaTeX Companion for explanation.
Type  H <return>  for immediate help.
 ...                                              
                                                  
l.137 		\caption
                {Benötigtes Werkzeug} \label{Benwerk}
You're in trouble here.  Try typing  <return>  to proceed.
If that doesn't work, type  X <return>  to quit.

Missing character: There is no B in font nullfont!
Missing character: There is no e in font nullfont!
Missing character: There is no n in font nullfont!
Missing character: There is no t in font nullfont!
Missing character: There is no i in font nullfont!
Missing character: There is no g in font nullfont!
Missing character: There is no t in font nullfont!
Missing character: There is no e in font nullfont!
Missing character: There is no s in font nullfont!
Missing character: There is no W in font nullfont!
Missing character: There is no e in font nullfont!
Missing character: There is no r in font nullfont!
Missing character: There is no k in font nullfont!
Missing character: There is no z in font nullfont!
Missing character: There is no e in font nullfont!
Missing character: There is no u in font nullfont!
Missing character: There is no g in font nullfont!

Overfull \hbox (5.00002pt too wide) in paragraph at lines 136--138
 \/cmr/m/n/10 ^^?o 
 []


! LaTeX Error: \begin{document} ended by \end{figure}.

See the LaTeX manual or LaTeX Companion for explanation.
Type  H <return>  for immediate help.
 ...                                              
                                                  
l.139 \end{figure}
                  
Your command was ignored.
Type  I <command> <return>  to replace it with another command,
or  <return>  to continue without it.


! LaTeX Error: Environment figure undefined.

See the LaTeX manual or LaTeX Companion for explanation.
Type  H <return>  for immediate help.
 ...                                              
                                                  
l.141 \begin{figure}
                    [H]
Your command was ignored.
Type  I <command> <return>  to replace it with another command,
or  <return>  to continue without it.

Missing character: There is no [ in font nullfont!
Missing character: There is no H in font nullfont!
Missing character: There is no ] in font nullfont!

Overfull \hbox (20.0pt too wide) in paragraph at lines 141--142
[] 
 []


! LaTeX Error: Environment tabularx undefined.

See the LaTeX manual or LaTeX Companion for explanation.
Type  H <return>  for immediate help.
 ...                                              
                                                  
l.144 		\begin{tabularx}
                        {\textwidth}{|p{0.4cm}|p{3.4cm}|X|X|X|X|}
Your command was ignored.
Type  I <command> <return>  to replace it with another command,
or  <return>  to continue without it.

! Missing number, treated as zero.
<to be read again> 
                   }
l.144 		\begin{tabularx}{\textwidth}
                                    {|p{0.4cm}|p{3.4cm}|X|X|X|X|}
A number should have been here; I inserted `0'.
(If you can't figure out why I needed to see a number,
look up `weird error' in the index to The TeXbook.)

! Illegal unit of measure (pt inserted).
<to be read again> 
                   }
l.144 		\begin{tabularx}{\textwidth}
                                    {|p{0.4cm}|p{3.4cm}|X|X|X|X|}
Dimensions can be in units of em, ex, in, pt, pc,
cm, mm, dd, cc, nd, nc, bp, or sp; but yours is a new one!
I'll assume that you meant to say pt, for printer's points.
To recover gracefully from this error, it's best to
delete the erroneous units; e.g., type `2' to delete
two letters. (See Chapter 27 of The TeXbook.)

! Misplaced \noalign.
\hline ->\noalign 
                  {\ifnum 0=`}\fi \hrule \@height \arrayrulewidth \futurelet...
l.145 			\hline
               
I expect to see \noalign only after the \cr of
an alignment. Proceed, and I'll ignore this case.


Overfull \hbox (137.85754pt too wide) in paragraph at lines 144--145
 \OT1/cmr/m/n/8 |p0.4cm|p3.4cm|X|X|X|X| 
 []

! Misplaced alignment tab character &.
l.146 			\textbf{Pos.} &
                          \textbf{Benennung} &  \textbf{Beschreibung}\\ \hline
I can't figure out why you would want to use a tab mark
here. If you just want an ampersand, the remedy is
simple: Just type `I\&' now. But if some right brace
up above has ended a previous alignment prematurely,
you're probably due for more error messages, and you
might try typing `S' now just to see what is salvageable.

! Misplaced alignment tab character &.
l.146 			\textbf{Pos.} &  \textbf{Benennung} &
                                                \textbf{Beschreibung}\\ \hline
I can't figure out why you would want to use a tab mark
here. If you just want an ampersand, the remedy is
simple: Just type `I\&' now. But if some right brace
up above has ended a previous alignment prematurely,
you're probably due for more error messages, and you
might try typing `S' now just to see what is salvageable.


Overfull \hbox (17.89902pt too wide) in paragraph at lines 146--146
 []\OT1/cmr/bx/n/8 Pos. 
 []


Overfull \hbox (14.71123pt too wide) in paragraph at lines 146--146
 \OT1/cmr/bx/n/8 Be- 
 []


Overfull \hbox (18.64459pt too wide) in paragraph at lines 146--146
 \OT1/cmr/bx/n/8 nen- 
 []


Overfull \hbox (20.96127pt too wide) in paragraph at lines 146--146
 \OT1/cmr/bx/n/8 nung 
 []


Overfull \hbox (39.36586pt too wide) in paragraph at lines 146--146
 \OT1/cmr/bx/n/8 Beschrei- 
 []


Overfull \hbox (21.36961pt too wide) in paragraph at lines 146--146
 \OT1/cmr/bx/n/8 bung 
 []

! Misplaced \noalign.
\hline ->\noalign 
                  {\ifnum 0=`}\fi \hrule \@height \arrayrulewidth \futurelet...
l.146 ...ennung} &  \textbf{Beschreibung}\\ \hline
                                                  
I expect to see \noalign only after the \cr of
an alignment. Proceed, and I'll ignore this case.

! Misplaced alignment tab character &.
l.147 			1 &
             Multimeter & Vielfachmessgerät zur Messung Elektrischer Größ...
I can't figure out why you would want to use a tab mark
here. If you just want an ampersand, the remedy is
simple: Just type `I\&' now. But if some right brace
up above has ended a previous alignment prematurely,
you're probably due for more error messages, and you
might try typing `S' now just to see what is salvageable.

! Misplaced alignment tab character &.
l.147 			1 & Multimeter &
                          Vielfachmessgerät zur Messung Elektrischer Größ...
I can't figure out why you would want to use a tab mark
here. If you just want an ampersand, the remedy is
simple: Just type `I\&' now. But if some right brace
up above has ended a previous alignment prematurely,
you're probably due for more error messages, and you
might try typing `S' now just to see what is salvageable.


Overfull \hbox (4.25006pt too wide) in paragraph at lines 147--147
 []\OT1/cmr/m/n/8 1 
 []


Overfull \hbox (17.70026pt too wide) in paragraph at lines 147--147
 \OT1/cmr/m/n/8 Mul- 
 []


Overfull \hbox (8.50012pt too wide) in paragraph at lines 147--147
 \OT1/cmr/m/n/8 ti- 
 []


Overfull \hbox (13.69464pt too wide) in paragraph at lines 147--147
 \OT1/cmr/m/n/8 me- 
 []


Overfull \hbox (10.39598pt too wide) in paragraph at lines 147--147
 \OT1/cmr/m/n/8 ter 
 []


Overfull \hbox (50.37851pt too wide) in paragraph at lines 147--147
 \OT1/cmr/m/n/8 Vielfachmess- 
 []


Overfull \hbox (18.8961pt too wide) in paragraph at lines 147--147
 \OT1/cmr/m/n/8 ger^^?at 
 []


Overfull \hbox (11.81267pt too wide) in paragraph at lines 147--147
 \OT1/cmr/m/n/8 zur 
 []


Overfull \hbox (17.74748pt too wide) in paragraph at lines 147--147
 \OT1/cmr/m/n/8 Mes- 
 []


Overfull \hbox (17.04747pt too wide) in paragraph at lines 147--147
 \OT1/cmr/m/n/8 sung 
 []


Overfull \hbox (19.23917pt too wide) in paragraph at lines 147--147
 \OT1/cmr/m/n/8 Elek- 
 []


Overfull \hbox (27.68651pt too wide) in paragraph at lines 147--147
 \OT1/cmr/m/n/8 trischer 
 []


Overfull \hbox (26.98094pt too wide) in paragraph at lines 147--147
 \OT1/cmr/m/n/8 Gr^^?o^^Yen 
 []


Overfull \hbox (14.51688pt too wide) in paragraph at lines 147--147
 \OT1/cmr/m/n/8 z.B. 
 []


Overfull \hbox (21.2503pt too wide) in paragraph at lines 147--147
 \OT1/cmr/m/n/8 Span- 
 []


Overfull \hbox (20.54196pt too wide) in paragraph at lines 147--147
 \OT1/cmr/m/n/8 nung, 
 []


Overfull \hbox (22.67393pt too wide) in paragraph at lines 147--147
 \OT1/cmr/m/n/8 Strom 
 []


Overfull \hbox (14.16687pt too wide) in paragraph at lines 147--147
 \OT1/cmr/m/n/8 und 
 []


Overfull \hbox (25.73509pt too wide) in paragraph at lines 147--147
 \OT1/cmr/m/n/8 Wider- 
 []


Overfull \hbox (20.35307pt too wide) in paragraph at lines 147--147
 \OT1/cmr/m/n/8 stand 
 []

! Misplaced \noalign.
\hline ->\noalign 
                  {\ifnum 0=`}\fi \hrule \@height \arrayrulewidth \futurelet...
l.147 ...Spannung, Strom und Widerstand  \\ \hline
                                                  
I expect to see \noalign only after the \cr of
an alignment. Proceed, and I'll ignore this case.

! Misplaced alignment tab character &.
l.148 			2 &
             Abisolierzange & Werkzeug zum Abisolieren elektrischer Leitunge...
I can't figure out why you would want to use a tab mark
here. If you just want an ampersand, the remedy is
simple: Just type `I\&' now. But if some right brace
up above has ended a previous alignment prematurely,
you're probably due for more error messages, and you
might try typing `S' now just to see what is salvageable.

! Misplaced alignment tab character &.
l.148 			2 & Abisolierzange &
                              Werkzeug zum Abisolieren elektrischer Leitunge...
I can't figure out why you would want to use a tab mark
here. If you just want an ampersand, the remedy is
simple: Just type `I\&' now. But if some right brace
up above has ended a previous alignment prematurely,
you're probably due for more error messages, and you
might try typing `S' now just to see what is salvageable.


Overfull \hbox (4.25006pt too wide) in paragraph at lines 148--148
 []\OT1/cmr/m/n/8 2 
 []


Overfull \hbox (53.64383pt too wide) in paragraph at lines 148--148
 \OT1/cmr/m/n/8 Abisolierzange 
 []


Overfull \hbox (36.12413pt too wide) in paragraph at lines 148--148
 \OT1/cmr/m/n/8 Werkzeug 
 []


Overfull \hbox (15.58356pt too wide) in paragraph at lines 148--148
 \OT1/cmr/m/n/8 zum 
 []


Overfull \hbox (41.36588pt too wide) in paragraph at lines 148--148
 \OT1/cmr/m/n/8 Abisolieren 
 []


Overfull \hbox (17.23636pt too wide) in paragraph at lines 148--148
 \OT1/cmr/m/n/8 elek- 
 []


Overfull \hbox (27.68651pt too wide) in paragraph at lines 148--148
 \OT1/cmr/m/n/8 trischer 
 []


Overfull \hbox (27.03094pt too wide) in paragraph at lines 148--148
 \OT1/cmr/m/n/8 Leitun- 
 []


Overfull \hbox (12.75018pt too wide) in paragraph at lines 148--148
 \OT1/cmr/m/n/8 gen 
 []

! Misplaced \noalign.
\hline ->\noalign 
                  {\ifnum 0=`}\fi \hrule \@height \arrayrulewidth \futurelet...
l.148 ...olieren elektrischer Leitungen  \\ \hline
                                                  
I expect to see \noalign only after the \cr of
an alignment. Proceed, and I'll ignore this case.

! Misplaced alignment tab character &.
l.149 			3 &
             Schraubendreher Schlitz 3 \ mm & Werkzeug zum hinein- oder hera...
I can't figure out why you would want to use a tab mark
here. If you just want an ampersand, the remedy is
simple: Just type `I\&' now. But if some right brace
up above has ended a previous alignment prematurely,
you're probably due for more error messages, and you
might try typing `S' now just to see what is salvageable.

! Misplaced alignment tab character &.
l.149 			3 & Schraubendreher Schlitz 3 \ mm &
                                              Werkzeug zum hinein- oder hera...
I can't figure out why you would want to use a tab mark
here. If you just want an ampersand, the remedy is
simple: Just type `I\&' now. But if some right brace
up above has ended a previous alignment prematurely,
you're probably due for more error messages, and you
might try typing `S' now just to see what is salvageable.


Overfull \hbox (4.25006pt too wide) in paragraph at lines 149--149
 []\OT1/cmr/m/n/8 3 
 []


Overfull \hbox (41.5631pt too wide) in paragraph at lines 149--149
 \OT1/cmr/m/n/8 Schrauben- 
 []


Overfull \hbox (23.62534pt too wide) in paragraph at lines 149--149
 \OT1/cmr/m/n/8 dreher 
 []


Overfull \hbox (24.79202pt too wide) in paragraph at lines 149--149
 \OT1/cmr/m/n/8 Schlitz 
 []


Overfull \hbox (4.25006pt too wide) in paragraph at lines 149--149
 \OT1/cmr/m/n/8 3 
 []


Overfull \hbox (14.16687pt too wide) in paragraph at lines 149--149
 \OT1/cmr/m/n/8 mm 
 []


Overfull \hbox (36.12413pt too wide) in paragraph at lines 149--149
 \OT1/cmr/m/n/8 Werkzeug 
 []


Overfull \hbox (15.58356pt too wide) in paragraph at lines 149--149
 \OT1/cmr/m/n/8 zum 
 []


Overfull \hbox (25.50037pt too wide) in paragraph at lines 149--149
 \OT1/cmr/m/n/8 hinein- 
 []


Overfull \hbox (16.29884pt too wide) in paragraph at lines 149--149
 \OT1/cmr/m/n/8 oder 
 []


Overfull \hbox (14.64604pt too wide) in paragraph at lines 149--149
 \OT1/cmr/m/n/8 her- 
 []


Overfull \hbox (18.51138pt too wide) in paragraph at lines 149--149
 \OT1/cmr/m/n/8 auss- 
 []


Overfull \hbox (34.00743pt too wide) in paragraph at lines 149--149
 \OT1/cmr/m/n/8 chrauben 
 []


Overfull \hbox (13.22241pt too wide) in paragraph at lines 149--149
 \OT1/cmr/m/n/8 von 
 []


Overfull \hbox (38.72972pt too wide) in paragraph at lines 149--149
 \OT1/cmr/m/n/8 Schrauben 
 []

! Misplaced \noalign.
\hline ->\noalign 
                  {\ifnum 0=`}\fi \hrule \@height \arrayrulewidth \futurelet...
l.149 ...r herausschrauben von Schrauben \\ \hline
                                                  
I expect to see \noalign only after the \cr of
an alignment. Proceed, and I'll ignore this case.

! Misplaced alignment tab character &.
l.150 			4 &
             Seitenschneider & Werkzeug zum Trennen  \\ \hline
I can't figure out why you would want to use a tab mark
here. If you just want an ampersand, the remedy is
simple: Just type `I\&' now. But if some right brace
up above has ended a previous alignment prematurely,
you're probably due for more error messages, and you
might try typing `S' now just to see what is salvageable.

! Misplaced alignment tab character &.
l.150 			4 & Seitenschneider &
                               Werkzeug zum Trennen  \\ \hline
I can't figure out why you would want to use a tab mark
here. If you just want an ampersand, the remedy is
simple: Just type `I\&' now. But if some right brace
up above has ended a previous alignment prematurely,
you're probably due for more error messages, and you
might try typing `S' now just to see what is salvageable.


Overfull \hbox (4.25006pt too wide) in paragraph at lines 150--150
 []\OT1/cmr/m/n/8 4 
 []


Overfull \hbox (17.00024pt too wide) in paragraph at lines 150--150
 \OT1/cmr/m/n/8 Seit- 
 []


Overfull \hbox (11.3335pt too wide) in paragraph at lines 150--150
 \OT1/cmr/m/n/8 en- 
 []


Overfull \hbox (25.31148pt too wide) in paragraph at lines 150--150
 \OT1/cmr/m/n/8 schnei- 
 []


Overfull \hbox (11.81267pt too wide) in paragraph at lines 150--150
 \OT1/cmr/m/n/8 der 
 []


Overfull \hbox (36.12413pt too wide) in paragraph at lines 150--150
 \OT1/cmr/m/n/8 Werkzeug 
 []


Overfull \hbox (15.58356pt too wide) in paragraph at lines 150--150
 \OT1/cmr/m/n/8 zum 
 []


Overfull \hbox (20.07668pt too wide) in paragraph at lines 150--150
 \OT1/cmr/m/n/8 Tren- 
 []


Overfull \hbox (13.22241pt too wide) in paragraph at lines 150--150
 \OT1/cmr/m/n/8 nen 
 []

! Misplaced \noalign.
\hline ->\noalign 
                  {\ifnum 0=`}\fi \hrule \@height \arrayrulewidth \futurelet...
l.150 ...hneider & Werkzeug zum Trennen  \\ \hline
                                                  
I expect to see \noalign only after the \cr of
an alignment. Proceed, and I'll ignore this case.

! Misplaced alignment tab character &.
l.151 			5 &
             Innensechskantschlüssel 2 \ mm &  Werkzeug zum hinein- oder he...
I can't figure out why you would want to use a tab mark
here. If you just want an ampersand, the remedy is
simple: Just type `I\&' now. But if some right brace
up above has ended a previous alignment prematurely,
you're probably due for more error messages, and you
might try typing `S' now just to see what is salvageable.

! Misplaced alignment tab character &.
l.151 			5 & Innensechskantschlüssel 2 \ mm &
                                                Werkzeug zum hinein- oder he...
I can't figure out why you would want to use a tab mark
here. If you just want an ampersand, the remedy is
simple: Just type `I\&' now. But if some right brace
up above has ended a previous alignment prematurely,
you're probably due for more error messages, and you
might try typing `S' now just to see what is salvageable.


Overfull \hbox (4.25006pt too wide) in paragraph at lines 151--151
 []\OT1/cmr/m/n/8 5 
 []


Overfull \hbox (10.61682pt too wide) in paragraph at lines 151--151
 \OT1/cmr/m/n/8 In- 
 []


Overfull \hbox (31.45045pt too wide) in paragraph at lines 151--151
 \OT1/cmr/m/n/8 nensech- 
 []


Overfull \hbox (50.95352pt too wide) in paragraph at lines 151--151
 \OT1/cmr/m/n/8 skantschl^^?ussel 
 []


Overfull \hbox (4.25006pt too wide) in paragraph at lines 151--151
 \OT1/cmr/m/n/8 2 
 []


Overfull \hbox (14.16687pt too wide) in paragraph at lines 151--151
 \OT1/cmr/m/n/8 mm 
 []


Overfull \hbox (36.12413pt too wide) in paragraph at lines 151--151
 \OT1/cmr/m/n/8 Werkzeug 
 []


Overfull \hbox (15.58356pt too wide) in paragraph at lines 151--151
 \OT1/cmr/m/n/8 zum 
 []


Overfull \hbox (25.50037pt too wide) in paragraph at lines 151--151
 \OT1/cmr/m/n/8 hinein- 
 []


Overfull \hbox (16.29884pt too wide) in paragraph at lines 151--151
 \OT1/cmr/m/n/8 oder 
 []


Overfull \hbox (14.64604pt too wide) in paragraph at lines 151--151
 \OT1/cmr/m/n/8 her- 
 []


Overfull \hbox (18.51138pt too wide) in paragraph at lines 151--151
 \OT1/cmr/m/n/8 auss- 
 []


Overfull \hbox (34.00743pt too wide) in paragraph at lines 151--151
 \OT1/cmr/m/n/8 chrauben 
 []


Overfull \hbox (13.22241pt too wide) in paragraph at lines 151--151
 \OT1/cmr/m/n/8 von 
 []


Overfull \hbox (38.72972pt too wide) in paragraph at lines 151--151
 \OT1/cmr/m/n/8 Schrauben 
 []

! Misplaced \noalign.
\hline ->\noalign 
                  {\ifnum 0=`}\fi \hrule \@height \arrayrulewidth \futurelet...
l.151 ...r herausschrauben von Schrauben \\ \hline
                                                  
I expect to see \noalign only after the \cr of
an alignment. Proceed, and I'll ignore this case.

! Misplaced alignment tab character &.
l.152 			6 &
             Innensechskantschlüssel 2.5 \ mm &  Werkzeug zum hinein- oder ...
I can't figure out why you would want to use a tab mark
here. If you just want an ampersand, the remedy is
simple: Just type `I\&' now. But if some right brace
up above has ended a previous alignment prematurely,
you're probably due for more error messages, and you
might try typing `S' now just to see what is salvageable.

! Misplaced alignment tab character &.
l.152 			6 & Innensechskantschlüssel 2.5 \ mm &
                                                  Werkzeug zum hinein- oder ...
I can't figure out why you would want to use a tab mark
here. If you just want an ampersand, the remedy is
simple: Just type `I\&' now. But if some right brace
up above has ended a previous alignment prematurely,
you're probably due for more error messages, and you
might try typing `S' now just to see what is salvageable.


Overfull \hbox (4.25006pt too wide) in paragraph at lines 152--152
 []\OT1/cmr/m/n/8 6 
 []


Overfull \hbox (10.61682pt too wide) in paragraph at lines 152--152
 \OT1/cmr/m/n/8 In- 
 []


Overfull \hbox (31.45045pt too wide) in paragraph at lines 152--152
 \OT1/cmr/m/n/8 nensech- 
 []


Overfull \hbox (50.95352pt too wide) in paragraph at lines 152--152
 \OT1/cmr/m/n/8 skantschl^^?ussel 
 []


Overfull \hbox (10.86127pt too wide) in paragraph at lines 152--152
 \OT1/cmr/m/n/8 2.5 
 []


Overfull \hbox (14.16687pt too wide) in paragraph at lines 152--152
 \OT1/cmr/m/n/8 mm 
 []


Overfull \hbox (36.12413pt too wide) in paragraph at lines 152--152
 \OT1/cmr/m/n/8 Werkzeug 
 []


Overfull \hbox (15.58356pt too wide) in paragraph at lines 152--152
 \OT1/cmr/m/n/8 zum 
 []


Overfull \hbox (25.50037pt too wide) in paragraph at lines 152--152
 \OT1/cmr/m/n/8 hinein- 
 []


Overfull \hbox (16.29884pt too wide) in paragraph at lines 152--152
 \OT1/cmr/m/n/8 oder 
 []


Overfull \hbox (14.64604pt too wide) in paragraph at lines 152--152
 \OT1/cmr/m/n/8 her- 
 []


Overfull \hbox (18.51138pt too wide) in paragraph at lines 152--152
 \OT1/cmr/m/n/8 auss- 
 []


Overfull \hbox (34.00743pt too wide) in paragraph at lines 152--152
 \OT1/cmr/m/n/8 chrauben 
 []


Overfull \hbox (13.22241pt too wide) in paragraph at lines 152--152
 \OT1/cmr/m/n/8 von 
 []


Overfull \hbox (38.72972pt too wide) in paragraph at lines 152--152
 \OT1/cmr/m/n/8 Schrauben 
 []

! Misplaced \noalign.
\hline ->\noalign 
                  {\ifnum 0=`}\fi \hrule \@height \arrayrulewidth \futurelet...
l.152 ...r herausschrauben von Schrauben \\ \hline
                                                  
I expect to see \noalign only after the \cr of
an alignment. Proceed, and I'll ignore this case.

! Misplaced alignment tab character &.
l.153 			7 &
             Lötkolben &  Gerät um Bauteile zu verlöten \\ \hline
I can't figure out why you would want to use a tab mark
here. If you just want an ampersand, the remedy is
simple: Just type `I\&' now. But if some right brace
up above has ended a previous alignment prematurely,
you're probably due for more error messages, and you
might try typing `S' now just to see what is salvageable.

! Misplaced alignment tab character &.
l.153 			7 & Lötkolben &
                           Gerät um Bauteile zu verlöten \\ \hline
I can't figure out why you would want to use a tab mark
here. If you just want an ampersand, the remedy is
simple: Just type `I\&' now. But if some right brace
up above has ended a previous alignment prematurely,
you're probably due for more error messages, and you
might try typing `S' now just to see what is salvageable.


Overfull \hbox (4.25006pt too wide) in paragraph at lines 153--153
 []\OT1/cmr/m/n/8 7 
 []


Overfull \hbox (37.18387pt too wide) in paragraph at lines 153--153
 \OT1/cmr/m/n/8 L^^?otkolben 
 []


Overfull \hbox (21.3142pt too wide) in paragraph at lines 153--153
 \OT1/cmr/m/n/8 Ger^^?at 
 []


Overfull \hbox (11.80573pt too wide) in paragraph at lines 153--153
 \OT1/cmr/m/n/8 um 
 []


Overfull \hbox (30.57266pt too wide) in paragraph at lines 153--153
 \OT1/cmr/m/n/8 Bauteile 
 []


Overfull \hbox (8.50012pt too wide) in paragraph at lines 153--153
 \OT1/cmr/m/n/8 zu 
 []


Overfull \hbox (29.75737pt too wide) in paragraph at lines 153--153
 \OT1/cmr/m/n/8 verl^^?oten 
 []

! Misplaced \noalign.
\hline ->\noalign 
                  {\ifnum 0=`}\fi \hrule \@height \arrayrulewidth \futurelet...
l.153 ...Gerät um Bauteile zu verlöten \\ \hline
                                                  
I expect to see \noalign only after the \cr of
an alignment. Proceed, and I'll ignore this case.


! LaTeX Error: \begin{center} on input line 142 ended by \end{tabularx}.

See the LaTeX manual or LaTeX Companion for explanation.
Type  H <return>  for immediate help.
 ...                                              
                                                  
l.155 		\end{tabularx}
                      
Your command was ignored.
Type  I <command> <return>  to replace it with another command,
or  <return>  to continue without it.

! Undefined control sequence.
l.156 		\captionof
                  {table}{Benötigtes Werkzeug}	\label{WerkTab}
The control sequence at the end of the top line
of your error message was never \def'ed. If you have
misspelled it (e.g., `\hobx'), type `I' and the correct
spelling (e.g., `I\hbox'). Otherwise just continue,
and I'll forget about whatever was undefined.


Overfull \hbox (57.53694pt too wide) in paragraph at lines 156--157
 []\OT1/cmr/m/n/8 tableBen^^?otigtes 
 []


Overfull \hbox (36.12413pt too wide) in paragraph at lines 156--157
 \OT1/cmr/m/n/8 Werkzeug 
 []


! LaTeX Error: \begin{document} ended by \end{figure}.

See the LaTeX manual or LaTeX Companion for explanation.
Type  H <return>  for immediate help.
 ...                                              
                                                  
l.158 \end{figure}
                  
Your command was ignored.
Type  I <command> <return>  to replace it with another command,
or  <return>  to continue without it.

! Undefined control sequence.
l.160 \section
              {Fertigung Bauteile}
The control sequence at the end of the top line
of your error message was never \def'ed. If you have
misspelled it (e.g., `\hobx'), type `I' and the correct
spelling (e.g., `I\hbox'). Otherwise just continue,
and I'll forget about whatever was undefined.

Missing character: There is no F in font nullfont!
Missing character: There is no e in font nullfont!
Missing character: There is no r in font nullfont!
Missing character: There is no t in font nullfont!
Missing character: There is no i in font nullfont!
Missing character: There is no g in font nullfont!
Missing character: There is no u in font nullfont!
Missing character: There is no n in font nullfont!
Missing character: There is no g in font nullfont!
Missing character: There is no B in font nullfont!
Missing character: There is no a in font nullfont!
Missing character: There is no u in font nullfont!
Missing character: There is no t in font nullfont!
Missing character: There is no e in font nullfont!
Missing character: There is no i in font nullfont!
Missing character: There is no l in font nullfont!
Missing character: There is no e in font nullfont!

Overfull \hbox (20.0pt too wide) in paragraph at lines 160--161
[]
 []

Missing character: There is no D in font nullfont!
Missing character: There is no i in font nullfont!
Missing character: There is no e in font nullfont!
Missing character: There is no a in font nullfont!
Missing character: There is no u in font nullfont!
Missing character: There is no s in font nullfont!
Missing character: There is no d in font nullfont!
Missing character: There is no e in font nullfont!
Missing character: There is no r in font nullfont!
Missing character: There is no C in font nullfont!
Missing character: There is no A in font nullfont!
Missing character: There is no D in font nullfont!
Missing character: There is no - in font nullfont!
Missing character: There is no S in font nullfont!
Missing character: There is no o in font nullfont!
Missing character: There is no f in font nullfont!
Missing character: There is no t in font nullfont!
Missing character: There is no w in font nullfont!
Missing character: There is no a in font nullfont!
Missing character: There is no r in font nullfont!
Missing character: There is no e in font nullfont!
Missing character: There is no k in font nullfont!
Missing character: There is no o in font nullfont!
Missing character: There is no n in font nullfont!
Missing character: There is no s in font nullfont!
Missing character: There is no t in font nullfont!
Missing character: There is no r in font nullfont!
Missing character: There is no u in font nullfont!
Missing character: There is no i in font nullfont!
Missing character: There is no e in font nullfont!
Missing character: There is no r in font nullfont!
Missing character: There is no t in font nullfont!
Missing character: There is no e in font nullfont!
Missing character: There is no n in font nullfont!
Missing character: There is no S in font nullfont!
Missing character: There is no T in font nullfont!
Missing character: There is no L in font nullfont!
Missing character: There is no - in font nullfont!
Missing character: There is no D in font nullfont!
Missing character: There is no a in font nullfont!
Missing character: There is no t in font nullfont!
Missing character: There is no e in font nullfont!
Missing character: There is no i in font nullfont!
Missing character: There is no e in font nullfont!
Missing character: There is no n in font nullfont!
Missing character: There is no m in font nullfont!
Missing character: There is no s in font nullfont!
Missing character: There is no s in font nullfont!
Missing character: There is no e in font nullfont!
Missing character: There is no n in font nullfont!
Missing character: There is no m in font nullfont!
Missing character: There is no i in font nullfont!
Missing character: There is no t in font nullfont!
Missing character: There is no e in font nullfont!
Missing character: There is no i in font nullfont!
Missing character: There is no n in font nullfont!
Missing character: There is no e in font nullfont!
Missing character: There is no r in font nullfont!
Missing character: There is no S in font nullfont!
Missing character: There is no l in font nullfont!
Missing character: There is no i in font nullfont!
Missing character: There is no c in font nullfont!
Missing character: There is no e in font nullfont!
Missing character: There is no r in font nullfont!
Missing character: There is no - in font nullfont!
Missing character: There is no S in font nullfont!
Missing character: There is no o in font nullfont!
Missing character: There is no f in font nullfont!
Missing character: There is no t in font nullfont!
Missing character: There is no w in font nullfont!
Missing character: There is no a in font nullfont!
Missing character: There is no r in font nullfont!
Missing character: There is no e in font nullfont!
Missing character: There is no a in font nullfont!
Missing character: There is no n in font nullfont!
Missing character: There is no d in font nullfont!
Missing character: There is no e in font nullfont!
Missing character: There is no n in font nullfont!
Missing character: There is no j in font nullfont!
Missing character: There is no e in font nullfont!
Missing character: There is no w in font nullfont!
Missing character: There is no e in font nullfont!
Missing character: There is no i in font nullfont!
Missing character: There is no l in font nullfont!
Missing character: There is no i in font nullfont!
Missing character: There is no g in font nullfont!
Missing character: There is no e in font nullfont!
Missing character: There is no n in font nullfont!
Missing character: There is no 3 in font nullfont!
Missing character: There is no D in font nullfont!
Missing character: There is no - in font nullfont!
Missing character: There is no D in font nullfont!
Missing character: There is no r in font nullfont!
Missing character: There is no u in font nullfont!
Missing character: There is no c in font nullfont!
Missing character: There is no k in font nullfont!
Missing character: There is no e in font nullfont!
Missing character: There is no r in font nullfont!
Missing character: There is no a in font nullfont!
Missing character: There is no n in font nullfont!
Missing character: There is no g in font nullfont!
Missing character: There is no e in font nullfont!
Missing character: There is no p in font nullfont!
Missing character: There is no a in font nullfont!
Missing character: There is no s in font nullfont!
Missing character: There is no s in font nullfont!
Missing character: There is no t in font nullfont!
Missing character: There is no w in font nullfont!
Missing character: There is no e in font nullfont!
Missing character: There is no r in font nullfont!
Missing character: There is no d in font nullfont!
Missing character: There is no e in font nullfont!
Missing character: There is no n in font nullfont!
Missing character: There is no . in font nullfont!
Missing character: There is no D in font nullfont!
Missing character: There is no a in font nullfont!
Missing character: There is no n in font nullfont!
Missing character: There is no a in font nullfont!
Missing character: There is no c in font nullfont!
Missing character: There is no h in font nullfont!
Missing character: There is no k in font nullfont!
Missing character: There is no n in font nullfont!
Missing character: There is no n in font nullfont!
Missing character: There is no e in font nullfont!
Missing character: There is no n in font nullfont!
Missing character: There is no G in font nullfont!
Missing character: There is no - in font nullfont!
Missing character: There is no C in font nullfont!
Missing character: There is no o in font nullfont!
Missing character: There is no d in font nullfont!
Missing character: There is no e in font nullfont!
Missing character: There is no s in font nullfont!
Missing character: There is no a in font nullfont!
Missing character: There is no n in font nullfont!
Missing character: There is no d in font nullfont!
Missing character: There is no e in font nullfont!
Missing character: There is no n in font nullfont!
Missing character: There is no 3 in font nullfont!
Missing character: There is no D in font nullfont!
Missing character: There is no - in font nullfont!
Missing character: There is no D in font nullfont!
Missing character: There is no r in font nullfont!
Missing character: There is no u in font nullfont!
Missing character: There is no c in font nullfont!
Missing character: There is no k in font nullfont!
Missing character: There is no e in font nullfont!
Missing character: There is no r in font nullfont!
Missing character: There is no e in font nullfont!
Missing character: There is no x in font nullfont!
Missing character: There is no p in font nullfont!
Missing character: There is no o in font nullfont!
Missing character: There is no r in font nullfont!
Missing character: There is no t in font nullfont!
Missing character: There is no i in font nullfont!
Missing character: There is no e in font nullfont!
Missing character: There is no r in font nullfont!
Missing character: There is no t in font nullfont!
Missing character: There is no u in font nullfont!
Missing character: There is no n in font nullfont!
Missing character: There is no d in font nullfont!
Missing character: There is no g in font nullfont!
Missing character: There is no e in font nullfont!
Missing character: There is no d in font nullfont!
Missing character: There is no r in font nullfont!
Missing character: There is no u in font nullfont!
Missing character: There is no c in font nullfont!
Missing character: There is no k in font nullfont!
Missing character: There is no t in font nullfont!
Missing character: There is no w in font nullfont!
Missing character: There is no e in font nullfont!
Missing character: There is no r in font nullfont!
Missing character: There is no d in font nullfont!
Missing character: There is no e in font nullfont!
Missing character: There is no n in font nullfont!
Missing character: There is no . in font nullfont!
Missing character: There is no D in font nullfont!
Missing character: There is no i in font nullfont!
Missing character: There is no e in font nullfont!
Missing character: There is no S in font nullfont!
Missing character: There is no T in font nullfont!
Missing character: There is no L in font nullfont!
Missing character: There is no - in font nullfont!
Missing character: There is no D in font nullfont!
Missing character: There is no a in font nullfont!
Missing character: There is no t in font nullfont!
Missing character: There is no e in font nullfont!
Missing character: There is no i in font nullfont!
Missing character: There is no e in font nullfont!
Missing character: There is no n in font nullfont!
Missing character: There is no s in font nullfont!
Missing character: There is no i in font nullfont!
Missing character: There is no n in font nullfont!
Missing character: There is no d in font nullfont!
Missing character: There is no u in font nullfont!
Missing character: There is no n in font nullfont!
Missing character: There is no t in font nullfont!
Missing character: There is no e in font nullfont!
Missing character: There is no r in font nullfont!
Missing character: There is no d in font nullfont!
Missing character: There is no e in font nullfont!
Missing character: There is no m in font nullfont!
Missing character: There is no P in font nullfont!
Missing character: There is no f in font nullfont!
Missing character: There is no a in font nullfont!
Missing character: There is no d in font nullfont!
Missing character: There is no z in font nullfont!
Missing character: There is no u in font nullfont!
Missing character: There is no f in font nullfont!
Missing character: There is no i in font nullfont!
Missing character: There is no n in font nullfont!
Missing character: There is no d in font nullfont!
Missing character: There is no e in font nullfont!
Missing character: There is no n in font nullfont!
Missing character: There is no : in font nullfont!
LaTeX Font Info:    Trying to load font information for OMS+cmr on input line 1
62.
(c:/texlive/texmf-dist/tex/latex/base/omscmr.fd
File: omscmr.fd 2024/11/19 v2.5n Standard LaTeX font definitions
)
LaTeX Font Info:    Font shape `OMS/cmr/m/it' in size <10> not available
(Font)              Font shape `OMS/cmsy/m/n' tried instead on input line 162.

Missing character: There is no . in font nullfont!
Missing character: There is no W in font nullfont!
Missing character: There is no e in font nullfont!
Missing character: There is no n in font nullfont!
Missing character: There is no n in font nullfont!
Missing character: There is no S in font nullfont!
Missing character: There is no i in font nullfont!
Missing character: There is no e in font nullfont!
Missing character: There is no d in font nullfont!
Missing character: There is no e in font nullfont!
Missing character: There is no n in font nullfont!
Missing character: There is no A in font nullfont!
Missing character: There is no n in font nullfont!
Missing character: There is no y in font nullfont!
Missing character: There is no C in font nullfont!
Missing character: There is no u in font nullfont!
Missing character: There is no b in font nullfont!
Missing character: There is no i in font nullfont!
Missing character: There is no c in font nullfont!
Missing character: There is no M in font nullfont!
Missing character: There is no o in font nullfont!
Missing character: There is no d in font nullfont!
Missing character: There is no e in font nullfont!
Missing character: There is no l in font nullfont!
Missing character: There is no K in font nullfont!
Missing character: There is no o in font nullfont!
Missing character: There is no b in font nullfont!
Missing character: There is no r in font nullfont!
Missing character: There is no a in font nullfont!
Missing character: There is no N in font nullfont!
Missing character: There is no e in font nullfont!
Missing character: There is no o in font nullfont!
Missing character: There is no 2 in font nullfont!
Missing character: There is no D in font nullfont!
Missing character: There is no r in font nullfont!
Missing character: There is no u in font nullfont!
Missing character: There is no c in font nullfont!
Missing character: There is no k in font nullfont!
Missing character: There is no e in font nullfont!
Missing character: There is no r in font nullfont!
Missing character: There is no v in font nullfont!
Missing character: There is no e in font nullfont!
Missing character: There is no r in font nullfont!
Missing character: There is no w in font nullfont!
Missing character: There is no e in font nullfont!
Missing character: There is no n in font nullfont!
Missing character: There is no d in font nullfont!
Missing character: There is no e in font nullfont!
Missing character: There is no n in font nullfont!
Missing character: There is no , in font nullfont!
Missing character: There is no f in font nullfont!
Missing character: There is no i in font nullfont!
Missing character: There is no n in font nullfont!
Missing character: There is no d in font nullfont!
Missing character: There is no e in font nullfont!
Missing character: There is no n in font nullfont!
Missing character: There is no S in font nullfont!
Missing character: There is no i in font nullfont!
Missing character: There is no e in font nullfont!
Missing character: There is no d in font nullfont!
Missing character: There is no i in font nullfont!
Missing character: There is no e in font nullfont!
Missing character: There is no f in font nullfont!
Missing character: There is no e in font nullfont!
Missing character: There is no r in font nullfont!
Missing character: There is no t in font nullfont!
Missing character: There is no i in font nullfont!
Missing character: There is no g in font nullfont!
Missing character: There is no e in font nullfont!
Missing character: There is no n in font nullfont!
Missing character: There is no G in font nullfont!
Missing character: There is no - in font nullfont!
Missing character: There is no C in font nullfont!
Missing character: There is no o in font nullfont!
Missing character: There is no d in font nullfont!
Missing character: There is no e in font nullfont!
Missing character: There is no s in font nullfont!
Missing character: There is no u in font nullfont!
Missing character: There is no n in font nullfont!
Missing character: There is no t in font nullfont!
Missing character: There is no e in font nullfont!
Missing character: There is no r in font nullfont!
Missing character: There is no d in font nullfont!
Missing character: There is no e in font nullfont!
Missing character: There is no m in font nullfont!
Missing character: There is no P in font nullfont!
Missing character: There is no f in font nullfont!
Missing character: There is no a in font nullfont!
Missing character: There is no d in font nullfont!
Missing character: There is no : in font nullfont!

Overfull \hbox (20.0pt too wide) in paragraph at lines 162--163
[]
 []


Overfull \hbox (5.55557pt too wide) in paragraph at lines 162--163
\/cmr/m/n/10 ^^?u
 []


Overfull \hbox (5.00002pt too wide) in paragraph at lines 162--163
\/cmr/m/n/10 ^^?o
 []


Overfull \hbox (34.63866pt too wide) in paragraph at lines 162--163
\OT1/cmr/m/it/10 Demon-
 []


Overfull \hbox (19.80539pt too wide) in paragraph at lines 162--163
\OT1/cmr/m/it/10 stra-
 []


Overfull \hbox (58.77736pt too wide) in paragraph at lines 162--163
\OT1/cmr/m/it/10 torSchrittmo-
 []


Overfull \hbox (12.6499pt too wide) in paragraph at lines 162--163
\OT1/cmr/m/it/10 tor
 []


Overfull \hbox (45.1831pt too wide) in paragraph at lines 162--163
\OMS/cmsy/m/n/10 n\OT1/cmr/m/it/10 Appendix
 []


Overfull \hbox (62.13853pt too wide) in paragraph at lines 162--163
\OMS/cmsy/m/n/10 n\OT1/cmr/m/it/10 Konstruktion
 []


Overfull \hbox (24.04988pt too wide) in paragraph at lines 162--163
\OMS/cmsy/m/n/10 n\OT1/cmr/m/it/10 STL
 []


Overfull \hbox (34.63866pt too wide) in paragraph at lines 162--163
\OT1/cmr/m/it/10 Demon-
 []


Overfull \hbox (19.80539pt too wide) in paragraph at lines 162--163
\OT1/cmr/m/it/10 stra-
 []


Overfull \hbox (58.77736pt too wide) in paragraph at lines 162--163
\OT1/cmr/m/it/10 torSchrittmo-
 []


Overfull \hbox (12.6499pt too wide) in paragraph at lines 162--163
\OT1/cmr/m/it/10 tor
 []


Overfull \hbox (45.1831pt too wide) in paragraph at lines 162--163
\OMS/cmsy/m/n/10 n\OT1/cmr/m/it/10 Appendix
 []


Overfull \hbox (62.13853pt too wide) in paragraph at lines 162--163
\OMS/cmsy/m/n/10 n\OT1/cmr/m/it/10 Konstruktion
 []


Overfull \hbox (129.32759pt too wide) in paragraph at lines 162--163
\OMS/cmsy/m/n/10 n\OT1/cmr/m/it/10 GCodesAnyCubicKobra2Neo 
 []

! Undefined control sequence.
l.164 \section
              {Einsetzen der Einpressmuttern}
The control sequence at the end of the top line
of your error message was never \def'ed. If you have
misspelled it (e.g., `\hobx'), type `I' and the correct
spelling (e.g., `I\hbox'). Otherwise just continue,
and I'll forget about whatever was undefined.

Missing character: There is no E in font nullfont!
Missing character: There is no i in font nullfont!
Missing character: There is no n in font nullfont!
Missing character: There is no s in font nullfont!
Missing character: There is no e in font nullfont!
Missing character: There is no t in font nullfont!
Missing character: There is no z in font nullfont!
Missing character: There is no e in font nullfont!
Missing character: There is no n in font nullfont!
Missing character: There is no d in font nullfont!
Missing character: There is no e in font nullfont!
Missing character: There is no r in font nullfont!
Missing character: There is no E in font nullfont!
Missing character: There is no i in font nullfont!
Missing character: There is no n in font nullfont!
Missing character: There is no p in font nullfont!
Missing character: There is no r in font nullfont!
Missing character: There is no e in font nullfont!
Missing character: There is no s in font nullfont!
Missing character: There is no s in font nullfont!
Missing character: There is no m in font nullfont!
Missing character: There is no u in font nullfont!
Missing character: There is no t in font nullfont!
Missing character: There is no t in font nullfont!
Missing character: There is no e in font nullfont!
Missing character: There is no r in font nullfont!
Missing character: There is no n in font nullfont!

Overfull \hbox (20.0pt too wide) in paragraph at lines 164--165
[]
 []

Missing character: There is no D in font nullfont!
Missing character: There is no i in font nullfont!
Missing character: There is no e in font nullfont!
Missing character: There is no E in font nullfont!
Missing character: There is no i in font nullfont!
Missing character: There is no n in font nullfont!
Missing character: There is no p in font nullfont!
Missing character: There is no r in font nullfont!
Missing character: There is no e in font nullfont!
Missing character: There is no s in font nullfont!
Missing character: There is no s in font nullfont!
Missing character: There is no m in font nullfont!
Missing character: There is no u in font nullfont!
Missing character: There is no t in font nullfont!
Missing character: There is no t in font nullfont!
Missing character: There is no e in font nullfont!
Missing character: There is no r in font nullfont!
Missing character: There is no n in font nullfont!
Missing character: There is no w in font nullfont!
Missing character: There is no e in font nullfont!
Missing character: There is no r in font nullfont!
Missing character: There is no d in font nullfont!
Missing character: There is no e in font nullfont!
Missing character: There is no n in font nullfont!
Missing character: There is no i in font nullfont!
Missing character: There is no n in font nullfont!
Missing character: There is no d in font nullfont!
Missing character: There is no i in font nullfont!
Missing character: There is no e in font nullfont!
Missing character: There is no B in font nullfont!
Missing character: There is no a in font nullfont!
Missing character: There is no u in font nullfont!
Missing character: There is no t in font nullfont!
Missing character: There is no e in font nullfont!
Missing character: There is no i in font nullfont!
Missing character: There is no l in font nullfont!
Missing character: There is no e in font nullfont!
Missing character: There is no F in font nullfont!
Missing character: There is no r in font nullfont!
Missing character: There is no o in font nullfont!
Missing character: There is no n in font nullfont!
Missing character: There is no t in font nullfont!
Missing character: There is no p in font nullfont!
Missing character: There is no l in font nullfont!
Missing character: There is no a in font nullfont!
Missing character: There is no t in font nullfont!
Missing character: There is no t in font nullfont!
Missing character: There is no e in font nullfont!
Missing character: There is no , in font nullfont!
Missing character: There is no R in font nullfont!
Missing character: There is no c in font nullfont!
Missing character: There is no k in font nullfont!
Missing character: There is no p in font nullfont!
Missing character: There is no l in font nullfont!
Missing character: There is no a in font nullfont!
Missing character: There is no t in font nullfont!
Missing character: There is no t in font nullfont!
Missing character: There is no e in font nullfont!
Missing character: There is no u in font nullfont!
Missing character: There is no n in font nullfont!
Missing character: There is no d in font nullfont!
Missing character: There is no A in font nullfont!
Missing character: There is no n in font nullfont!
Missing character: There is no z in font nullfont!
Missing character: There is no e in font nullfont!
Missing character: There is no i in font nullfont!
Missing character: There is no g in font nullfont!
Missing character: There is no e in font nullfont!
Missing character: There is no r in font nullfont!
Missing character: There is no e in font nullfont!
Missing character: There is no i in font nullfont!
Missing character: There is no n in font nullfont!
Missing character: There is no g in font nullfont!
Missing character: There is no e in font nullfont!
Missing character: There is no s in font nullfont!
Missing character: There is no e in font nullfont!
Missing character: There is no t in font nullfont!
Missing character: There is no z in font nullfont!
Missing character: There is no t in font nullfont!
Missing character: There is no . in font nullfont!
Missing character: There is no I in font nullfont!
Missing character: There is no n in font nullfont!
Missing character: There is no d in font nullfont!
Missing character: There is no i in font nullfont!
Missing character: There is no e in font nullfont!
Missing character: There is no 4 in font nullfont!
Missing character: There is no m in font nullfont!
Missing character: There is no m in font nullfont!
Missing character: There is no B in font nullfont!
Missing character: There is no o in font nullfont!
Missing character: There is no h in font nullfont!
Missing character: There is no r in font nullfont!
Missing character: There is no u in font nullfont!
Missing character: There is no n in font nullfont!
Missing character: There is no g in font nullfont!
Missing character: There is no e in font nullfont!
Missing character: There is no n in font nullfont!
Missing character: There is no d in font nullfont!
Missing character: There is no e in font nullfont!
Missing character: There is no r in font nullfont!
Missing character: There is no B in font nullfont!
Missing character: There is no a in font nullfont!
Missing character: There is no u in font nullfont!
Missing character: There is no t in font nullfont!
Missing character: There is no e in font nullfont!
Missing character: There is no i in font nullfont!
Missing character: There is no l in font nullfont!
Missing character: There is no e in font nullfont!
Missing character: There is no w in font nullfont!
Missing character: There is no i in font nullfont!
Missing character: There is no r in font nullfont!
Missing character: There is no d in font nullfont!
Missing character: There is no d in font nullfont!
Missing character: There is no i in font nullfont!
Missing character: There is no e in font nullfont!
Missing character: There is no E in font nullfont!
Missing character: There is no i in font nullfont!
Missing character: There is no n in font nullfont!
Missing character: There is no p in font nullfont!
Missing character: There is no r in font nullfont!
Missing character: There is no e in font nullfont!
Missing character: There is no s in font nullfont!
Missing character: There is no s in font nullfont!
Missing character: There is no m in font nullfont!
Missing character: There is no u in font nullfont!
Missing character: There is no t in font nullfont!
Missing character: There is no t in font nullfont!
Missing character: There is no e in font nullfont!
Missing character: There is no r in font nullfont!
Missing character: There is no m in font nullfont!
Missing character: There is no i in font nullfont!
Missing character: There is no t in font nullfont!
Missing character: There is no e in font nullfont!
Missing character: There is no i in font nullfont!
Missing character: There is no n in font nullfont!
Missing character: There is no e in font nullfont!
Missing character: There is no m in font nullfont!
Missing character: There is no h in font nullfont!
Missing character: There is no e in font nullfont!
Missing character: There is no i in font nullfont!
Missing character: There is no e in font nullfont!
Missing character: There is no n in font nullfont!
Missing character: There is no L in font nullfont!
Missing character: There is no t in font nullfont!
Missing character: There is no k in font nullfont!
Missing character: There is no o in font nullfont!
Missing character: There is no l in font nullfont!
Missing character: There is no b in font nullfont!
Missing character: There is no e in font nullfont!
Missing character: There is no n in font nullfont!
Missing character: There is no e in font nullfont!
Missing character: There is no i in font nullfont!
Missing character: There is no n in font nullfont!
Missing character: There is no g in font nullfont!
Missing character: There is no e in font nullfont!
Missing character: There is no p in font nullfont!
Missing character: There is no r in font nullfont!
Missing character: There is no e in font nullfont!
Missing character: There is no s in font nullfont!
Missing character: There is no s in font nullfont!
Missing character: There is no t in font nullfont!
Missing character: There is no , in font nullfont!
Missing character: There is no b in font nullfont!
Missing character: There is no i in font nullfont!
Missing character: There is no s in font nullfont!
Missing character: There is no s in font nullfont!
Missing character: There is no i in font nullfont!
Missing character: There is no e in font nullfont!
Missing character: There is no b in font nullfont!
Missing character: There is no n in font nullfont!
Missing character: There is no d in font nullfont!
Missing character: There is no i in font nullfont!
Missing character: There is no g in font nullfont!
Missing character: There is no m in font nullfont!
Missing character: There is no i in font nullfont!
Missing character: There is no t in font nullfont!
Missing character: There is no d in font nullfont!
Missing character: There is no e in font nullfont!
Missing character: There is no m in font nullfont!
Missing character: There is no B in font nullfont!
Missing character: There is no a in font nullfont!
Missing character: There is no u in font nullfont!
Missing character: There is no t in font nullfont!
Missing character: There is no e in font nullfont!
Missing character: There is no i in font nullfont!
Missing character: There is no l in font nullfont!
Missing character: There is no a in font nullfont!
Missing character: There is no b in font nullfont!
Missing character: There is no s in font nullfont!
Missing character: There is no c in font nullfont!
Missing character: There is no h in font nullfont!
Missing character: There is no l in font nullfont!
Missing character: There is no i in font nullfont!
Missing character: There is no e in font nullfont!
Missing character: There is no t in font nullfont!
Missing character: There is no . in font nullfont!
Missing character: There is no D in font nullfont!
Missing character: There is no i in font nullfont!
Missing character: There is no e in font nullfont!
Missing character: There is no s in font nullfont!
Missing character: There is no i in font nullfont!
Missing character: There is no s in font nullfont!
Missing character: There is no t in font nullfont!
Missing character: There is no i in font nullfont!
Missing character: There is no n in font nullfont!
Missing character: There is no A in font nullfont!
Missing character: There is no b in font nullfont!
Missing character: There is no b in font nullfont!
Missing character: There is no i in font nullfont!
Missing character: There is no l in font nullfont!
Missing character: There is no d in font nullfont!
Missing character: There is no u in font nullfont!
Missing character: There is no n in font nullfont!
Missing character: There is no g in font nullfont!
! Undefined control sequence.
<write> ... Reference `Einpress' on page \thepage 
                                                  \space undefined\on@line .
l.166 ...ßt. Dies ist in Abbildung \ref{Einpress}
                                                   dargestellt.
The control sequence at the end of the top line
of your error message was never \def'ed. If you have
misspelled it (e.g., `\hobx'), type `I' and the correct
spelling (e.g., `I\hbox'). Otherwise just continue,
and I'll forget about whatever was undefined.


LaTeX Warning: Reference `Einpress' on page  undefined on input line 166.

Missing character: There is no d in font nullfont!
Missing character: There is no a in font nullfont!
Missing character: There is no r in font nullfont!
Missing character: There is no g in font nullfont!
Missing character: There is no e in font nullfont!
Missing character: There is no s in font nullfont!
Missing character: There is no t in font nullfont!
Missing character: There is no e in font nullfont!
Missing character: There is no l in font nullfont!
Missing character: There is no l in font nullfont!
Missing character: There is no t in font nullfont!
Missing character: There is no . in font nullfont!

Overfull \hbox (20.0pt too wide) in paragraph at lines 166--167
[]
 []


Overfull \hbox (5.55557pt too wide) in paragraph at lines 166--167
\/cmr/m/n/10 ^^?u
 []


Overfull \hbox (7.7778pt too wide) in paragraph at lines 166--167
\/cmr/m/n/10 ^^_
 []


Overfull \hbox (5.00002pt too wide) in paragraph at lines 166--167
\/cmr/m/n/10 ^^Y
 []


Overfull \hbox (5.00002pt too wide) in paragraph at lines 166--167
\/cmr/m/n/10 ^^?o
 []


Overfull \hbox (5.55557pt too wide) in paragraph at lines 166--167
\/cmr/m/n/10 ^^?u
 []


Overfull \hbox (5.00002pt too wide) in paragraph at lines 166--167
\/cmr/m/n/10 ^^Y
 []


Overfull \hbox (10.86105pt too wide) in paragraph at lines 166--167
[]
 []


! LaTeX Error: Environment figure undefined.

See the LaTeX manual or LaTeX Companion for explanation.
Type  H <return>  for immediate help.
 ...                                              
                                                  
l.168 \begin{figure}
                    [H]
Your command was ignored.
Type  I <command> <return>  to replace it with another command,
or  <return>  to continue without it.

Missing character: There is no [ in font nullfont!
Missing character: There is no H in font nullfont!
Missing character: There is no ] in font nullfont!

Overfull \hbox (20.0pt too wide) in paragraph at lines 168--169
[] 
 []

! Undefined control sequence.
l.170 		\includegraphics
                        [width=\textwidth]{Images/Einpress.jpg}
The control sequence at the end of the top line
of your error message was never \def'ed. If you have
misspelled it (e.g., `\hobx'), type `I' and the correct
spelling (e.g., `I\hbox'). Otherwise just continue,
and I'll forget about whatever was undefined.

Missing character: There is no [ in font nullfont!
Missing character: There is no w in font nullfont!
Missing character: There is no i in font nullfont!
Missing character: There is no d in font nullfont!
Missing character: There is no t in font nullfont!
Missing character: There is no h in font nullfont!
Missing character: There is no = in font nullfont!
! Missing number, treated as zero.
<to be read again> 
                   ]
l.170 		\includegraphics[width=\textwidth]
                                          {Images/Einpress.jpg}
A number should have been here; I inserted `0'.
(If you can't figure out why I needed to see a number,
look up `weird error' in the index to The TeXbook.)

! Illegal unit of measure (pt inserted).
<to be read again> 
                   ]
l.170 		\includegraphics[width=\textwidth]
                                          {Images/Einpress.jpg}
Dimensions can be in units of em, ex, in, pt, pc,
cm, mm, dd, cc, nd, nc, bp, or sp; but yours is a new one!
I'll assume that you meant to say pt, for printer's points.
To recover gracefully from this error, it's best to
delete the erroneous units; e.g., type `2' to delete
two letters. (See Chapter 27 of The TeXbook.)

Missing character: There is no ] in font nullfont!
Missing character: There is no I in font nullfont!
Missing character: There is no m in font nullfont!
Missing character: There is no a in font nullfont!
Missing character: There is no g in font nullfont!
Missing character: There is no e in font nullfont!
Missing character: There is no s in font nullfont!
Missing character: There is no / in font nullfont!
Missing character: There is no E in font nullfont!
Missing character: There is no i in font nullfont!
Missing character: There is no n in font nullfont!
Missing character: There is no p in font nullfont!
Missing character: There is no r in font nullfont!
Missing character: There is no e in font nullfont!
Missing character: There is no s in font nullfont!
Missing character: There is no s in font nullfont!
Missing character: There is no . in font nullfont!
Missing character: There is no j in font nullfont!
Missing character: There is no p in font nullfont!
Missing character: There is no g in font nullfont!

! LaTeX Error: \caption outside float.

See the LaTeX manual or LaTeX Companion for explanation.
Type  H <return>  for immediate help.
 ...                                              
                                                  
l.171 		\caption
                {Einpressen der Einpressmuttern} \label{Einpress}
You're in trouble here.  Try typing  <return>  to proceed.
If that doesn't work, type  X <return>  to quit.

Missing character: There is no E in font nullfont!
Missing character: There is no i in font nullfont!
Missing character: There is no n in font nullfont!
Missing character: There is no p in font nullfont!
Missing character: There is no r in font nullfont!
Missing character: There is no e in font nullfont!
Missing character: There is no s in font nullfont!
Missing character: There is no s in font nullfont!
Missing character: There is no e in font nullfont!
Missing character: There is no n in font nullfont!
Missing character: There is no d in font nullfont!
Missing character: There is no e in font nullfont!
Missing character: There is no r in font nullfont!
Missing character: There is no E in font nullfont!
Missing character: There is no i in font nullfont!
Missing character: There is no n in font nullfont!
Missing character: There is no p in font nullfont!
Missing character: There is no r in font nullfont!
Missing character: There is no e in font nullfont!
Missing character: There is no s in font nullfont!
Missing character: There is no s in font nullfont!
Missing character: There is no m in font nullfont!
Missing character: There is no u in font nullfont!
Missing character: There is no t in font nullfont!
Missing character: There is no t in font nullfont!
Missing character: There is no e in font nullfont!
Missing character: There is no r in font nullfont!
Missing character: There is no n in font nullfont!

! LaTeX Error: \begin{document} ended by \end{figure}.

See the LaTeX manual or LaTeX Companion for explanation.
Type  H <return>  for immediate help.
 ...                                              
                                                  
l.173 \end{figure}
                  
Your command was ignored.
Type  I <command> <return>  to replace it with another command,
or  <return>  to continue without it.

! Undefined control sequence.
l.175 \section
              {Vorbereiten der elektrischen Leitungen}
The control sequence at the end of the top line
of your error message was never \def'ed. If you have
misspelled it (e.g., `\hobx'), type `I' and the correct
spelling (e.g., `I\hbox'). Otherwise just continue,
and I'll forget about whatever was undefined.

Missing character: There is no V in font nullfont!
Missing character: There is no o in font nullfont!
Missing character: There is no r in font nullfont!
Missing character: There is no b in font nullfont!
Missing character: There is no e in font nullfont!
Missing character: There is no r in font nullfont!
Missing character: There is no e in font nullfont!
Missing character: There is no i in font nullfont!
Missing character: There is no t in font nullfont!
Missing character: There is no e in font nullfont!
Missing character: There is no n in font nullfont!
Missing character: There is no d in font nullfont!
Missing character: There is no e in font nullfont!
Missing character: There is no r in font nullfont!
Missing character: There is no e in font nullfont!
Missing character: There is no l in font nullfont!
Missing character: There is no e in font nullfont!
Missing character: There is no k in font nullfont!
Missing character: There is no t in font nullfont!
Missing character: There is no r in font nullfont!
Missing character: There is no i in font nullfont!
Missing character: There is no s in font nullfont!
Missing character: There is no c in font nullfont!
Missing character: There is no h in font nullfont!
Missing character: There is no e in font nullfont!
Missing character: There is no n in font nullfont!
Missing character: There is no L in font nullfont!
Missing character: There is no e in font nullfont!
Missing character: There is no i in font nullfont!
Missing character: There is no t in font nullfont!
Missing character: There is no u in font nullfont!
Missing character: There is no n in font nullfont!
Missing character: There is no g in font nullfont!
Missing character: There is no e in font nullfont!
Missing character: There is no n in font nullfont!

Overfull \hbox (20.0pt too wide) in paragraph at lines 175--176
[]
 []

Missing character: There is no D in font nullfont!
Missing character: There is no i in font nullfont!
Missing character: There is no e in font nullfont!
Missing character: There is no e in font nullfont!
Missing character: There is no l in font nullfont!
Missing character: There is no e in font nullfont!
Missing character: There is no k in font nullfont!
Missing character: There is no t in font nullfont!
Missing character: There is no r in font nullfont!
Missing character: There is no i in font nullfont!
Missing character: There is no s in font nullfont!
Missing character: There is no c in font nullfont!
Missing character: There is no h in font nullfont!
Missing character: There is no e in font nullfont!
Missing character: There is no n in font nullfont!
Missing character: There is no L in font nullfont!
Missing character: There is no e in font nullfont!
Missing character: There is no i in font nullfont!
Missing character: There is no t in font nullfont!
Missing character: There is no u in font nullfont!
Missing character: There is no n in font nullfont!
Missing character: There is no g in font nullfont!
Missing character: There is no e in font nullfont!
Missing character: There is no n in font nullfont!
Missing character: There is no w in font nullfont!
Missing character: There is no e in font nullfont!
Missing character: There is no r in font nullfont!
Missing character: There is no d in font nullfont!
Missing character: There is no e in font nullfont!
Missing character: There is no n in font nullfont!
Missing character: There is no v in font nullfont!
Missing character: There is no o in font nullfont!
Missing character: There is no r in font nullfont!
Missing character: There is no d in font nullfont!
Missing character: There is no e in font nullfont!
Missing character: There is no r in font nullfont!
Missing character: There is no M in font nullfont!
Missing character: There is no o in font nullfont!
Missing character: There is no n in font nullfont!
Missing character: There is no t in font nullfont!
Missing character: There is no a in font nullfont!
Missing character: There is no g in font nullfont!
Missing character: There is no e in font nullfont!
Missing character: There is no v in font nullfont!
Missing character: There is no o in font nullfont!
Missing character: There is no r in font nullfont!
Missing character: There is no b in font nullfont!
Missing character: There is no e in font nullfont!
Missing character: There is no r in font nullfont!
Missing character: There is no e in font nullfont!
Missing character: There is no i in font nullfont!
Missing character: There is no t in font nullfont!
Missing character: There is no e in font nullfont!
Missing character: There is no t in font nullfont!
Missing character: There is no , in font nullfont!
Missing character: There is no u in font nullfont!
Missing character: There is no m in font nullfont!
Missing character: There is no d in font nullfont!
Missing character: There is no i in font nullfont!
Missing character: There is no e in font nullfont!
Missing character: There is no M in font nullfont!
Missing character: There is no o in font nullfont!
Missing character: There is no n in font nullfont!
Missing character: There is no t in font nullfont!
Missing character: There is no a in font nullfont!
Missing character: There is no g in font nullfont!
Missing character: There is no e in font nullfont!
Missing character: There is no z in font nullfont!
Missing character: There is no u in font nullfont!
Missing character: There is no e in font nullfont!
Missing character: There is no r in font nullfont!
Missing character: There is no l in font nullfont!
Missing character: There is no e in font nullfont!
Missing character: There is no i in font nullfont!
Missing character: There is no c in font nullfont!
Missing character: There is no h in font nullfont!
Missing character: There is no t in font nullfont!
Missing character: There is no e in font nullfont!
Missing character: There is no r in font nullfont!
Missing character: There is no n in font nullfont!
Missing character: There is no . in font nullfont!
Missing character: There is no D in font nullfont!
Missing character: There is no i in font nullfont!
Missing character: There is no e in font nullfont!
Missing character: There is no e in font nullfont!
Missing character: There is no r in font nullfont!
Missing character: There is no f in font nullfont!
Missing character: There is no o in font nullfont!
Missing character: There is no r in font nullfont!
Missing character: There is no d in font nullfont!
Missing character: There is no e in font nullfont!
Missing character: There is no r in font nullfont!
Missing character: There is no l in font nullfont!
Missing character: There is no i in font nullfont!
Missing character: There is no c in font nullfont!
Missing character: There is no h in font nullfont!
Missing character: There is no e in font nullfont!
Missing character: There is no n in font nullfont!
Missing character: There is no L in font nullfont!
Missing character: There is no e in font nullfont!
Missing character: There is no i in font nullfont!
Missing character: There is no t in font nullfont!
Missing character: There is no u in font nullfont!
Missing character: There is no n in font nullfont!
Missing character: There is no g in font nullfont!
Missing character: There is no e in font nullfont!
Missing character: There is no n in font nullfont!
Missing character: There is no s in font nullfont!
Missing character: There is no i in font nullfont!
Missing character: There is no n in font nullfont!
Missing character: There is no d in font nullfont!
Missing character: There is no i in font nullfont!
Missing character: There is no n in font nullfont!
Missing character: There is no B in font nullfont!
Missing character: There is no i in font nullfont!
Missing character: There is no l in font nullfont!
Missing character: There is no d in font nullfont!
! Undefined control sequence.
<write> ...Reference `Leitungen' on page \thepage 
                                                  \space undefined\on@line .
l.177 ...en Leitungen sind in Bild \ref{Leitungen}
                                                   dargestellt und in Tabell...
The control sequence at the end of the top line
of your error message was never \def'ed. If you have
misspelled it (e.g., `\hobx'), type `I' and the correct
spelling (e.g., `I\hbox'). Otherwise just continue,
and I'll forget about whatever was undefined.


LaTeX Warning: Reference `Leitungen' on page  undefined on input line 177.

Missing character: There is no d in font nullfont!
Missing character: There is no a in font nullfont!
Missing character: There is no r in font nullfont!
Missing character: There is no g in font nullfont!
Missing character: There is no e in font nullfont!
Missing character: There is no s in font nullfont!
Missing character: There is no t in font nullfont!
Missing character: There is no e in font nullfont!
Missing character: There is no l in font nullfont!
Missing character: There is no l in font nullfont!
Missing character: There is no t in font nullfont!
Missing character: There is no u in font nullfont!
Missing character: There is no n in font nullfont!
Missing character: There is no d in font nullfont!
Missing character: There is no i in font nullfont!
Missing character: There is no n in font nullfont!
Missing character: There is no T in font nullfont!
Missing character: There is no a in font nullfont!
Missing character: There is no b in font nullfont!
Missing character: There is no e in font nullfont!
Missing character: There is no l in font nullfont!
Missing character: There is no l in font nullfont!
Missing character: There is no e in font nullfont!
! Undefined control sequence.
<write> ...: Reference `Leittab' on page \thepage 
                                                  \space undefined\on@line .
l.177 ... dargestellt und in Tabelle \ref{Leittab}
                                                   mit den entsprechenden Le...
The control sequence at the end of the top line
of your error message was never \def'ed. If you have
misspelled it (e.g., `\hobx'), type `I' and the correct
spelling (e.g., `I\hbox'). Otherwise just continue,
and I'll forget about whatever was undefined.


LaTeX Warning: Reference `Leittab' on page  undefined on input line 177.

Missing character: There is no m in font nullfont!
Missing character: There is no i in font nullfont!
Missing character: There is no t in font nullfont!
Missing character: There is no d in font nullfont!
Missing character: There is no e in font nullfont!
Missing character: There is no n in font nullfont!
Missing character: There is no e in font nullfont!
Missing character: There is no n in font nullfont!
Missing character: There is no t in font nullfont!
Missing character: There is no s in font nullfont!
Missing character: There is no p in font nullfont!
Missing character: There is no r in font nullfont!
Missing character: There is no e in font nullfont!
Missing character: There is no c in font nullfont!
Missing character: There is no h in font nullfont!
Missing character: There is no e in font nullfont!
Missing character: There is no n in font nullfont!
Missing character: There is no d in font nullfont!
Missing character: There is no e in font nullfont!
Missing character: There is no n in font nullfont!
Missing character: There is no L in font nullfont!
Missing character: There is no e in font nullfont!
Missing character: There is no i in font nullfont!
Missing character: There is no t in font nullfont!
Missing character: There is no u in font nullfont!
Missing character: There is no n in font nullfont!
Missing character: There is no g in font nullfont!
Missing character: There is no s in font nullfont!
Missing character: There is no e in font nullfont!
Missing character: There is no n in font nullfont!
Missing character: There is no d in font nullfont!
Missing character: There is no e in font nullfont!
Missing character: There is no n in font nullfont!
Missing character: There is no a in font nullfont!
Missing character: There is no u in font nullfont!
Missing character: There is no f in font nullfont!
Missing character: There is no g in font nullfont!
Missing character: There is no e in font nullfont!
Missing character: There is no l in font nullfont!
Missing character: There is no i in font nullfont!
Missing character: There is no s in font nullfont!
Missing character: There is no t in font nullfont!
Missing character: There is no e in font nullfont!
Missing character: There is no t in font nullfont!
Missing character: There is no . in font nullfont!
Missing character: There is no A in font nullfont!
Missing character: There is no n in font nullfont!
Missing character: There is no s in font nullfont!
Missing character: There is no c in font nullfont!
Missing character: There is no h in font nullfont!
Missing character: There is no l in font nullfont!
Missing character: There is no u in font nullfont!
Missing character: There is no s in font nullfont!
Missing character: There is no s in font nullfont!
Missing character: There is no a in font nullfont!
Missing character: There is no r in font nullfont!
Missing character: There is no t in font nullfont!
Missing character: There is no , in font nullfont!
Missing character: There is no L in font nullfont!
Missing character: There is no n in font nullfont!
Missing character: There is no g in font nullfont!
Missing character: There is no e in font nullfont!
Missing character: There is no u in font nullfont!
Missing character: There is no n in font nullfont!
Missing character: There is no d in font nullfont!
Missing character: There is no B in font nullfont!
Missing character: There is no e in font nullfont!
Missing character: There is no z in font nullfont!
Missing character: There is no e in font nullfont!
Missing character: There is no i in font nullfont!
Missing character: There is no c in font nullfont!
Missing character: There is no h in font nullfont!
Missing character: There is no n in font nullfont!
Missing character: There is no u in font nullfont!
Missing character: There is no n in font nullfont!
Missing character: There is no g in font nullfont!
Missing character: There is no s in font nullfont!
Missing character: There is no i in font nullfont!
Missing character: There is no n in font nullfont!
Missing character: There is no d in font nullfont!
Missing character: There is no e in font nullfont!
Missing character: There is no b in font nullfont!
Missing character: There is no e in font nullfont!
Missing character: There is no n in font nullfont!
Missing character: There is no f in font nullfont!
Missing character: There is no a in font nullfont!
Missing character: There is no l in font nullfont!
Missing character: There is no l in font nullfont!
Missing character: There is no s in font nullfont!
Missing character: There is no a in font nullfont!
Missing character: There is no n in font nullfont!
Missing character: There is no g in font nullfont!
Missing character: There is no e in font nullfont!
Missing character: There is no g in font nullfont!
Missing character: There is no e in font nullfont!
Missing character: There is no b in font nullfont!
Missing character: There is no e in font nullfont!
Missing character: There is no n in font nullfont!
Missing character: There is no . in font nullfont!

Overfull \hbox (20.0pt too wide) in paragraph at lines 177--178
[]
 []


Overfull \hbox (10.86105pt too wide) in paragraph at lines 177--178
[]
 []


Overfull \hbox (10.86105pt too wide) in paragraph at lines 177--178
[]
 []


Overfull \hbox (5.00002pt too wide) in paragraph at lines 177--178
\/cmr/m/n/10 ^^?a
 []


! LaTeX Error: Environment figure undefined.

See the LaTeX manual or LaTeX Companion for explanation.
Type  H <return>  for immediate help.
 ...                                              
                                                  
l.179 \begin{figure}
                    [H]
Your command was ignored.
Type  I <command> <return>  to replace it with another command,
or  <return>  to continue without it.

Missing character: There is no [ in font nullfont!
Missing character: There is no H in font nullfont!
Missing character: There is no ] in font nullfont!

Overfull \hbox (20.0pt too wide) in paragraph at lines 179--180
[] 
 []

! Undefined control sequence.
l.181 		\includegraphics
                        [width=\textwidth]{Images/Leitungen.jpg}
The control sequence at the end of the top line
of your error message was never \def'ed. If you have
misspelled it (e.g., `\hobx'), type `I' and the correct
spelling (e.g., `I\hbox'). Otherwise just continue,
and I'll forget about whatever was undefined.

Missing character: There is no [ in font nullfont!
Missing character: There is no w in font nullfont!
Missing character: There is no i in font nullfont!
Missing character: There is no d in font nullfont!
Missing character: There is no t in font nullfont!
Missing character: There is no h in font nullfont!
Missing character: There is no = in font nullfont!
! Missing number, treated as zero.
<to be read again> 
                   ]
l.181 		\includegraphics[width=\textwidth]
                                          {Images/Leitungen.jpg}
A number should have been here; I inserted `0'.
(If you can't figure out why I needed to see a number,
look up `weird error' in the index to The TeXbook.)

! Illegal unit of measure (pt inserted).
<to be read again> 
                   ]
l.181 		\includegraphics[width=\textwidth]
                                          {Images/Leitungen.jpg}
Dimensions can be in units of em, ex, in, pt, pc,
cm, mm, dd, cc, nd, nc, bp, or sp; but yours is a new one!
I'll assume that you meant to say pt, for printer's points.
To recover gracefully from this error, it's best to
delete the erroneous units; e.g., type `2' to delete
two letters. (See Chapter 27 of The TeXbook.)

Missing character: There is no ] in font nullfont!
Missing character: There is no I in font nullfont!
Missing character: There is no m in font nullfont!
Missing character: There is no a in font nullfont!
Missing character: There is no g in font nullfont!
Missing character: There is no e in font nullfont!
Missing character: There is no s in font nullfont!
Missing character: There is no / in font nullfont!
Missing character: There is no L in font nullfont!
Missing character: There is no e in font nullfont!
Missing character: There is no i in font nullfont!
Missing character: There is no t in font nullfont!
Missing character: There is no u in font nullfont!
Missing character: There is no n in font nullfont!
Missing character: There is no g in font nullfont!
Missing character: There is no e in font nullfont!
Missing character: There is no n in font nullfont!
Missing character: There is no . in font nullfont!
Missing character: There is no j in font nullfont!
Missing character: There is no p in font nullfont!
Missing character: There is no g in font nullfont!

! LaTeX Error: \caption outside float.

See the LaTeX manual or LaTeX Companion for explanation.
Type  H <return>  for immediate help.
 ...                                              
                                                  
l.182 		\caption
                {Benötigte Leitungen} \label{Leitungen}
You're in trouble here.  Try typing  <return>  to proceed.
If that doesn't work, type  X <return>  to quit.

Missing character: There is no B in font nullfont!
Missing character: There is no e in font nullfont!
Missing character: There is no n in font nullfont!
Missing character: There is no t in font nullfont!
Missing character: There is no i in font nullfont!
Missing character: There is no g in font nullfont!
Missing character: There is no t in font nullfont!
Missing character: There is no e in font nullfont!
Missing character: There is no L in font nullfont!
Missing character: There is no e in font nullfont!
Missing character: There is no i in font nullfont!
Missing character: There is no t in font nullfont!
Missing character: There is no u in font nullfont!
Missing character: There is no n in font nullfont!
Missing character: There is no g in font nullfont!
Missing character: There is no e in font nullfont!
Missing character: There is no n in font nullfont!

Overfull \hbox (5.00002pt too wide) in paragraph at lines 181--183
 \/cmr/m/n/10 ^^?o 
 []


! LaTeX Error: \begin{document} ended by \end{figure}.

See the LaTeX manual or LaTeX Companion for explanation.
Type  H <return>  for immediate help.
 ...                                              
                                                  
l.184 \end{figure}
                  
Your command was ignored.
Type  I <command> <return>  to replace it with another command,
or  <return>  to continue without it.


! LaTeX Error: Environment figure undefined.

See the LaTeX manual or LaTeX Companion for explanation.
Type  H <return>  for immediate help.
 ...                                              
                                                  
l.186 \begin{figure}
                    [H]
Your command was ignored.
Type  I <command> <return>  to replace it with another command,
or  <return>  to continue without it.

Missing character: There is no [ in font nullfont!
Missing character: There is no H in font nullfont!
Missing character: There is no ] in font nullfont!

Overfull \hbox (20.0pt too wide) in paragraph at lines 186--187
[] 
 []


! LaTeX Error: Environment tabularx undefined.

See the LaTeX manual or LaTeX Companion for explanation.
Type  H <return>  for immediate help.
 ...                                              
                                                  
l.189 		\begin{tabularx}
                        {\textwidth}{|p{0.5cm}|p{0.5cm}|p{2.0cm}|p{2.0cm}|p{...

Your command was ignored.
Type  I <command> <return>  to replace it with another command,
or  <return>  to continue without it.

! Missing number, treated as zero.
<to be read again> 
                   }
l.189 		\begin{tabularx}{\textwidth}
                                    {|p{0.5cm}|p{0.5cm}|p{2.0cm}|p{2.0cm}|p{...
A number should have been here; I inserted `0'.
(If you can't figure out why I needed to see a number,
look up `weird error' in the index to The TeXbook.)

! Illegal unit of measure (pt inserted).
<to be read again> 
                   }
l.189 		\begin{tabularx}{\textwidth}
                                    {|p{0.5cm}|p{0.5cm}|p{2.0cm}|p{2.0cm}|p{...
Dimensions can be in units of em, ex, in, pt, pc,
cm, mm, dd, cc, nd, nc, bp, or sp; but yours is a new one!
I'll assume that you meant to say pt, for printer's points.
To recover gracefully from this error, it's best to
delete the erroneous units; e.g., type `2' to delete
two letters. (See Chapter 27 of The TeXbook.)

! Misplaced \noalign.
\hline ->\noalign 
                  {\ifnum 0=`}\fi \hrule \@height \arrayrulewidth \futurelet...
l.190 			\hline
               
I expect to see \noalign only after the \cr of
an alignment. Proceed, and I'll ignore this case.


Overfull \hbox (247.90356pt too wide) in paragraph at lines 189--190
 \OT1/cmr/m/n/8 |p0.5cm|p0.5cm|p2.0cm|p2.0cm|p2.0cm|X|p0.7cm|X| 
 []

! Misplaced alignment tab character &.
l.191 			\textbf{Pos.} &
                          \textbf{Anz.} &  \textbf{Leitungsende 1} &  \textb...
I can't figure out why you would want to use a tab mark
here. If you just want an ampersand, the remedy is
simple: Just type `I\&' now. But if some right brace
up above has ended a previous alignment prematurely,
you're probably due for more error messages, and you
might try typing `S' now just to see what is salvageable.

! Misplaced alignment tab character &.
l.191 			\textbf{Pos.} &  \textbf{Anz.} &
                                           \textbf{Leitungsende 1} &  \textb...
I can't figure out why you would want to use a tab mark
here. If you just want an ampersand, the remedy is
simple: Just type `I\&' now. But if some right brace
up above has ended a previous alignment prematurely,
you're probably due for more error messages, and you
might try typing `S' now just to see what is salvageable.

! Misplaced alignment tab character &.
l.191 ...textbf{Anz.} &  \textbf{Leitungsende 1} &
                                                    \textbf{Leitungsende 2} ...
I can't figure out why you would want to use a tab mark
here. If you just want an ampersand, the remedy is
simple: Just type `I\&' now. But if some right brace
up above has ended a previous alignment prematurely,
you're probably due for more error messages, and you
might try typing `S' now just to see what is salvageable.

! Misplaced alignment tab character &.
l.191 ...tungsende 1} &  \textbf{Leitungsende 2} &
                                                    \textbf{Leitungsende 3} ...
I can't figure out why you would want to use a tab mark
here. If you just want an ampersand, the remedy is
simple: Just type `I\&' now. But if some right brace
up above has ended a previous alignment prematurely,
you're probably due for more error messages, and you
might try typing `S' now just to see what is salvageable.

! Misplaced alignment tab character &.
l.191 ...tungsende 2} &  \textbf{Leitungsende 3} &
                                                   \textbf{Verbind-ungsart} ...
I can't figure out why you would want to use a tab mark
here. If you just want an ampersand, the remedy is
simple: Just type `I\&' now. But if some right brace
up above has ended a previous alignment prematurely,
you're probably due for more error messages, and you
might try typing `S' now just to see what is salvageable.

! Misplaced alignment tab character &.
l.191 ...tungsende 3} & \textbf{Verbind-ungsart} &
                                                    \textbf{Länge [mm]} &  ...
I can't figure out why you would want to use a tab mark
here. If you just want an ampersand, the remedy is
simple: Just type `I\&' now. But if some right brace
up above has ended a previous alignment prematurely,
you're probably due for more error messages, and you
might try typing `S' now just to see what is salvageable.

! Misplaced alignment tab character &.
l.191 ...erbind-ungsart} &  \textbf{Länge [mm]} &
                                                    \textbf{Benennung} \\ \h...
I can't figure out why you would want to use a tab mark
here. If you just want an ampersand, the remedy is
simple: Just type `I\&' now. But if some right brace
up above has ended a previous alignment prematurely,
you're probably due for more error messages, and you
might try typing `S' now just to see what is salvageable.


Overfull \hbox (17.89902pt too wide) in paragraph at lines 191--191
 []\OT1/cmr/bx/n/8 Pos. 
 []


Overfull \hbox (19.90015pt too wide) in paragraph at lines 191--191
 \OT1/cmr/bx/n/8 Anz. 
 []


Overfull \hbox (56.42155pt too wide) in paragraph at lines 191--191
 \OT1/cmr/bx/n/8 Leitungsende 
 []


Overfull \hbox (4.90004pt too wide) in paragraph at lines 191--191
 \OT1/cmr/bx/n/8 1 
 []


Overfull \hbox (56.42155pt too wide) in paragraph at lines 191--191
 \OT1/cmr/bx/n/8 Leitungsende 
 []


Overfull \hbox (4.90004pt too wide) in paragraph at lines 191--191
 \OT1/cmr/bx/n/8 2 
 []


Overfull \hbox (56.42155pt too wide) in paragraph at lines 191--191
 \OT1/cmr/bx/n/8 Leitungsende 
 []


Overfull \hbox (4.90004pt too wide) in paragraph at lines 191--191
 \OT1/cmr/bx/n/8 3 
 []


Overfull \hbox (37.4225pt too wide) in paragraph at lines 191--191
 \OT1/cmr/bx/n/8 Verbind- 
 []


Overfull \hbox (32.27971pt too wide) in paragraph at lines 191--191
 \OT1/cmr/bx/n/8 ungsart 
 []


Overfull \hbox (25.4752pt too wide) in paragraph at lines 191--191
 \OT1/cmr/bx/n/8 L^^?ange 
 []


Overfull \hbox (21.77795pt too wide) in paragraph at lines 191--191
 \OT1/cmr/bx/n/8 [mm] 
 []


Overfull \hbox (14.71123pt too wide) in paragraph at lines 191--191
 \OT1/cmr/bx/n/8 Be- 
 []


Overfull \hbox (18.64459pt too wide) in paragraph at lines 191--191
 \OT1/cmr/bx/n/8 nen- 
 []


Overfull \hbox (21.09738pt too wide) in paragraph at lines 191--191
 \OT1/cmr/bx/n/8 nung 
 []

! Misplaced \noalign.
\hline ->\noalign 
                  {\ifnum 0=`}\fi \hrule \@height \arrayrulewidth \futurelet...
l.191 ...nge [mm]} &  \textbf{Benennung} \\ \hline
                                                  
I expect to see \noalign only after the \cr of
an alignment. Proceed, and I'll ignore this case.

! Misplaced alignment tab character &.
l.192 			1 &
             1 & 6 Pin PH2.0 & 4 Pin XH2.54 & - & - & 250 & Entwicklerboard ...
I can't figure out why you would want to use a tab mark
here. If you just want an ampersand, the remedy is
simple: Just type `I\&' now. But if some right brace
up above has ended a previous alignment prematurely,
you're probably due for more error messages, and you
might try typing `S' now just to see what is salvageable.

! Misplaced alignment tab character &.
l.192 			1 & 1 &
                 6 Pin PH2.0 & 4 Pin XH2.54 & - & - & 250 & Entwicklerboard ...
I can't figure out why you would want to use a tab mark
here. If you just want an ampersand, the remedy is
simple: Just type `I\&' now. But if some right brace
up above has ended a previous alignment prematurely,
you're probably due for more error messages, and you
might try typing `S' now just to see what is salvageable.

! Misplaced alignment tab character &.
l.192 			1 & 1 & 6 Pin PH2.0 &
                               4 Pin XH2.54 & - & - & 250 & Entwicklerboard ...
I can't figure out why you would want to use a tab mark
here. If you just want an ampersand, the remedy is
simple: Just type `I\&' now. But if some right brace
up above has ended a previous alignment prematurely,
you're probably due for more error messages, and you
might try typing `S' now just to see what is salvageable.

! Misplaced alignment tab character &.
l.192 			1 & 1 & 6 Pin PH2.0 & 4 Pin XH2.54 &
                                              - & - & 250 & Entwicklerboard ...
I can't figure out why you would want to use a tab mark
here. If you just want an ampersand, the remedy is
simple: Just type `I\&' now. But if some right brace
up above has ended a previous alignment prematurely,
you're probably due for more error messages, and you
might try typing `S' now just to see what is salvageable.

! Misplaced alignment tab character &.
l.192 			1 & 1 & 6 Pin PH2.0 & 4 Pin XH2.54 & - &
                                                  - & 250 & Entwicklerboard ...
I can't figure out why you would want to use a tab mark
here. If you just want an ampersand, the remedy is
simple: Just type `I\&' now. But if some right brace
up above has ended a previous alignment prematurely,
you're probably due for more error messages, and you
might try typing `S' now just to see what is salvageable.

! Misplaced alignment tab character &.
l.192 ... 1 & 6 Pin PH2.0 & 4 Pin XH2.54 & - & - &
                                                   250 & Entwicklerboard Sch...
I can't figure out why you would want to use a tab mark
here. If you just want an ampersand, the remedy is
simple: Just type `I\&' now. But if some right brace
up above has ended a previous alignment prematurely,
you're probably due for more error messages, and you
might try typing `S' now just to see what is salvageable.

! Misplaced alignment tab character &.
l.192 ... Pin PH2.0 & 4 Pin XH2.54 & - & - & 250 &
                                                   Entwicklerboard Schrittmo...
I can't figure out why you would want to use a tab mark
here. If you just want an ampersand, the remedy is
simple: Just type `I\&' now. But if some right brace
up above has ended a previous alignment prematurely,
you're probably due for more error messages, and you
might try typing `S' now just to see what is salvageable.


Overfull \hbox (4.25006pt too wide) in paragraph at lines 192--192
 []\OT1/cmr/m/n/8 1 
 []


Overfull \hbox (4.25006pt too wide) in paragraph at lines 192--192
 \OT1/cmr/m/n/8 1 
 []


Overfull \hbox (4.25006pt too wide) in paragraph at lines 192--192
 \OT1/cmr/m/n/8 6 
 []


Overfull \hbox (12.86407pt too wide) in paragraph at lines 192--192
 \OT1/cmr/m/n/8 Pin 
 []


Overfull \hbox (23.00867pt too wide) in paragraph at lines 192--192
 \OT1/cmr/m/n/8 PH2.0 
 []


Overfull \hbox (4.25006pt too wide) in paragraph at lines 192--192
 \OT1/cmr/m/n/8 4 
 []


Overfull \hbox (12.86407pt too wide) in paragraph at lines 192--192
 \OT1/cmr/m/n/8 Pin 
 []


Overfull \hbox (27.84485pt too wide) in paragraph at lines 192--192
 \OT1/cmr/m/n/8 XH2.54 
 []


Overfull \hbox (2.83337pt too wide) in paragraph at lines 192--192
 \OT1/cmr/m/n/8 - 
 []


Overfull \hbox (2.83337pt too wide) in paragraph at lines 192--192
 \OT1/cmr/m/n/8 - 
 []


Overfull \hbox (12.75018pt too wide) in paragraph at lines 192--192
 \OT1/cmr/m/n/8 250 
 []


Overfull \hbox (13.3363pt too wide) in paragraph at lines 192--192
 \OT1/cmr/m/n/8 En- 
 []


Overfull \hbox (22.43088pt too wide) in paragraph at lines 192--192
 \OT1/cmr/m/n/8 twick- 
 []


Overfull \hbox (12.2849pt too wide) in paragraph at lines 192--192
 \OT1/cmr/m/n/8 ler- 
 []


Overfull \hbox (21.49336pt too wide) in paragraph at lines 192--192
 \OT1/cmr/m/n/8 board 
 []


Overfull \hbox (39.43806pt too wide) in paragraph at lines 192--192
 \OT1/cmr/m/n/8 Schrittmo- 
 []


Overfull \hbox (17.05441pt too wide) in paragraph at lines 192--192
 \OT1/cmr/m/n/8 tors- 
 []


Overfull \hbox (32.59074pt too wide) in paragraph at lines 192--192
 \OT1/cmr/m/n/8 teuerung 
 []


Overfull \hbox (23.367pt too wide) in paragraph at lines 192--192
 \OT1/cmr/m/n/8 A4988 
 []


Overfull \hbox (8.50012pt too wide) in paragraph at lines 192--192
 \OT1/cmr/m/n/8 zu 
 []


Overfull \hbox (21.47809pt too wide) in paragraph at lines 192--192
 \OT1/cmr/m/n/8 Nema 
 []


Overfull \hbox (8.50012pt too wide) in paragraph at lines 192--192
 \OT1/cmr/m/n/8 17 
 []


Overfull \hbox (14.86688pt too wide) in paragraph at lines 192--192
 \OT1/cmr/m/n/8 Mo- 
 []


Overfull \hbox (10.86821pt too wide) in paragraph at lines 192--192
 \OT1/cmr/m/n/8 tor 
 []

! Misplaced \noalign.
\hline ->\noalign 
                  {\ifnum 0=`}\fi \hrule \@height \arrayrulewidth \futurelet...
l.192 ...teuerung A4988 zu Nema 17 Motor \\ \hline
                                                  
I expect to see \noalign only after the \cr of
an alignment. Proceed, and I'll ignore this case.

! Misplaced alignment tab character &.
l.193 			2 &
             1 & 4 Pin HY2.0 & 4 x Jumper Female & - & Löten & 230 & TMLS a...
I can't figure out why you would want to use a tab mark
here. If you just want an ampersand, the remedy is
simple: Just type `I\&' now. But if some right brace
up above has ended a previous alignment prematurely,
you're probably due for more error messages, and you
might try typing `S' now just to see what is salvageable.

! Misplaced alignment tab character &.
l.193 			2 & 1 &
                 4 Pin HY2.0 & 4 x Jumper Female & - & Löten & 230 & TMLS a...
I can't figure out why you would want to use a tab mark
here. If you just want an ampersand, the remedy is
simple: Just type `I\&' now. But if some right brace
up above has ended a previous alignment prematurely,
you're probably due for more error messages, and you
might try typing `S' now just to see what is salvageable.

! Misplaced alignment tab character &.
l.193 			2 & 1 & 4 Pin HY2.0 &
                               4 x Jumper Female & - & Löten & 230 & TMLS a...
I can't figure out why you would want to use a tab mark
here. If you just want an ampersand, the remedy is
simple: Just type `I\&' now. But if some right brace
up above has ended a previous alignment prematurely,
you're probably due for more error messages, and you
might try typing `S' now just to see what is salvageable.

! Misplaced alignment tab character &.
l.193 			2 & 1 & 4 Pin HY2.0 & 4 x Jumper Female &
                                                   - & Löten & 230 & TMLS a...
I can't figure out why you would want to use a tab mark
here. If you just want an ampersand, the remedy is
simple: Just type `I\&' now. But if some right brace
up above has ended a previous alignment prematurely,
you're probably due for more error messages, and you
might try typing `S' now just to see what is salvageable.

! Misplaced alignment tab character &.
l.193 ...1 & 4 Pin HY2.0 & 4 x Jumper Female & - &
                                                   Löten & 230 & TMLS auf O...
I can't figure out why you would want to use a tab mark
here. If you just want an ampersand, the remedy is
simple: Just type `I\&' now. But if some right brace
up above has ended a previous alignment prematurely,
you're probably due for more error messages, and you
might try typing `S' now just to see what is salvageable.

! Misplaced alignment tab character &.
l.193 ... HY2.0 & 4 x Jumper Female & - & Löten &
                                                   230 & TMLS auf OLED-Displ...
I can't figure out why you would want to use a tab mark
here. If you just want an ampersand, the remedy is
simple: Just type `I\&' now. But if some right brace
up above has ended a previous alignment prematurely,
you're probably due for more error messages, and you
might try typing `S' now just to see what is salvageable.

! Misplaced alignment tab character &.
l.193 ... & 4 x Jumper Female & - & Löten & 230 &
                                                   TMLS auf OLED-Display \\ ...
I can't figure out why you would want to use a tab mark
here. If you just want an ampersand, the remedy is
simple: Just type `I\&' now. But if some right brace
up above has ended a previous alignment prematurely,
you're probably due for more error messages, and you
might try typing `S' now just to see what is salvageable.


Overfull \hbox (4.25006pt too wide) in paragraph at lines 193--193
 []\OT1/cmr/m/n/8 2 
 []


Overfull \hbox (4.25006pt too wide) in paragraph at lines 193--193
 \OT1/cmr/m/n/8 1 
 []


Overfull \hbox (4.25006pt too wide) in paragraph at lines 193--193
 \OT1/cmr/m/n/8 4 
 []


Overfull \hbox (12.86407pt too wide) in paragraph at lines 193--193
 \OT1/cmr/m/n/8 Pin 
 []


Overfull \hbox (23.59479pt too wide) in paragraph at lines 193--193
 \OT1/cmr/m/n/8 HY2.0 
 []


Overfull \hbox (4.25006pt too wide) in paragraph at lines 193--193
 \OT1/cmr/m/n/8 4 
 []


Overfull \hbox (4.48618pt too wide) in paragraph at lines 193--193
 \OT1/cmr/m/n/8 x 
 []


Overfull \hbox (28.21846pt too wide) in paragraph at lines 193--193
 \OT1/cmr/m/n/8 Jumper 
 []


Overfull \hbox (11.44739pt too wide) in paragraph at lines 193--193
 \OT1/cmr/m/n/8 Fe- 
 []


Overfull \hbox (17.47247pt too wide) in paragraph at lines 193--193
 \OT1/cmr/m/n/8 male 
 []


Overfull \hbox (2.83337pt too wide) in paragraph at lines 193--193
 \OT1/cmr/m/n/8 - 
 []


Overfull \hbox (21.3642pt too wide) in paragraph at lines 193--193
 \OT1/cmr/m/n/8 L^^?oten 
 []


Overfull \hbox (12.75018pt too wide) in paragraph at lines 193--193
 \OT1/cmr/m/n/8 230 
 []


Overfull \hbox (23.95313pt too wide) in paragraph at lines 193--193
 \OT1/cmr/m/n/8 TMLS 
 []


Overfull \hbox (11.56961pt too wide) in paragraph at lines 193--193
 \OT1/cmr/m/n/8 auf 
 []


Overfull \hbox (27.02261pt too wide) in paragraph at lines 193--193
 \OT1/cmr/m/n/8 OLED- 
 []


Overfull \hbox (27.78651pt too wide) in paragraph at lines 193--193
 \OT1/cmr/m/n/8 Display 
 []

! Misplaced \noalign.
\hline ->\noalign 
                  {\ifnum 0=`}\fi \hrule \@height \arrayrulewidth \futurelet...
l.193 ...n & 230 & TMLS auf OLED-Display \\ \hline
                                                  
I expect to see \noalign only after the \cr of
an alignment. Proceed, and I'll ignore this case.

! Misplaced alignment tab character &.
l.194 			3 &
             1 & 3 x Jumper Male & 3 x Jumper Female & - & - & 320 & TMLS au...
I can't figure out why you would want to use a tab mark
here. If you just want an ampersand, the remedy is
simple: Just type `I\&' now. But if some right brace
up above has ended a previous alignment prematurely,
you're probably due for more error messages, and you
might try typing `S' now just to see what is salvageable.

! Misplaced alignment tab character &.
l.194 			3 & 1 &
                 3 x Jumper Male & 3 x Jumper Female & - & - & 320 & TMLS au...
I can't figure out why you would want to use a tab mark
here. If you just want an ampersand, the remedy is
simple: Just type `I\&' now. But if some right brace
up above has ended a previous alignment prematurely,
you're probably due for more error messages, and you
might try typing `S' now just to see what is salvageable.

! Misplaced alignment tab character &.
l.194 			3 & 1 & 3 x Jumper Male &
                                   3 x Jumper Female & - & - & 320 & TMLS au...
I can't figure out why you would want to use a tab mark
here. If you just want an ampersand, the remedy is
simple: Just type `I\&' now. But if some right brace
up above has ended a previous alignment prematurely,
you're probably due for more error messages, and you
might try typing `S' now just to see what is salvageable.

! Misplaced alignment tab character &.
l.194 ...1 & 3 x Jumper Male & 3 x Jumper Female &
                                                   - & - & 320 & TMLS auf Dr...
I can't figure out why you would want to use a tab mark
here. If you just want an ampersand, the remedy is
simple: Just type `I\&' now. But if some right brace
up above has ended a previous alignment prematurely,
you're probably due for more error messages, and you
might try typing `S' now just to see what is salvageable.

! Misplaced alignment tab character &.
l.194 ...3 x Jumper Male & 3 x Jumper Female & - &
                                                   - & 320 & TMLS auf Drehwi...
I can't figure out why you would want to use a tab mark
here. If you just want an ampersand, the remedy is
simple: Just type `I\&' now. But if some right brace
up above has ended a previous alignment prematurely,
you're probably due for more error messages, and you
might try typing `S' now just to see what is salvageable.

! Misplaced alignment tab character &.
l.194 ...Jumper Male & 3 x Jumper Female & - & - &
                                                   320 & TMLS auf Drehwinkel...
I can't figure out why you would want to use a tab mark
here. If you just want an ampersand, the remedy is
simple: Just type `I\&' now. But if some right brace
up above has ended a previous alignment prematurely,
you're probably due for more error messages, and you
might try typing `S' now just to see what is salvageable.

! Misplaced alignment tab character &.
l.194 ... Male & 3 x Jumper Female & - & - & 320 &
                                                   TMLS auf Drehwinkel-Encod...
I can't figure out why you would want to use a tab mark
here. If you just want an ampersand, the remedy is
simple: Just type `I\&' now. But if some right brace
up above has ended a previous alignment prematurely,
you're probably due for more error messages, and you
might try typing `S' now just to see what is salvageable.


Overfull \hbox (4.25006pt too wide) in paragraph at lines 194--194
 []\OT1/cmr/m/n/8 3 
 []


Overfull \hbox (4.25006pt too wide) in paragraph at lines 194--194
 \OT1/cmr/m/n/8 1 
 []


Overfull \hbox (4.25006pt too wide) in paragraph at lines 194--194
 \OT1/cmr/m/n/8 3 
 []


Overfull \hbox (4.48618pt too wide) in paragraph at lines 194--194
 \OT1/cmr/m/n/8 x 
 []


Overfull \hbox (28.21846pt too wide) in paragraph at lines 194--194
 \OT1/cmr/m/n/8 Jumper 
 []


Overfull \hbox (18.17249pt too wide) in paragraph at lines 194--194
 \OT1/cmr/m/n/8 Male 
 []


Overfull \hbox (4.25006pt too wide) in paragraph at lines 194--194
 \OT1/cmr/m/n/8 3 
 []


Overfull \hbox (4.48618pt too wide) in paragraph at lines 194--194
 \OT1/cmr/m/n/8 x 
 []


Overfull \hbox (28.21846pt too wide) in paragraph at lines 194--194
 \OT1/cmr/m/n/8 Jumper 
 []


Overfull \hbox (11.44739pt too wide) in paragraph at lines 194--194
 \OT1/cmr/m/n/8 Fe- 
 []


Overfull \hbox (17.47247pt too wide) in paragraph at lines 194--194
 \OT1/cmr/m/n/8 male 
 []


Overfull \hbox (2.83337pt too wide) in paragraph at lines 194--194
 \OT1/cmr/m/n/8 - 
 []


Overfull \hbox (2.83337pt too wide) in paragraph at lines 194--194
 \OT1/cmr/m/n/8 - 
 []


Overfull \hbox (12.75018pt too wide) in paragraph at lines 194--194
 \OT1/cmr/m/n/8 320 
 []


Overfull \hbox (23.95313pt too wide) in paragraph at lines 194--194
 \OT1/cmr/m/n/8 TMLS 
 []


Overfull \hbox (11.56961pt too wide) in paragraph at lines 194--194
 \OT1/cmr/m/n/8 auf 
 []


Overfull \hbox (44.51036pt too wide) in paragraph at lines 194--194
 \OT1/cmr/m/n/8 Drehwinkel- 
 []


Overfull \hbox (30.5796pt too wide) in paragraph at lines 194--194
 \OT1/cmr/m/n/8 Encoder 
 []

! Misplaced \noalign.
\hline ->\noalign 
                  {\ifnum 0=`}\fi \hrule \@height \arrayrulewidth \futurelet...
l.194 ...0 & TMLS auf Drehwinkel-Encoder \\ \hline
                                                  
I expect to see \noalign only after the \cr of
an alignment. Proceed, and I'll ignore this case.

! Misplaced alignment tab character &.
l.195 			4 &
             1 & 2 x Jumper Male & 2 x Jumper Female & - & - & 320 & TMLS au...
I can't figure out why you would want to use a tab mark
here. If you just want an ampersand, the remedy is
simple: Just type `I\&' now. But if some right brace
up above has ended a previous alignment prematurely,
you're probably due for more error messages, and you
might try typing `S' now just to see what is salvageable.

! Misplaced alignment tab character &.
l.195 			4 & 1 &
                 2 x Jumper Male & 2 x Jumper Female & - & - & 320 & TMLS au...
I can't figure out why you would want to use a tab mark
here. If you just want an ampersand, the remedy is
simple: Just type `I\&' now. But if some right brace
up above has ended a previous alignment prematurely,
you're probably due for more error messages, and you
might try typing `S' now just to see what is salvageable.

! Misplaced alignment tab character &.
l.195 			4 & 1 & 2 x Jumper Male &
                                   2 x Jumper Female & - & - & 320 & TMLS au...
I can't figure out why you would want to use a tab mark
here. If you just want an ampersand, the remedy is
simple: Just type `I\&' now. But if some right brace
up above has ended a previous alignment prematurely,
you're probably due for more error messages, and you
might try typing `S' now just to see what is salvageable.

! Misplaced alignment tab character &.
l.195 ...1 & 2 x Jumper Male & 2 x Jumper Female &
                                                   - & - & 320 & TMLS auf En...
I can't figure out why you would want to use a tab mark
here. If you just want an ampersand, the remedy is
simple: Just type `I\&' now. But if some right brace
up above has ended a previous alignment prematurely,
you're probably due for more error messages, and you
might try typing `S' now just to see what is salvageable.

! Misplaced alignment tab character &.
l.195 ...2 x Jumper Male & 2 x Jumper Female & - &
                                                   - & 320 & TMLS auf Entwic...
I can't figure out why you would want to use a tab mark
here. If you just want an ampersand, the remedy is
simple: Just type `I\&' now. But if some right brace
up above has ended a previous alignment prematurely,
you're probably due for more error messages, and you
might try typing `S' now just to see what is salvageable.

! Misplaced alignment tab character &.
l.195 ...Jumper Male & 2 x Jumper Female & - & - &
                                                   320 & TMLS auf Entwickler...
I can't figure out why you would want to use a tab mark
here. If you just want an ampersand, the remedy is
simple: Just type `I\&' now. But if some right brace
up above has ended a previous alignment prematurely,
you're probably due for more error messages, and you
might try typing `S' now just to see what is salvageable.

! Misplaced alignment tab character &.
l.195 ... Male & 2 x Jumper Female & - & - & 320 &
                                                   TMLS auf Entwicklerboard ...
I can't figure out why you would want to use a tab mark
here. If you just want an ampersand, the remedy is
simple: Just type `I\&' now. But if some right brace
up above has ended a previous alignment prematurely,
you're probably due for more error messages, and you
might try typing `S' now just to see what is salvageable.


Overfull \hbox (4.25006pt too wide) in paragraph at lines 195--195
 []\OT1/cmr/m/n/8 4 
 []


Overfull \hbox (4.25006pt too wide) in paragraph at lines 195--195
 \OT1/cmr/m/n/8 1 
 []


Overfull \hbox (4.25006pt too wide) in paragraph at lines 195--195
 \OT1/cmr/m/n/8 2 
 []


Overfull \hbox (4.48618pt too wide) in paragraph at lines 195--195
 \OT1/cmr/m/n/8 x 
 []


Overfull \hbox (28.21846pt too wide) in paragraph at lines 195--195
 \OT1/cmr/m/n/8 Jumper 
 []


Overfull \hbox (18.17249pt too wide) in paragraph at lines 195--195
 \OT1/cmr/m/n/8 Male 
 []


Overfull \hbox (4.25006pt too wide) in paragraph at lines 195--195
 \OT1/cmr/m/n/8 2 
 []


Overfull \hbox (4.48618pt too wide) in paragraph at lines 195--195
 \OT1/cmr/m/n/8 x 
 []


Overfull \hbox (28.21846pt too wide) in paragraph at lines 195--195
 \OT1/cmr/m/n/8 Jumper 
 []


Overfull \hbox (11.44739pt too wide) in paragraph at lines 195--195
 \OT1/cmr/m/n/8 Fe- 
 []


Overfull \hbox (17.47247pt too wide) in paragraph at lines 195--195
 \OT1/cmr/m/n/8 male 
 []


Overfull \hbox (2.83337pt too wide) in paragraph at lines 195--195
 \OT1/cmr/m/n/8 - 
 []


Overfull \hbox (2.83337pt too wide) in paragraph at lines 195--195
 \OT1/cmr/m/n/8 - 
 []


Overfull \hbox (12.75018pt too wide) in paragraph at lines 195--195
 \OT1/cmr/m/n/8 320 
 []


Overfull \hbox (23.95313pt too wide) in paragraph at lines 195--195
 \OT1/cmr/m/n/8 TMLS 
 []


Overfull \hbox (11.56961pt too wide) in paragraph at lines 195--195
 \OT1/cmr/m/n/8 auf 
 []


Overfull \hbox (13.3363pt too wide) in paragraph at lines 195--195
 \OT1/cmr/m/n/8 En- 
 []


Overfull \hbox (22.43088pt too wide) in paragraph at lines 195--195
 \OT1/cmr/m/n/8 twick- 
 []


Overfull \hbox (12.2849pt too wide) in paragraph at lines 195--195
 \OT1/cmr/m/n/8 ler- 
 []


Overfull \hbox (21.49336pt too wide) in paragraph at lines 195--195
 \OT1/cmr/m/n/8 board 
 []


Overfull \hbox (39.43806pt too wide) in paragraph at lines 195--195
 \OT1/cmr/m/n/8 Schrittmo- 
 []


Overfull \hbox (17.05441pt too wide) in paragraph at lines 195--195
 \OT1/cmr/m/n/8 tors- 
 []


Overfull \hbox (32.59074pt too wide) in paragraph at lines 195--195
 \OT1/cmr/m/n/8 teuerung 
 []


Overfull \hbox (23.367pt too wide) in paragraph at lines 195--195
 \OT1/cmr/m/n/8 A4988 
 []

! Misplaced \noalign.
\hline ->\noalign 
                  {\ifnum 0=`}\fi \hrule \@height \arrayrulewidth \futurelet...
l.195 ...ard Schrittmotorsteuerung A4988 \\ \hline
                                                  
I expect to see \noalign only after the \cr of
an alignment. Proceed, and I'll ignore this case.

! Misplaced alignment tab character &.
l.196 			5 &
             1 & 1 x Jumper Male & 1 x Jumper Female & 1 x Jumper Female & H...
I can't figure out why you would want to use a tab mark
here. If you just want an ampersand, the remedy is
simple: Just type `I\&' now. But if some right brace
up above has ended a previous alignment prematurely,
you're probably due for more error messages, and you
might try typing `S' now just to see what is salvageable.

! Misplaced alignment tab character &.
l.196 			5 & 1 &
                 1 x Jumper Male & 1 x Jumper Female & 1 x Jumper Female & H...
I can't figure out why you would want to use a tab mark
here. If you just want an ampersand, the remedy is
simple: Just type `I\&' now. But if some right brace
up above has ended a previous alignment prematurely,
you're probably due for more error messages, and you
might try typing `S' now just to see what is salvageable.

! Misplaced alignment tab character &.
l.196 			5 & 1 & 1 x Jumper Male &
                                   1 x Jumper Female & 1 x Jumper Female & H...
I can't figure out why you would want to use a tab mark
here. If you just want an ampersand, the remedy is
simple: Just type `I\&' now. But if some right brace
up above has ended a previous alignment prematurely,
you're probably due for more error messages, and you
might try typing `S' now just to see what is salvageable.

! Misplaced alignment tab character &.
l.196 ...1 & 1 x Jumper Male & 1 x Jumper Female &
                                                   1 x Jumper Female & Hebel...
I can't figure out why you would want to use a tab mark
here. If you just want an ampersand, the remedy is
simple: Just type `I\&' now. But if some right brace
up above has ended a previous alignment prematurely,
you're probably due for more error messages, and you
might try typing `S' now just to see what is salvageable.

! Misplaced alignment tab character &.
l.196 ...& 1 x Jumper Female & 1 x Jumper Female &
                                                   Hebelklemme & 190 & Masse...
I can't figure out why you would want to use a tab mark
here. If you just want an ampersand, the remedy is
simple: Just type `I\&' now. But if some right brace
up above has ended a previous alignment prematurely,
you're probably due for more error messages, and you
might try typing `S' now just to see what is salvageable.

! Misplaced alignment tab character &.
l.196 ...emale & 1 x Jumper Female & Hebelklemme &
                                                   190 & Masse Spannungswand...
I can't figure out why you would want to use a tab mark
here. If you just want an ampersand, the remedy is
simple: Just type `I\&' now. But if some right brace
up above has ended a previous alignment prematurely,
you're probably due for more error messages, and you
might try typing `S' now just to see what is salvageable.

! Misplaced alignment tab character &.
l.196 ...& 1 x Jumper Female & Hebelklemme & 190 &
                                                   Masse Spannungswandler AM...
I can't figure out why you would want to use a tab mark
here. If you just want an ampersand, the remedy is
simple: Just type `I\&' now. But if some right brace
up above has ended a previous alignment prematurely,
you're probably due for more error messages, and you
might try typing `S' now just to see what is salvageable.


Overfull \hbox (4.25006pt too wide) in paragraph at lines 196--196
 []\OT1/cmr/m/n/8 5 
 []


Overfull \hbox (4.25006pt too wide) in paragraph at lines 196--196
 \OT1/cmr/m/n/8 1 
 []


Overfull \hbox (4.25006pt too wide) in paragraph at lines 196--196
 \OT1/cmr/m/n/8 1 
 []


Overfull \hbox (4.48618pt too wide) in paragraph at lines 196--196
 \OT1/cmr/m/n/8 x 
 []


Overfull \hbox (28.21846pt too wide) in paragraph at lines 196--196
 \OT1/cmr/m/n/8 Jumper 
 []


Overfull \hbox (18.17249pt too wide) in paragraph at lines 196--196
 \OT1/cmr/m/n/8 Male 
 []


Overfull \hbox (4.25006pt too wide) in paragraph at lines 196--196
 \OT1/cmr/m/n/8 1 
 []


Overfull \hbox (4.48618pt too wide) in paragraph at lines 196--196
 \OT1/cmr/m/n/8 x 
 []


Overfull \hbox (28.21846pt too wide) in paragraph at lines 196--196
 \OT1/cmr/m/n/8 Jumper 
 []


Overfull \hbox (11.44739pt too wide) in paragraph at lines 196--196
 \OT1/cmr/m/n/8 Fe- 
 []


Overfull \hbox (17.47247pt too wide) in paragraph at lines 196--196
 \OT1/cmr/m/n/8 male 
 []


Overfull \hbox (4.25006pt too wide) in paragraph at lines 196--196
 \OT1/cmr/m/n/8 1 
 []


Overfull \hbox (4.48618pt too wide) in paragraph at lines 196--196
 \OT1/cmr/m/n/8 x 
 []


Overfull \hbox (28.21846pt too wide) in paragraph at lines 196--196
 \OT1/cmr/m/n/8 Jumper 
 []


Overfull \hbox (11.44739pt too wide) in paragraph at lines 196--196
 \OT1/cmr/m/n/8 Fe- 
 []


Overfull \hbox (17.47247pt too wide) in paragraph at lines 196--196
 \OT1/cmr/m/n/8 male 
 []


Overfull \hbox (28.56152pt too wide) in paragraph at lines 196--196
 \OT1/cmr/m/n/8 Hebelk- 
 []


Overfull \hbox (24.08368pt too wide) in paragraph at lines 196--196
 \OT1/cmr/m/n/8 lemme 
 []


Overfull \hbox (12.75018pt too wide) in paragraph at lines 196--196
 \OT1/cmr/m/n/8 190 
 []


Overfull \hbox (22.517pt too wide) in paragraph at lines 196--196
 \OT1/cmr/m/n/8 Masse 
 []


Overfull \hbox (21.2503pt too wide) in paragraph at lines 196--196
 \OT1/cmr/m/n/8 Span- 
 []


Overfull \hbox (39.24223pt too wide) in paragraph at lines 196--196
 \OT1/cmr/m/n/8 nungswan- 
 []


Overfull \hbox (14.17381pt too wide) in paragraph at lines 196--196
 \OT1/cmr/m/n/8 dler 
 []


Overfull \hbox (31.62268pt too wide) in paragraph at lines 196--196
 \OT1/cmr/m/n/8 AMS117 
 []


Overfull \hbox (11.56961pt too wide) in paragraph at lines 196--196
 \OT1/cmr/m/n/8 auf 
 []


Overfull \hbox (44.51036pt too wide) in paragraph at lines 196--196
 \OT1/cmr/m/n/8 Drehwinkel- 
 []


Overfull \hbox (30.5796pt too wide) in paragraph at lines 196--196
 \OT1/cmr/m/n/8 Encoder 
 []


Overfull \hbox (14.16687pt too wide) in paragraph at lines 196--196
 \OT1/cmr/m/n/8 und 
 []


Overfull \hbox (13.3363pt too wide) in paragraph at lines 196--196
 \OT1/cmr/m/n/8 En- 
 []


Overfull \hbox (22.43088pt too wide) in paragraph at lines 196--196
 \OT1/cmr/m/n/8 twick- 
 []


Overfull \hbox (12.2849pt too wide) in paragraph at lines 196--196
 \OT1/cmr/m/n/8 ler- 
 []


Overfull \hbox (21.49336pt too wide) in paragraph at lines 196--196
 \OT1/cmr/m/n/8 board 
 []


Overfull \hbox (39.43806pt too wide) in paragraph at lines 196--196
 \OT1/cmr/m/n/8 Schrittmo- 
 []


Overfull \hbox (17.05441pt too wide) in paragraph at lines 196--196
 \OT1/cmr/m/n/8 tors- 
 []


Overfull \hbox (32.59074pt too wide) in paragraph at lines 196--196
 \OT1/cmr/m/n/8 teuerung 
 []


Overfull \hbox (23.367pt too wide) in paragraph at lines 196--196
 \OT1/cmr/m/n/8 A4988 
 []

! Misplaced \noalign.
\hline ->\noalign 
                  {\ifnum 0=`}\fi \hrule \@height \arrayrulewidth \futurelet...
l.196 ...ard Schrittmotorsteuerung A4988 \\ \hline
                                                  
I expect to see \noalign only after the \cr of
an alignment. Proceed, and I'll ignore this case.

! Misplaced alignment tab character &.
l.197 			6 &
             1 & 1 x Jumper Male & 1 x Jumper Female & 1 x Jumper Female & H...
I can't figure out why you would want to use a tab mark
here. If you just want an ampersand, the remedy is
simple: Just type `I\&' now. But if some right brace
up above has ended a previous alignment prematurely,
you're probably due for more error messages, and you
might try typing `S' now just to see what is salvageable.

! Misplaced alignment tab character &.
l.197 			6 & 1 &
                 1 x Jumper Male & 1 x Jumper Female & 1 x Jumper Female & H...
I can't figure out why you would want to use a tab mark
here. If you just want an ampersand, the remedy is
simple: Just type `I\&' now. But if some right brace
up above has ended a previous alignment prematurely,
you're probably due for more error messages, and you
might try typing `S' now just to see what is salvageable.

! Misplaced alignment tab character &.
l.197 			6 & 1 & 1 x Jumper Male &
                                   1 x Jumper Female & 1 x Jumper Female & H...
I can't figure out why you would want to use a tab mark
here. If you just want an ampersand, the remedy is
simple: Just type `I\&' now. But if some right brace
up above has ended a previous alignment prematurely,
you're probably due for more error messages, and you
might try typing `S' now just to see what is salvageable.

! Misplaced alignment tab character &.
l.197 ...1 & 1 x Jumper Male & 1 x Jumper Female &
                                                   1 x Jumper Female & Hebel...
I can't figure out why you would want to use a tab mark
here. If you just want an ampersand, the remedy is
simple: Just type `I\&' now. But if some right brace
up above has ended a previous alignment prematurely,
you're probably due for more error messages, and you
might try typing `S' now just to see what is salvageable.

! Misplaced alignment tab character &.
l.197 ...& 1 x Jumper Female & 1 x Jumper Female &
                                                   Hebelklemme & 190 & 3,3V ...
I can't figure out why you would want to use a tab mark
here. If you just want an ampersand, the remedy is
simple: Just type `I\&' now. But if some right brace
up above has ended a previous alignment prematurely,
you're probably due for more error messages, and you
might try typing `S' now just to see what is salvageable.

! Misplaced alignment tab character &.
l.197 ...emale & 1 x Jumper Female & Hebelklemme &
                                                   190 & 3,3V Spannungswandl...
I can't figure out why you would want to use a tab mark
here. If you just want an ampersand, the remedy is
simple: Just type `I\&' now. But if some right brace
up above has ended a previous alignment prematurely,
you're probably due for more error messages, and you
might try typing `S' now just to see what is salvageable.

! Misplaced alignment tab character &.
l.197 ...& 1 x Jumper Female & Hebelklemme & 190 &
                                                   3,3V Spannungswandler AMS...
I can't figure out why you would want to use a tab mark
here. If you just want an ampersand, the remedy is
simple: Just type `I\&' now. But if some right brace
up above has ended a previous alignment prematurely,
you're probably due for more error messages, and you
might try typing `S' now just to see what is salvageable.


Overfull \hbox (4.25006pt too wide) in paragraph at lines 197--197
 []\OT1/cmr/m/n/8 6 
 []


Overfull \hbox (4.25006pt too wide) in paragraph at lines 197--197
 \OT1/cmr/m/n/8 1 
 []


Overfull \hbox (4.25006pt too wide) in paragraph at lines 197--197
 \OT1/cmr/m/n/8 1 
 []


Overfull \hbox (4.48618pt too wide) in paragraph at lines 197--197
 \OT1/cmr/m/n/8 x 
 []


Overfull \hbox (28.21846pt too wide) in paragraph at lines 197--197
 \OT1/cmr/m/n/8 Jumper 
 []


Overfull \hbox (18.17249pt too wide) in paragraph at lines 197--197
 \OT1/cmr/m/n/8 Male 
 []


Overfull \hbox (4.25006pt too wide) in paragraph at lines 197--197
 \OT1/cmr/m/n/8 1 
 []


Overfull \hbox (4.48618pt too wide) in paragraph at lines 197--197
 \OT1/cmr/m/n/8 x 
 []


Overfull \hbox (28.21846pt too wide) in paragraph at lines 197--197
 \OT1/cmr/m/n/8 Jumper 
 []


Overfull \hbox (11.44739pt too wide) in paragraph at lines 197--197
 \OT1/cmr/m/n/8 Fe- 
 []


Overfull \hbox (17.47247pt too wide) in paragraph at lines 197--197
 \OT1/cmr/m/n/8 male 
 []


Overfull \hbox (4.25006pt too wide) in paragraph at lines 197--197
 \OT1/cmr/m/n/8 1 
 []


Overfull \hbox (4.48618pt too wide) in paragraph at lines 197--197
 \OT1/cmr/m/n/8 x 
 []


Overfull \hbox (28.21846pt too wide) in paragraph at lines 197--197
 \OT1/cmr/m/n/8 Jumper 
 []


Overfull \hbox (11.44739pt too wide) in paragraph at lines 197--197
 \OT1/cmr/m/n/8 Fe- 
 []


Overfull \hbox (17.47247pt too wide) in paragraph at lines 197--197
 \OT1/cmr/m/n/8 male 
 []


Overfull \hbox (28.56152pt too wide) in paragraph at lines 197--197
 \OT1/cmr/m/n/8 Hebelk- 
 []


Overfull \hbox (24.08368pt too wide) in paragraph at lines 197--197
 \OT1/cmr/m/n/8 lemme 
 []


Overfull \hbox (12.75018pt too wide) in paragraph at lines 197--197
 \OT1/cmr/m/n/8 190 
 []


Overfull \hbox (17.22803pt too wide) in paragraph at lines 197--197
 \OT1/cmr/m/n/8 3,3V 
 []


Overfull \hbox (21.2503pt too wide) in paragraph at lines 197--197
 \OT1/cmr/m/n/8 Span- 
 []


Overfull \hbox (39.24223pt too wide) in paragraph at lines 197--197
 \OT1/cmr/m/n/8 nungswan- 
 []


Overfull \hbox (14.17381pt too wide) in paragraph at lines 197--197
 \OT1/cmr/m/n/8 dler 
 []


Overfull \hbox (31.62268pt too wide) in paragraph at lines 197--197
 \OT1/cmr/m/n/8 AMS117 
 []


Overfull \hbox (11.56961pt too wide) in paragraph at lines 197--197
 \OT1/cmr/m/n/8 auf 
 []


Overfull \hbox (44.51036pt too wide) in paragraph at lines 197--197
 \OT1/cmr/m/n/8 Drehwinkel- 
 []


Overfull \hbox (30.5796pt too wide) in paragraph at lines 197--197
 \OT1/cmr/m/n/8 Encoder 
 []


Overfull \hbox (14.16687pt too wide) in paragraph at lines 197--197
 \OT1/cmr/m/n/8 und 
 []


Overfull \hbox (13.3363pt too wide) in paragraph at lines 197--197
 \OT1/cmr/m/n/8 En- 
 []


Overfull \hbox (22.43088pt too wide) in paragraph at lines 197--197
 \OT1/cmr/m/n/8 twick- 
 []


Overfull \hbox (12.2849pt too wide) in paragraph at lines 197--197
 \OT1/cmr/m/n/8 ler- 
 []


Overfull \hbox (21.49336pt too wide) in paragraph at lines 197--197
 \OT1/cmr/m/n/8 board 
 []


Overfull \hbox (39.43806pt too wide) in paragraph at lines 197--197
 \OT1/cmr/m/n/8 Schrittmo- 
 []


Overfull \hbox (17.05441pt too wide) in paragraph at lines 197--197
 \OT1/cmr/m/n/8 tors- 
 []


Overfull \hbox (32.59074pt too wide) in paragraph at lines 197--197
 \OT1/cmr/m/n/8 teuerung 
 []


Overfull \hbox (23.367pt too wide) in paragraph at lines 197--197
 \OT1/cmr/m/n/8 A4988 
 []

! Misplaced \noalign.
\hline ->\noalign 
                  {\ifnum 0=`}\fi \hrule \@height \arrayrulewidth \futurelet...
l.197 ...ard Schrittmotorsteuerung A4988 \\ \hline
                                                  
I expect to see \noalign only after the \cr of
an alignment. Proceed, and I'll ignore this case.

! Misplaced alignment tab character &.
l.198 			7 &
             2 & 1 x Kabelschuh Ringform & 1 x Jumper Female &  - & Quetsche...
I can't figure out why you would want to use a tab mark
here. If you just want an ampersand, the remedy is
simple: Just type `I\&' now. But if some right brace
up above has ended a previous alignment prematurely,
you're probably due for more error messages, and you
might try typing `S' now just to see what is salvageable.

! Misplaced alignment tab character &.
l.198 			7 & 2 &
                 1 x Kabelschuh Ringform & 1 x Jumper Female &  - & Quetsche...
I can't figure out why you would want to use a tab mark
here. If you just want an ampersand, the remedy is
simple: Just type `I\&' now. But if some right brace
up above has ended a previous alignment prematurely,
you're probably due for more error messages, and you
might try typing `S' now just to see what is salvageable.

! Misplaced alignment tab character &.
l.198 			7 & 2 & 1 x Kabelschuh Ringform &
                                           1 x Jumper Female &  - & Quetsche...
I can't figure out why you would want to use a tab mark
here. If you just want an ampersand, the remedy is
simple: Just type `I\&' now. But if some right brace
up above has ended a previous alignment prematurely,
you're probably due for more error messages, and you
might try typing `S' now just to see what is salvageable.

! Misplaced alignment tab character &.
l.198 ...Kabelschuh Ringform & 1 x Jumper Female &
                                                    - & Quetschen & 210 & 5V...
I can't figure out why you would want to use a tab mark
here. If you just want an ampersand, the remedy is
simple: Just type `I\&' now. But if some right brace
up above has ended a previous alignment prematurely,
you're probably due for more error messages, and you
might try typing `S' now just to see what is salvageable.

! Misplaced alignment tab character &.
l.198 ...schuh Ringform & 1 x Jumper Female &  - &
                                                   Quetschen & 210 & 5V/Mass...
I can't figure out why you would want to use a tab mark
here. If you just want an ampersand, the remedy is
simple: Just type `I\&' now. But if some right brace
up above has ended a previous alignment prematurely,
you're probably due for more error messages, and you
might try typing `S' now just to see what is salvageable.

! Misplaced alignment tab character &.
l.198 ...rm & 1 x Jumper Female &  - & Quetschen &
                                                   210 & 5V/Masse Schaltnetz...
I can't figure out why you would want to use a tab mark
here. If you just want an ampersand, the remedy is
simple: Just type `I\&' now. But if some right brace
up above has ended a previous alignment prematurely,
you're probably due for more error messages, and you
might try typing `S' now just to see what is salvageable.

! Misplaced alignment tab character &.
l.198 ... x Jumper Female &  - & Quetschen & 210 &
                                                   5V/Masse Schaltnetzteil a...
I can't figure out why you would want to use a tab mark
here. If you just want an ampersand, the remedy is
simple: Just type `I\&' now. But if some right brace
up above has ended a previous alignment prematurely,
you're probably due for more error messages, and you
might try typing `S' now just to see what is salvageable.


Overfull \hbox (4.25006pt too wide) in paragraph at lines 198--198
 []\OT1/cmr/m/n/8 7 
 []


Overfull \hbox (4.25006pt too wide) in paragraph at lines 198--198
 \OT1/cmr/m/n/8 2 
 []


Overfull \hbox (4.25006pt too wide) in paragraph at lines 198--198
 \OT1/cmr/m/n/8 1 
 []


Overfull \hbox (4.48618pt too wide) in paragraph at lines 198--198
 \OT1/cmr/m/n/8 x 
 []


Overfull \hbox (13.68631pt too wide) in paragraph at lines 198--198
 \OT1/cmr/m/n/8 Ka- 
 []


Overfull \hbox (31.92268pt too wide) in paragraph at lines 198--198
 \OT1/cmr/m/n/8 belschuh 
 []


Overfull \hbox (20.41974pt too wide) in paragraph at lines 198--198
 \OT1/cmr/m/n/8 Ring- 
 []


Overfull \hbox (17.2433pt too wide) in paragraph at lines 198--198
 \OT1/cmr/m/n/8 form 
 []


Overfull \hbox (4.25006pt too wide) in paragraph at lines 198--198
 \OT1/cmr/m/n/8 1 
 []


Overfull \hbox (4.48618pt too wide) in paragraph at lines 198--198
 \OT1/cmr/m/n/8 x 
 []


Overfull \hbox (28.21846pt too wide) in paragraph at lines 198--198
 \OT1/cmr/m/n/8 Jumper 
 []


Overfull \hbox (11.44739pt too wide) in paragraph at lines 198--198
 \OT1/cmr/m/n/8 Fe- 
 []


Overfull \hbox (17.47247pt too wide) in paragraph at lines 198--198
 \OT1/cmr/m/n/8 male 
 []


Overfull \hbox (2.83337pt too wide) in paragraph at lines 198--198
 \OT1/cmr/m/n/8 - 
 []


Overfull \hbox (38.53389pt too wide) in paragraph at lines 198--198
 \OT1/cmr/m/n/8 Quetschen 
 []


Overfull \hbox (12.75018pt too wide) in paragraph at lines 198--198
 \OT1/cmr/m/n/8 210 
 []


Overfull \hbox (37.38388pt too wide) in paragraph at lines 198--198
 \OT1/cmr/m/n/8 5V/Masse 
 []


Overfull \hbox (25.73648pt too wide) in paragraph at lines 198--198
 \OT1/cmr/m/n/8 Schalt- 
 []


Overfull \hbox (14.6391pt too wide) in paragraph at lines 198--198
 \OT1/cmr/m/n/8 net- 
 []


Overfull \hbox (15.58356pt too wide) in paragraph at lines 198--198
 \OT1/cmr/m/n/8 zteil 
 []


Overfull \hbox (11.56961pt too wide) in paragraph at lines 198--198
 \OT1/cmr/m/n/8 auf 
 []


Overfull \hbox (21.2503pt too wide) in paragraph at lines 198--198
 \OT1/cmr/m/n/8 Span- 
 []


Overfull \hbox (39.24223pt too wide) in paragraph at lines 198--198
 \OT1/cmr/m/n/8 nungswan- 
 []


Overfull \hbox (14.17381pt too wide) in paragraph at lines 198--198
 \OT1/cmr/m/n/8 dler 
 []


Overfull \hbox (31.62268pt too wide) in paragraph at lines 198--198
 \OT1/cmr/m/n/8 AMS117 
 []

! Misplaced \noalign.
\hline ->\noalign 
                  {\ifnum 0=`}\fi \hrule \@height \arrayrulewidth \futurelet...
l.198 ...il auf Spannungswandler AMS117  \\ \hline
                                                  
I expect to see \noalign only after the \cr of
an alignment. Proceed, and I'll ignore this case.

! Misplaced alignment tab character &.
l.199 			8 &
             2 & 1 x Kabelschuh Ringform & 1 x Jumper Male &  - & Quetschen ...
I can't figure out why you would want to use a tab mark
here. If you just want an ampersand, the remedy is
simple: Just type `I\&' now. But if some right brace
up above has ended a previous alignment prematurely,
you're probably due for more error messages, and you
might try typing `S' now just to see what is salvageable.

! Misplaced alignment tab character &.
l.199 			8 & 2 &
                 1 x Kabelschuh Ringform & 1 x Jumper Male &  - & Quetschen ...
I can't figure out why you would want to use a tab mark
here. If you just want an ampersand, the remedy is
simple: Just type `I\&' now. But if some right brace
up above has ended a previous alignment prematurely,
you're probably due for more error messages, and you
might try typing `S' now just to see what is salvageable.

! Misplaced alignment tab character &.
l.199 			8 & 2 & 1 x Kabelschuh Ringform &
                                           1 x Jumper Male &  - & Quetschen ...
I can't figure out why you would want to use a tab mark
here. If you just want an ampersand, the remedy is
simple: Just type `I\&' now. But if some right brace
up above has ended a previous alignment prematurely,
you're probably due for more error messages, and you
might try typing `S' now just to see what is salvageable.

! Misplaced alignment tab character &.
l.199 ...x Kabelschuh Ringform & 1 x Jumper Male &
                                                    - & Quetschen & 250 & 12...
I can't figure out why you would want to use a tab mark
here. If you just want an ampersand, the remedy is
simple: Just type `I\&' now. But if some right brace
up above has ended a previous alignment prematurely,
you're probably due for more error messages, and you
might try typing `S' now just to see what is salvageable.

! Misplaced alignment tab character &.
l.199 ...elschuh Ringform & 1 x Jumper Male &  - &
                                                   Quetschen & 250 & 12V/Mas...
I can't figure out why you would want to use a tab mark
here. If you just want an ampersand, the remedy is
simple: Just type `I\&' now. But if some right brace
up above has ended a previous alignment prematurely,
you're probably due for more error messages, and you
might try typing `S' now just to see what is salvageable.

! Misplaced alignment tab character &.
l.199 ...form & 1 x Jumper Male &  - & Quetschen &
                                                   250 & 12V/Masse Schaltnet...
I can't figure out why you would want to use a tab mark
here. If you just want an ampersand, the remedy is
simple: Just type `I\&' now. But if some right brace
up above has ended a previous alignment prematurely,
you're probably due for more error messages, and you
might try typing `S' now just to see what is salvageable.

! Misplaced alignment tab character &.
l.199 ... 1 x Jumper Male &  - & Quetschen & 250 &
                                                   12V/Masse Schaltnetzteil ...
I can't figure out why you would want to use a tab mark
here. If you just want an ampersand, the remedy is
simple: Just type `I\&' now. But if some right brace
up above has ended a previous alignment prematurely,
you're probably due for more error messages, and you
might try typing `S' now just to see what is salvageable.


Overfull \hbox (4.25006pt too wide) in paragraph at lines 199--199
 []\OT1/cmr/m/n/8 8 
 []


Overfull \hbox (4.25006pt too wide) in paragraph at lines 199--199
 \OT1/cmr/m/n/8 2 
 []


Overfull \hbox (4.25006pt too wide) in paragraph at lines 199--199
 \OT1/cmr/m/n/8 1 
 []


Overfull \hbox (4.48618pt too wide) in paragraph at lines 199--199
 \OT1/cmr/m/n/8 x 
 []


Overfull \hbox (13.68631pt too wide) in paragraph at lines 199--199
 \OT1/cmr/m/n/8 Ka- 
 []


Overfull \hbox (31.92268pt too wide) in paragraph at lines 199--199
 \OT1/cmr/m/n/8 belschuh 
 []


Overfull \hbox (20.41974pt too wide) in paragraph at lines 199--199
 \OT1/cmr/m/n/8 Ring- 
 []


Overfull \hbox (17.2433pt too wide) in paragraph at lines 199--199
 \OT1/cmr/m/n/8 form 
 []


Overfull \hbox (4.25006pt too wide) in paragraph at lines 199--199
 \OT1/cmr/m/n/8 1 
 []


Overfull \hbox (4.48618pt too wide) in paragraph at lines 199--199
 \OT1/cmr/m/n/8 x 
 []


Overfull \hbox (28.21846pt too wide) in paragraph at lines 199--199
 \OT1/cmr/m/n/8 Jumper 
 []


Overfull \hbox (18.17249pt too wide) in paragraph at lines 199--199
 \OT1/cmr/m/n/8 Male 
 []


Overfull \hbox (2.83337pt too wide) in paragraph at lines 199--199
 \OT1/cmr/m/n/8 - 
 []


Overfull \hbox (38.53389pt too wide) in paragraph at lines 199--199
 \OT1/cmr/m/n/8 Quetschen 
 []


Overfull \hbox (12.75018pt too wide) in paragraph at lines 199--199
 \OT1/cmr/m/n/8 250 
 []


Overfull \hbox (41.63394pt too wide) in paragraph at lines 199--199
 \OT1/cmr/m/n/8 12V/Masse 
 []


Overfull \hbox (25.73648pt too wide) in paragraph at lines 199--199
 \OT1/cmr/m/n/8 Schalt- 
 []


Overfull \hbox (14.6391pt too wide) in paragraph at lines 199--199
 \OT1/cmr/m/n/8 net- 
 []


Overfull \hbox (15.58356pt too wide) in paragraph at lines 199--199
 \OT1/cmr/m/n/8 zteil 
 []


Overfull \hbox (11.56961pt too wide) in paragraph at lines 199--199
 \OT1/cmr/m/n/8 auf 
 []


Overfull \hbox (13.3363pt too wide) in paragraph at lines 199--199
 \OT1/cmr/m/n/8 En- 
 []


Overfull \hbox (22.43088pt too wide) in paragraph at lines 199--199
 \OT1/cmr/m/n/8 twick- 
 []


Overfull \hbox (12.2849pt too wide) in paragraph at lines 199--199
 \OT1/cmr/m/n/8 ler- 
 []


Overfull \hbox (21.49336pt too wide) in paragraph at lines 199--199
 \OT1/cmr/m/n/8 board 
 []


Overfull \hbox (39.43806pt too wide) in paragraph at lines 199--199
 \OT1/cmr/m/n/8 Schrittmo- 
 []


Overfull \hbox (17.05441pt too wide) in paragraph at lines 199--199
 \OT1/cmr/m/n/8 tors- 
 []


Overfull \hbox (32.59074pt too wide) in paragraph at lines 199--199
 \OT1/cmr/m/n/8 teuerung 
 []


Overfull \hbox (23.367pt too wide) in paragraph at lines 199--199
 \OT1/cmr/m/n/8 A4988 
 []

! Misplaced \noalign.
\hline ->\noalign 
                  {\ifnum 0=`}\fi \hrule \@height \arrayrulewidth \futurelet...
l.199 ...rd Schrittmotorsteuerung A4988  \\ \hline
                                                  
I expect to see \noalign only after the \cr of
an alignment. Proceed, and I'll ignore this case.

! Misplaced alignment tab character &.
l.200 			9 &
             2 & 1 x Kabelschuh Ringform & 1 x Jumper Male &  - & Quetschen ...
I can't figure out why you would want to use a tab mark
here. If you just want an ampersand, the remedy is
simple: Just type `I\&' now. But if some right brace
up above has ended a previous alignment prematurely,
you're probably due for more error messages, and you
might try typing `S' now just to see what is salvageable.

! Misplaced alignment tab character &.
l.200 			9 & 2 &
                 1 x Kabelschuh Ringform & 1 x Jumper Male &  - & Quetschen ...
I can't figure out why you would want to use a tab mark
here. If you just want an ampersand, the remedy is
simple: Just type `I\&' now. But if some right brace
up above has ended a previous alignment prematurely,
you're probably due for more error messages, and you
might try typing `S' now just to see what is salvageable.

! Misplaced alignment tab character &.
l.200 			9 & 2 & 1 x Kabelschuh Ringform &
                                           1 x Jumper Male &  - & Quetschen ...
I can't figure out why you would want to use a tab mark
here. If you just want an ampersand, the remedy is
simple: Just type `I\&' now. But if some right brace
up above has ended a previous alignment prematurely,
you're probably due for more error messages, and you
might try typing `S' now just to see what is salvageable.

! Misplaced alignment tab character &.
l.200 ...x Kabelschuh Ringform & 1 x Jumper Male &
                                                    - & Quetschen & 170 & 12...
I can't figure out why you would want to use a tab mark
here. If you just want an ampersand, the remedy is
simple: Just type `I\&' now. But if some right brace
up above has ended a previous alignment prematurely,
you're probably due for more error messages, and you
might try typing `S' now just to see what is salvageable.

! Misplaced alignment tab character &.
l.200 ...elschuh Ringform & 1 x Jumper Male &  - &
                                                   Quetschen & 170 & 12V/Mas...
I can't figure out why you would want to use a tab mark
here. If you just want an ampersand, the remedy is
simple: Just type `I\&' now. But if some right brace
up above has ended a previous alignment prematurely,
you're probably due for more error messages, and you
might try typing `S' now just to see what is salvageable.

! Misplaced alignment tab character &.
l.200 ...form & 1 x Jumper Male &  - & Quetschen &
                                                   170 & 12V/Masse Schaltnet...
I can't figure out why you would want to use a tab mark
here. If you just want an ampersand, the remedy is
simple: Just type `I\&' now. But if some right brace
up above has ended a previous alignment prematurely,
you're probably due for more error messages, and you
might try typing `S' now just to see what is salvageable.

! Misplaced alignment tab character &.
l.200 ... 1 x Jumper Male &  - & Quetschen & 170 &
                                                   12V/Masse Schaltnetzteil ...
I can't figure out why you would want to use a tab mark
here. If you just want an ampersand, the remedy is
simple: Just type `I\&' now. But if some right brace
up above has ended a previous alignment prematurely,
you're probably due for more error messages, and you
might try typing `S' now just to see what is salvageable.


Overfull \hbox (4.25006pt too wide) in paragraph at lines 200--200
 []\OT1/cmr/m/n/8 9 
 []


Overfull \hbox (4.25006pt too wide) in paragraph at lines 200--200
 \OT1/cmr/m/n/8 2 
 []


Overfull \hbox (4.25006pt too wide) in paragraph at lines 200--200
 \OT1/cmr/m/n/8 1 
 []


Overfull \hbox (4.48618pt too wide) in paragraph at lines 200--200
 \OT1/cmr/m/n/8 x 
 []


Overfull \hbox (13.68631pt too wide) in paragraph at lines 200--200
 \OT1/cmr/m/n/8 Ka- 
 []


Overfull \hbox (31.92268pt too wide) in paragraph at lines 200--200
 \OT1/cmr/m/n/8 belschuh 
 []


Overfull \hbox (20.41974pt too wide) in paragraph at lines 200--200
 \OT1/cmr/m/n/8 Ring- 
 []


Overfull \hbox (17.2433pt too wide) in paragraph at lines 200--200
 \OT1/cmr/m/n/8 form 
 []


Overfull \hbox (4.25006pt too wide) in paragraph at lines 200--200
 \OT1/cmr/m/n/8 1 
 []


Overfull \hbox (4.48618pt too wide) in paragraph at lines 200--200
 \OT1/cmr/m/n/8 x 
 []


Overfull \hbox (28.21846pt too wide) in paragraph at lines 200--200
 \OT1/cmr/m/n/8 Jumper 
 []


Overfull \hbox (18.17249pt too wide) in paragraph at lines 200--200
 \OT1/cmr/m/n/8 Male 
 []


Overfull \hbox (2.83337pt too wide) in paragraph at lines 200--200
 \OT1/cmr/m/n/8 - 
 []


Overfull \hbox (38.53389pt too wide) in paragraph at lines 200--200
 \OT1/cmr/m/n/8 Quetschen 
 []


Overfull \hbox (12.75018pt too wide) in paragraph at lines 200--200
 \OT1/cmr/m/n/8 170 
 []


Overfull \hbox (41.63394pt too wide) in paragraph at lines 200--200
 \OT1/cmr/m/n/8 12V/Masse 
 []


Overfull \hbox (25.73648pt too wide) in paragraph at lines 200--200
 \OT1/cmr/m/n/8 Schalt- 
 []


Overfull \hbox (14.6391pt too wide) in paragraph at lines 200--200
 \OT1/cmr/m/n/8 net- 
 []


Overfull \hbox (15.58356pt too wide) in paragraph at lines 200--200
 \OT1/cmr/m/n/8 zteil 
 []


Overfull \hbox (11.56961pt too wide) in paragraph at lines 200--200
 \OT1/cmr/m/n/8 auf 
 []


Overfull \hbox (23.95313pt too wide) in paragraph at lines 200--200
 \OT1/cmr/m/n/8 TMLS 
 []

! Misplaced \noalign.
\hline ->\noalign 
                  {\ifnum 0=`}\fi \hrule \@height \arrayrulewidth \futurelet...
l.200 .../Masse Schaltnetzteil auf TMLS  \\ \hline
                                                  
I expect to see \noalign only after the \cr of
an alignment. Proceed, and I'll ignore this case.

! Misplaced alignment tab character &.
l.201 			10 &
              3 & 1 x Kabelschuh Ringform & 1 x Kabelschuh Flachsteckhülse ...
I can't figure out why you would want to use a tab mark
here. If you just want an ampersand, the remedy is
simple: Just type `I\&' now. But if some right brace
up above has ended a previous alignment prematurely,
you're probably due for more error messages, and you
might try typing `S' now just to see what is salvageable.

! Misplaced alignment tab character &.
l.201 			10 & 3 &
                  1 x Kabelschuh Ringform & 1 x Kabelschuh Flachsteckhülse ...
I can't figure out why you would want to use a tab mark
here. If you just want an ampersand, the remedy is
simple: Just type `I\&' now. But if some right brace
up above has ended a previous alignment prematurely,
you're probably due for more error messages, and you
might try typing `S' now just to see what is salvageable.

! Misplaced alignment tab character &.
l.201 			10 & 3 & 1 x Kabelschuh Ringform &
                                            1 x Kabelschuh Flachsteckhülse ...
I can't figure out why you would want to use a tab mark
here. If you just want an ampersand, the remedy is
simple: Just type `I\&' now. But if some right brace
up above has ended a previous alignment prematurely,
you're probably due for more error messages, and you
might try typing `S' now just to see what is salvageable.

! Misplaced alignment tab character &.
l.201 ...gform & 1 x Kabelschuh Flachsteckhülse &
                                                   - & 1 x Quetschen & 125 &...
I can't figure out why you would want to use a tab mark
here. If you just want an ampersand, the remedy is
simple: Just type `I\&' now. But if some right brace
up above has ended a previous alignment prematurely,
you're probably due for more error messages, and you
might try typing `S' now just to see what is salvageable.

! Misplaced alignment tab character &.
l.201 ...m & 1 x Kabelschuh Flachsteckhülse & - &
                                                   1 x Quetschen & 125 & Kal...
I can't figure out why you would want to use a tab mark
here. If you just want an ampersand, the remedy is
simple: Just type `I\&' now. But if some right brace
up above has ended a previous alignment prematurely,
you're probably due for more error messages, and you
might try typing `S' now just to see what is salvageable.

! Misplaced alignment tab character &.
l.201 ...uh Flachsteckhülse & - & 1 x Quetschen &
                                                   125 & Kaltgerätean-schlu...
I can't figure out why you would want to use a tab mark
here. If you just want an ampersand, the remedy is
simple: Just type `I\&' now. But if some right brace
up above has ended a previous alignment prematurely,
you're probably due for more error messages, and you
might try typing `S' now just to see what is salvageable.

! Misplaced alignment tab character &.
l.201 ...chsteckhülse & - & 1 x Quetschen & 125 &
                                                   Kaltgerätean-schluss auf...
I can't figure out why you would want to use a tab mark
here. If you just want an ampersand, the remedy is
simple: Just type `I\&' now. But if some right brace
up above has ended a previous alignment prematurely,
you're probably due for more error messages, and you
might try typing `S' now just to see what is salvageable.


Overfull \hbox (8.50012pt too wide) in paragraph at lines 201--201
 []\OT1/cmr/m/n/8 10 
 []


Overfull \hbox (4.25006pt too wide) in paragraph at lines 201--201
 \OT1/cmr/m/n/8 3 
 []


Overfull \hbox (4.25006pt too wide) in paragraph at lines 201--201
 \OT1/cmr/m/n/8 1 
 []


Overfull \hbox (4.48618pt too wide) in paragraph at lines 201--201
 \OT1/cmr/m/n/8 x 
 []


Overfull \hbox (13.68631pt too wide) in paragraph at lines 201--201
 \OT1/cmr/m/n/8 Ka- 
 []


Overfull \hbox (31.92268pt too wide) in paragraph at lines 201--201
 \OT1/cmr/m/n/8 belschuh 
 []


Overfull \hbox (20.41974pt too wide) in paragraph at lines 201--201
 \OT1/cmr/m/n/8 Ring- 
 []


Overfull \hbox (17.2433pt too wide) in paragraph at lines 201--201
 \OT1/cmr/m/n/8 form 
 []


Overfull \hbox (4.25006pt too wide) in paragraph at lines 201--201
 \OT1/cmr/m/n/8 1 
 []


Overfull \hbox (4.48618pt too wide) in paragraph at lines 201--201
 \OT1/cmr/m/n/8 x 
 []


Overfull \hbox (13.68631pt too wide) in paragraph at lines 201--201
 \OT1/cmr/m/n/8 Ka- 
 []


Overfull \hbox (31.92268pt too wide) in paragraph at lines 201--201
 \OT1/cmr/m/n/8 belschuh 
 []


Overfull \hbox (23.25311pt too wide) in paragraph at lines 201--201
 \OT1/cmr/m/n/8 Flach- 
 []


Overfull \hbox (37.40054pt too wide) in paragraph at lines 201--201
 \OT1/cmr/m/n/8 steckh^^?ulse 
 []


Overfull \hbox (2.83337pt too wide) in paragraph at lines 201--201
 \OT1/cmr/m/n/8 - 
 []


Overfull \hbox (4.25006pt too wide) in paragraph at lines 201--201
 \OT1/cmr/m/n/8 1 
 []


Overfull \hbox (4.48618pt too wide) in paragraph at lines 201--201
 \OT1/cmr/m/n/8 x 
 []


Overfull \hbox (38.53389pt too wide) in paragraph at lines 201--201
 \OT1/cmr/m/n/8 Quetschen 
 []


Overfull \hbox (12.75018pt too wide) in paragraph at lines 201--201
 \OT1/cmr/m/n/8 125 
 []


Overfull \hbox (19.35306pt too wide) in paragraph at lines 201--201
 \OT1/cmr/m/n/8 Kalt- 
 []


Overfull \hbox (34.47966pt too wide) in paragraph at lines 201--201
 \OT1/cmr/m/n/8 ger^^?atean- 
 []


Overfull \hbox (25.40593pt too wide) in paragraph at lines 201--201
 \OT1/cmr/m/n/8 schluss 
 []


Overfull \hbox (11.56961pt too wide) in paragraph at lines 201--201
 \OT1/cmr/m/n/8 auf 
 []


Overfull \hbox (25.73648pt too wide) in paragraph at lines 201--201
 \OT1/cmr/m/n/8 Schalt- 
 []


Overfull \hbox (14.6391pt too wide) in paragraph at lines 201--201
 \OT1/cmr/m/n/8 net- 
 []


Overfull \hbox (15.58356pt too wide) in paragraph at lines 201--201
 \OT1/cmr/m/n/8 zteil 
 []

! Misplaced \noalign.
\hline ->\noalign 
                  {\ifnum 0=`}\fi \hrule \@height \arrayrulewidth \futurelet...
l.201 ...ean-schluss auf Schaltnetzteil  \\ \hline
                                                  
I expect to see \noalign only after the \cr of
an alignment. Proceed, and I'll ignore this case.

! Misplaced alignment tab character &.
l.202 			11 &
              1 & 1 x Pin HY2.0 & 2 x Micro-Schalter & - & 1 x Löten & 285 ...
I can't figure out why you would want to use a tab mark
here. If you just want an ampersand, the remedy is
simple: Just type `I\&' now. But if some right brace
up above has ended a previous alignment prematurely,
you're probably due for more error messages, and you
might try typing `S' now just to see what is salvageable.

! Misplaced alignment tab character &.
l.202 			11 & 1 &
                  1 x Pin HY2.0 & 2 x Micro-Schalter & - & 1 x Löten & 285 ...
I can't figure out why you would want to use a tab mark
here. If you just want an ampersand, the remedy is
simple: Just type `I\&' now. But if some right brace
up above has ended a previous alignment prematurely,
you're probably due for more error messages, and you
might try typing `S' now just to see what is salvageable.

! Misplaced alignment tab character &.
l.202 			11 & 1 & 1 x Pin HY2.0 &
                                  2 x Micro-Schalter & - & 1 x Löten & 285 ...
I can't figure out why you would want to use a tab mark
here. If you just want an ampersand, the remedy is
simple: Just type `I\&' now. But if some right brace
up above has ended a previous alignment prematurely,
you're probably due for more error messages, and you
might try typing `S' now just to see what is salvageable.

! Misplaced alignment tab character &.
l.202 ... 1 & 1 x Pin HY2.0 & 2 x Micro-Schalter &
                                                   - & 1 x Löten & 285 & TM...
I can't figure out why you would want to use a tab mark
here. If you just want an ampersand, the remedy is
simple: Just type `I\&' now. But if some right brace
up above has ended a previous alignment prematurely,
you're probably due for more error messages, and you
might try typing `S' now just to see what is salvageable.

! Misplaced alignment tab character &.
l.202 ... 1 x Pin HY2.0 & 2 x Micro-Schalter & - &
                                                   1 x Löten & 285 & TMLS a...
I can't figure out why you would want to use a tab mark
here. If you just want an ampersand, the remedy is
simple: Just type `I\&' now. But if some right brace
up above has ended a previous alignment prematurely,
you're probably due for more error messages, and you
might try typing `S' now just to see what is salvageable.

! Misplaced alignment tab character &.
l.202 ...0 & 2 x Micro-Schalter & - & 1 x Löten &
                                                   285 & TMLS auf Micro-Scha...
I can't figure out why you would want to use a tab mark
here. If you just want an ampersand, the remedy is
simple: Just type `I\&' now. But if some right brace
up above has ended a previous alignment prematurely,
you're probably due for more error messages, and you
might try typing `S' now just to see what is salvageable.

! Misplaced alignment tab character &.
l.202 ...x Micro-Schalter & - & 1 x Löten & 285 &
                                                   TMLS auf Micro-Schalter  ...
I can't figure out why you would want to use a tab mark
here. If you just want an ampersand, the remedy is
simple: Just type `I\&' now. But if some right brace
up above has ended a previous alignment prematurely,
you're probably due for more error messages, and you
might try typing `S' now just to see what is salvageable.


Overfull \hbox (8.50012pt too wide) in paragraph at lines 202--202
 []\OT1/cmr/m/n/8 11 
 []


Overfull \hbox (4.25006pt too wide) in paragraph at lines 202--202
 \OT1/cmr/m/n/8 1 
 []


Overfull \hbox (4.25006pt too wide) in paragraph at lines 202--202
 \OT1/cmr/m/n/8 1 
 []


Overfull \hbox (4.48618pt too wide) in paragraph at lines 202--202
 \OT1/cmr/m/n/8 x 
 []


Overfull \hbox (12.86407pt too wide) in paragraph at lines 202--202
 \OT1/cmr/m/n/8 Pin 
 []


Overfull \hbox (23.59479pt too wide) in paragraph at lines 202--202
 \OT1/cmr/m/n/8 HY2.0 
 []


Overfull \hbox (4.25006pt too wide) in paragraph at lines 202--202
 \OT1/cmr/m/n/8 2 
 []


Overfull \hbox (4.48618pt too wide) in paragraph at lines 202--202
 \OT1/cmr/m/n/8 x 
 []


Overfull \hbox (24.3184pt too wide) in paragraph at lines 202--202
 \OT1/cmr/m/n/8 Micro- 
 []


Overfull \hbox (29.99348pt too wide) in paragraph at lines 202--202
 \OT1/cmr/m/n/8 Schalter 
 []


Overfull \hbox (2.83337pt too wide) in paragraph at lines 202--202
 \OT1/cmr/m/n/8 - 
 []


Overfull \hbox (4.25006pt too wide) in paragraph at lines 202--202
 \OT1/cmr/m/n/8 1 
 []


Overfull \hbox (4.48618pt too wide) in paragraph at lines 202--202
 \OT1/cmr/m/n/8 x 
 []


Overfull \hbox (21.3642pt too wide) in paragraph at lines 202--202
 \OT1/cmr/m/n/8 L^^?oten 
 []


Overfull \hbox (12.75018pt too wide) in paragraph at lines 202--202
 \OT1/cmr/m/n/8 285 
 []


Overfull \hbox (23.95313pt too wide) in paragraph at lines 202--202
 \OT1/cmr/m/n/8 TMLS 
 []


Overfull \hbox (11.56961pt too wide) in paragraph at lines 202--202
 \OT1/cmr/m/n/8 auf 
 []


Overfull \hbox (24.3184pt too wide) in paragraph at lines 202--202
 \OT1/cmr/m/n/8 Micro- 
 []


Overfull \hbox (29.99348pt too wide) in paragraph at lines 202--202
 \OT1/cmr/m/n/8 Schalter 
 []

! Misplaced \noalign.
\hline ->\noalign 
                  {\ifnum 0=`}\fi \hrule \@height \arrayrulewidth \futurelet...
l.202 ... 285 & TMLS auf Micro-Schalter  \\ \hline
                                                  
I expect to see \noalign only after the \cr of
an alignment. Proceed, and I'll ignore this case.

! Misplaced alignment tab character &.
l.203 			12 &
              1 & 4 x Jumper Male & SMD-LED & - & Löten & 225 & TMLS auf SM...
I can't figure out why you would want to use a tab mark
here. If you just want an ampersand, the remedy is
simple: Just type `I\&' now. But if some right brace
up above has ended a previous alignment prematurely,
you're probably due for more error messages, and you
might try typing `S' now just to see what is salvageable.

! Misplaced alignment tab character &.
l.203 			12 & 1 &
                  4 x Jumper Male & SMD-LED & - & Löten & 225 & TMLS auf SM...
I can't figure out why you would want to use a tab mark
here. If you just want an ampersand, the remedy is
simple: Just type `I\&' now. But if some right brace
up above has ended a previous alignment prematurely,
you're probably due for more error messages, and you
might try typing `S' now just to see what is salvageable.

! Misplaced alignment tab character &.
l.203 			12 & 1 & 4 x Jumper Male &
                                    SMD-LED & - & Löten & 225 & TMLS auf SM...
I can't figure out why you would want to use a tab mark
here. If you just want an ampersand, the remedy is
simple: Just type `I\&' now. But if some right brace
up above has ended a previous alignment prematurely,
you're probably due for more error messages, and you
might try typing `S' now just to see what is salvageable.

! Misplaced alignment tab character &.
l.203 			12 & 1 & 4 x Jumper Male & SMD-LED &
                                              - & Löten & 225 & TMLS auf SM...
I can't figure out why you would want to use a tab mark
here. If you just want an ampersand, the remedy is
simple: Just type `I\&' now. But if some right brace
up above has ended a previous alignment prematurely,
you're probably due for more error messages, and you
might try typing `S' now just to see what is salvageable.

! Misplaced alignment tab character &.
l.203 			12 & 1 & 4 x Jumper Male & SMD-LED & - &
                                                  Löten & 225 & TMLS auf SM...
I can't figure out why you would want to use a tab mark
here. If you just want an ampersand, the remedy is
simple: Just type `I\&' now. But if some right brace
up above has ended a previous alignment prematurely,
you're probably due for more error messages, and you
might try typing `S' now just to see what is salvageable.

! Misplaced alignment tab character &.
l.203 ... 4 x Jumper Male & SMD-LED & - & Löten &
                                                   225 & TMLS auf SMD-LED  \...
I can't figure out why you would want to use a tab mark
here. If you just want an ampersand, the remedy is
simple: Just type `I\&' now. But if some right brace
up above has ended a previous alignment prematurely,
you're probably due for more error messages, and you
might try typing `S' now just to see what is salvageable.

! Misplaced alignment tab character &.
l.203 ...umper Male & SMD-LED & - & Löten & 225 &
                                                   TMLS auf SMD-LED  \\ \hline
I can't figure out why you would want to use a tab mark
here. If you just want an ampersand, the remedy is
simple: Just type `I\&' now. But if some right brace
up above has ended a previous alignment prematurely,
you're probably due for more error messages, and you
might try typing `S' now just to see what is salvageable.


Overfull \hbox (8.50012pt too wide) in paragraph at lines 203--203
 []\OT1/cmr/m/n/8 12 
 []


Overfull \hbox (4.25006pt too wide) in paragraph at lines 203--203
 \OT1/cmr/m/n/8 1 
 []


Overfull \hbox (4.25006pt too wide) in paragraph at lines 203--203
 \OT1/cmr/m/n/8 4 
 []


Overfull \hbox (4.48618pt too wide) in paragraph at lines 203--203
 \OT1/cmr/m/n/8 x 
 []


Overfull \hbox (28.21846pt too wide) in paragraph at lines 203--203
 \OT1/cmr/m/n/8 Jumper 
 []


Overfull \hbox (18.17249pt too wide) in paragraph at lines 203--203
 \OT1/cmr/m/n/8 Male 
 []


Overfull \hbox (21.8281pt too wide) in paragraph at lines 203--203
 \OT1/cmr/m/n/8 SMD- 
 []


Overfull \hbox (17.57803pt too wide) in paragraph at lines 203--203
 \OT1/cmr/m/n/8 LED 
 []


Overfull \hbox (2.83337pt too wide) in paragraph at lines 203--203
 \OT1/cmr/m/n/8 - 
 []


Overfull \hbox (21.3642pt too wide) in paragraph at lines 203--203
 \OT1/cmr/m/n/8 L^^?oten 
 []


Overfull \hbox (12.75018pt too wide) in paragraph at lines 203--203
 \OT1/cmr/m/n/8 225 
 []


Overfull \hbox (23.95313pt too wide) in paragraph at lines 203--203
 \OT1/cmr/m/n/8 TMLS 
 []


Overfull \hbox (11.56961pt too wide) in paragraph at lines 203--203
 \OT1/cmr/m/n/8 auf 
 []


Overfull \hbox (21.8281pt too wide) in paragraph at lines 203--203
 \OT1/cmr/m/n/8 SMD- 
 []


Overfull \hbox (17.57803pt too wide) in paragraph at lines 203--203
 \OT1/cmr/m/n/8 LED 
 []

! Misplaced \noalign.
\hline ->\noalign 
                  {\ifnum 0=`}\fi \hrule \@height \arrayrulewidth \futurelet...
l.203 ...öten & 225 & TMLS auf SMD-LED  \\ \hline
                                                  
I expect to see \noalign only after the \cr of
an alignment. Proceed, and I'll ignore this case.

! Misplaced alignment tab character &.
l.204 			13 &
              1 & 1 x Pin HY2.0 & 2 x Druckknopf x & - & Löten & 230 & TMLS...
I can't figure out why you would want to use a tab mark
here. If you just want an ampersand, the remedy is
simple: Just type `I\&' now. But if some right brace
up above has ended a previous alignment prematurely,
you're probably due for more error messages, and you
might try typing `S' now just to see what is salvageable.

! Misplaced alignment tab character &.
l.204 			13 & 1 &
                  1 x Pin HY2.0 & 2 x Druckknopf x & - & Löten & 230 & TMLS...
I can't figure out why you would want to use a tab mark
here. If you just want an ampersand, the remedy is
simple: Just type `I\&' now. But if some right brace
up above has ended a previous alignment prematurely,
you're probably due for more error messages, and you
might try typing `S' now just to see what is salvageable.

! Misplaced alignment tab character &.
l.204 			13 & 1 & 1 x Pin HY2.0 &
                                  2 x Druckknopf x & - & Löten & 230 & TMLS...
I can't figure out why you would want to use a tab mark
here. If you just want an ampersand, the remedy is
simple: Just type `I\&' now. But if some right brace
up above has ended a previous alignment prematurely,
you're probably due for more error messages, and you
might try typing `S' now just to see what is salvageable.

! Misplaced alignment tab character &.
l.204 ... & 1 & 1 x Pin HY2.0 & 2 x Druckknopf x &
                                                   - & Löten & 230 & TMLS a...
I can't figure out why you would want to use a tab mark
here. If you just want an ampersand, the remedy is
simple: Just type `I\&' now. But if some right brace
up above has ended a previous alignment prematurely,
you're probably due for more error messages, and you
might try typing `S' now just to see what is salvageable.

! Misplaced alignment tab character &.
l.204 ... & 1 x Pin HY2.0 & 2 x Druckknopf x & - &
                                                   Löten & 230 & TMLS auf D...
I can't figure out why you would want to use a tab mark
here. If you just want an ampersand, the remedy is
simple: Just type `I\&' now. But if some right brace
up above has ended a previous alignment prematurely,
you're probably due for more error messages, and you
might try typing `S' now just to see what is salvageable.

! Misplaced alignment tab character &.
l.204 ...n HY2.0 & 2 x Druckknopf x & - & Löten &
                                                   230 & TMLS auf Druckknopf...
I can't figure out why you would want to use a tab mark
here. If you just want an ampersand, the remedy is
simple: Just type `I\&' now. But if some right brace
up above has ended a previous alignment prematurely,
you're probably due for more error messages, and you
might try typing `S' now just to see what is salvageable.

! Misplaced alignment tab character &.
l.204 ...0 & 2 x Druckknopf x & - & Löten & 230 &
                                                   TMLS auf Druckknopf  \\ \...
I can't figure out why you would want to use a tab mark
here. If you just want an ampersand, the remedy is
simple: Just type `I\&' now. But if some right brace
up above has ended a previous alignment prematurely,
you're probably due for more error messages, and you
might try typing `S' now just to see what is salvageable.


Overfull \hbox (8.50012pt too wide) in paragraph at lines 204--204
 []\OT1/cmr/m/n/8 13 
 []


Overfull \hbox (4.25006pt too wide) in paragraph at lines 204--204
 \OT1/cmr/m/n/8 1 
 []


Overfull \hbox (4.25006pt too wide) in paragraph at lines 204--204
 \OT1/cmr/m/n/8 1 
 []


Overfull \hbox (4.48618pt too wide) in paragraph at lines 204--204
 \OT1/cmr/m/n/8 x 
 []


Overfull \hbox (12.86407pt too wide) in paragraph at lines 204--204
 \OT1/cmr/m/n/8 Pin 
 []


Overfull \hbox (23.59479pt too wide) in paragraph at lines 204--204
 \OT1/cmr/m/n/8 HY2.0 
 []


Overfull \hbox (4.25006pt too wide) in paragraph at lines 204--204
 \OT1/cmr/m/n/8 2 
 []


Overfull \hbox (4.48618pt too wide) in paragraph at lines 204--204
 \OT1/cmr/m/n/8 x 
 []


Overfull \hbox (25.38509pt too wide) in paragraph at lines 204--204
 \OT1/cmr/m/n/8 Druck- 
 []


Overfull \hbox (20.77808pt too wide) in paragraph at lines 204--204
 \OT1/cmr/m/n/8 knopf 
 []


Overfull \hbox (4.48618pt too wide) in paragraph at lines 204--204
 \OT1/cmr/m/n/8 x 
 []


Overfull \hbox (2.83337pt too wide) in paragraph at lines 204--204
 \OT1/cmr/m/n/8 - 
 []


Overfull \hbox (21.3642pt too wide) in paragraph at lines 204--204
 \OT1/cmr/m/n/8 L^^?oten 
 []


Overfull \hbox (12.75018pt too wide) in paragraph at lines 204--204
 \OT1/cmr/m/n/8 230 
 []


Overfull \hbox (23.95313pt too wide) in paragraph at lines 204--204
 \OT1/cmr/m/n/8 TMLS 
 []


Overfull \hbox (11.56961pt too wide) in paragraph at lines 204--204
 \OT1/cmr/m/n/8 auf 
 []


Overfull \hbox (25.38509pt too wide) in paragraph at lines 204--204
 \OT1/cmr/m/n/8 Druck- 
 []


Overfull \hbox (20.77808pt too wide) in paragraph at lines 204--204
 \OT1/cmr/m/n/8 knopf 
 []

! Misplaced \noalign.
\hline ->\noalign 
                  {\ifnum 0=`}\fi \hrule \@height \arrayrulewidth \futurelet...
l.204 ...en & 230 & TMLS auf Druckknopf  \\ \hline
                                                  
I expect to see \noalign only after the \cr of
an alignment. Proceed, and I'll ignore this case.


! LaTeX Error: \begin{center} on input line 187 ended by \end{tabularx}.

See the LaTeX manual or LaTeX Companion for explanation.
Type  H <return>  for immediate help.
 ...                                              
                                                  
l.206 		\end{tabularx}
                      
Your command was ignored.
Type  I <command> <return>  to replace it with another command,
or  <return>  to continue without it.

! Undefined control sequence.
l.207 		\captionof
                  {table}{Leitungen}	\label{Leittab}
The control sequence at the end of the top line
of your error message was never \def'ed. If you have
misspelled it (e.g., `\hobx'), type `I' and the correct
spelling (e.g., `I\hbox'). Otherwise just continue,
and I'll forget about whatever was undefined.


Overfull \hbox (55.36469pt too wide) in paragraph at lines 207--208
 []\OT1/cmr/m/n/8 tableLeitungen 
 []


! LaTeX Error: \begin{document} ended by \end{figure}.

See the LaTeX manual or LaTeX Companion for explanation.
Type  H <return>  for immediate help.
 ...                                              
                                                  
l.209 \end{figure}
                  
Your command was ignored.
Type  I <command> <return>  to replace it with another command,
or  <return>  to continue without it.

! Undefined control sequence.
l.211 \section
              {Schrauben und Muttern }
The control sequence at the end of the top line
of your error message was never \def'ed. If you have
misspelled it (e.g., `\hobx'), type `I' and the correct
spelling (e.g., `I\hbox'). Otherwise just continue,
and I'll forget about whatever was undefined.

Missing character: There is no S in font nullfont!
Missing character: There is no c in font nullfont!
Missing character: There is no h in font nullfont!
Missing character: There is no r in font nullfont!
Missing character: There is no a in font nullfont!
Missing character: There is no u in font nullfont!
Missing character: There is no b in font nullfont!
Missing character: There is no e in font nullfont!
Missing character: There is no n in font nullfont!
Missing character: There is no u in font nullfont!
Missing character: There is no n in font nullfont!
Missing character: There is no d in font nullfont!
Missing character: There is no M in font nullfont!
Missing character: There is no u in font nullfont!
Missing character: There is no t in font nullfont!
Missing character: There is no t in font nullfont!
Missing character: There is no e in font nullfont!
Missing character: There is no r in font nullfont!
Missing character: There is no n in font nullfont!

Overfull \hbox (20.0pt too wide) in paragraph at lines 211--212
[]
 []

Missing character: There is no I in font nullfont!
Missing character: There is no n in font nullfont!
Missing character: There is no d in font nullfont!
Missing character: There is no e in font nullfont!
Missing character: There is no r in font nullfont!
Missing character: There is no f in font nullfont!
Missing character: There is no o in font nullfont!
Missing character: There is no l in font nullfont!
Missing character: There is no g in font nullfont!
Missing character: There is no e in font nullfont!
Missing character: There is no n in font nullfont!
Missing character: There is no d in font nullfont!
Missing character: There is no e in font nullfont!
Missing character: There is no n in font nullfont!
Missing character: There is no T in font nullfont!
Missing character: There is no a in font nullfont!
Missing character: There is no b in font nullfont!
Missing character: There is no e in font nullfont!
Missing character: There is no l in font nullfont!
Missing character: There is no l in font nullfont!
Missing character: There is no e in font nullfont!
! Undefined control sequence.
<write> ...Reference `Verbrauch' on page \thepage 
                                                  \space undefined\on@line .
l.213 In der folgenden Tabelle \ref{Verbrauch}
                                               werden die benötigten Schrau...
The control sequence at the end of the top line
of your error message was never \def'ed. If you have
misspelled it (e.g., `\hobx'), type `I' and the correct
spelling (e.g., `I\hbox'). Otherwise just continue,
and I'll forget about whatever was undefined.


LaTeX Warning: Reference `Verbrauch' on page  undefined on input line 213.

Missing character: There is no w in font nullfont!
Missing character: There is no e in font nullfont!
Missing character: There is no r in font nullfont!
Missing character: There is no d in font nullfont!
Missing character: There is no e in font nullfont!
Missing character: There is no n in font nullfont!
Missing character: There is no d in font nullfont!
Missing character: There is no i in font nullfont!
Missing character: There is no e in font nullfont!
Missing character: There is no b in font nullfont!
Missing character: There is no e in font nullfont!
Missing character: There is no n in font nullfont!
Missing character: There is no t in font nullfont!
Missing character: There is no i in font nullfont!
Missing character: There is no g in font nullfont!
Missing character: There is no t in font nullfont!
Missing character: There is no e in font nullfont!
Missing character: There is no n in font nullfont!
Missing character: There is no S in font nullfont!
Missing character: There is no c in font nullfont!
Missing character: There is no h in font nullfont!
Missing character: There is no r in font nullfont!
Missing character: There is no a in font nullfont!
Missing character: There is no u in font nullfont!
Missing character: There is no b in font nullfont!
Missing character: There is no e in font nullfont!
Missing character: There is no n in font nullfont!
Missing character: There is no u in font nullfont!
Missing character: There is no n in font nullfont!
Missing character: There is no d in font nullfont!
Missing character: There is no M in font nullfont!
Missing character: There is no u in font nullfont!
Missing character: There is no t in font nullfont!
Missing character: There is no t in font nullfont!
Missing character: There is no e in font nullfont!
Missing character: There is no r in font nullfont!
Missing character: There is no n in font nullfont!
Missing character: There is no a in font nullfont!
Missing character: There is no u in font nullfont!
Missing character: There is no f in font nullfont!
Missing character: There is no g in font nullfont!
Missing character: There is no e in font nullfont!
Missing character: There is no l in font nullfont!
Missing character: There is no i in font nullfont!
Missing character: There is no s in font nullfont!
Missing character: There is no t in font nullfont!
Missing character: There is no e in font nullfont!
Missing character: There is no t in font nullfont!

Overfull \hbox (20.0pt too wide) in paragraph at lines 213--214
[]
 []


Overfull \hbox (10.86105pt too wide) in paragraph at lines 213--214
[]
 []


Overfull \hbox (5.00002pt too wide) in paragraph at lines 213--214
\/cmr/m/n/10 ^^?o
 []


! LaTeX Error: Environment figure undefined.

See the LaTeX manual or LaTeX Companion for explanation.
Type  H <return>  for immediate help.
 ...                                              
                                                  
l.215 \begin{figure}
                    [H]
Your command was ignored.
Type  I <command> <return>  to replace it with another command,
or  <return>  to continue without it.

Missing character: There is no [ in font nullfont!
Missing character: There is no H in font nullfont!
Missing character: There is no ] in font nullfont!

Overfull \hbox (20.0pt too wide) in paragraph at lines 215--216
[] 
 []


! LaTeX Error: Environment tabularx undefined.

See the LaTeX manual or LaTeX Companion for explanation.
Type  H <return>  for immediate help.
 ...                                              
                                                  
l.218 		\begin{tabularx}
                        {\textwidth}{|p{0.5cm}|p{0,8cm}|X|X|X|X|}
Your command was ignored.
Type  I <command> <return>  to replace it with another command,
or  <return>  to continue without it.

! Missing number, treated as zero.
<to be read again> 
                   }
l.218 		\begin{tabularx}{\textwidth}
                                    {|p{0.5cm}|p{0,8cm}|X|X|X|X|}
A number should have been here; I inserted `0'.
(If you can't figure out why I needed to see a number,
look up `weird error' in the index to The TeXbook.)

! Illegal unit of measure (pt inserted).
<to be read again> 
                   }
l.218 		\begin{tabularx}{\textwidth}
                                    {|p{0.5cm}|p{0,8cm}|X|X|X|X|}
Dimensions can be in units of em, ex, in, pt, pc,
cm, mm, dd, cc, nd, nc, bp, or sp; but yours is a new one!
I'll assume that you meant to say pt, for printer's points.
To recover gracefully from this error, it's best to
delete the erroneous units; e.g., type `2' to delete
two letters. (See Chapter 27 of The TeXbook.)

! Misplaced \noalign.
\hline ->\noalign 
                  {\ifnum 0=`}\fi \hrule \@height \arrayrulewidth \futurelet...
l.219 			\hline
               
I expect to see \noalign only after the \cr of
an alignment. Proceed, and I'll ignore this case.


Overfull \hbox (137.85754pt too wide) in paragraph at lines 218--219
 \OT1/cmr/m/n/8 |p0.5cm|p0,8cm|X|X|X|X| 
 []

! Misplaced alignment tab character &.
l.220 			\textbf{Pos.} &
                          \textbf{Anzahl} &  \textbf{Beschreibung}\\ \hline
I can't figure out why you would want to use a tab mark
here. If you just want an ampersand, the remedy is
simple: Just type `I\&' now. But if some right brace
up above has ended a previous alignment prematurely,
you're probably due for more error messages, and you
might try typing `S' now just to see what is salvageable.

! Misplaced alignment tab character &.
l.220 			\textbf{Pos.} &  \textbf{Anzahl} &
                                             \textbf{Beschreibung}\\ \hline
I can't figure out why you would want to use a tab mark
here. If you just want an ampersand, the remedy is
simple: Just type `I\&' now. But if some right brace
up above has ended a previous alignment prematurely,
you're probably due for more error messages, and you
might try typing `S' now just to see what is salvageable.


Overfull \hbox (17.89902pt too wide) in paragraph at lines 220--220
 []\OT1/cmr/bx/n/8 Pos. 
 []


Overfull \hbox (16.089pt too wide) in paragraph at lines 220--220
 \OT1/cmr/bx/n/8 An- 
 []


Overfull \hbox (17.28625pt too wide) in paragraph at lines 220--220
 \OT1/cmr/bx/n/8 zahl 
 []


Overfull \hbox (39.36586pt too wide) in paragraph at lines 220--220
 \OT1/cmr/bx/n/8 Beschrei- 
 []


Overfull \hbox (21.36961pt too wide) in paragraph at lines 220--220
 \OT1/cmr/bx/n/8 bung 
 []

! Misplaced \noalign.
\hline ->\noalign 
                  {\ifnum 0=`}\fi \hrule \@height \arrayrulewidth \futurelet...
l.220 ...Anzahl} &  \textbf{Beschreibung}\\ \hline
                                                  
I expect to see \noalign only after the \cr of
an alignment. Proceed, and I'll ignore this case.

! Misplaced alignment tab character &.
l.221 			1 &
             17 & M3 Hammermutter T-Schlitz Nut 6  \\ \hline
I can't figure out why you would want to use a tab mark
here. If you just want an ampersand, the remedy is
simple: Just type `I\&' now. But if some right brace
up above has ended a previous alignment prematurely,
you're probably due for more error messages, and you
might try typing `S' now just to see what is salvageable.

! Misplaced alignment tab character &.
l.221 			1 & 17 &
                  M3 Hammermutter T-Schlitz Nut 6  \\ \hline
I can't figure out why you would want to use a tab mark
here. If you just want an ampersand, the remedy is
simple: Just type `I\&' now. But if some right brace
up above has ended a previous alignment prematurely,
you're probably due for more error messages, and you
might try typing `S' now just to see what is salvageable.


Overfull \hbox (4.25006pt too wide) in paragraph at lines 221--221
 []\OT1/cmr/m/n/8 1 
 []


Overfull \hbox (8.50012pt too wide) in paragraph at lines 221--221
 \OT1/cmr/m/n/8 17 
 []


Overfull \hbox (12.03351pt too wide) in paragraph at lines 221--221
 \OT1/cmr/m/n/8 M3 
 []


Overfull \hbox (20.53363pt too wide) in paragraph at lines 221--221
 \OT1/cmr/m/n/8 Ham- 
 []


Overfull \hbox (17.00719pt too wide) in paragraph at lines 221--221
 \OT1/cmr/m/n/8 mer- 
 []


Overfull \hbox (17.70859pt too wide) in paragraph at lines 221--221
 \OT1/cmr/m/n/8 mut- 
 []


Overfull \hbox (10.39598pt too wide) in paragraph at lines 221--221
 \OT1/cmr/m/n/8 ter 
 []


Overfull \hbox (8.97235pt too wide) in paragraph at lines 221--221
 \OT1/cmr/m/n/8 T- 
 []


Overfull \hbox (24.79202pt too wide) in paragraph at lines 221--221
 \OT1/cmr/m/n/8 Schlitz 
 []


Overfull \hbox (14.39465pt too wide) in paragraph at lines 221--221
 \OT1/cmr/m/n/8 Nut 
 []


Overfull \hbox (4.25006pt too wide) in paragraph at lines 221--221
 \OT1/cmr/m/n/8 6 
 []

! Misplaced \noalign.
\hline ->\noalign 
                  {\ifnum 0=`}\fi \hrule \@height \arrayrulewidth \futurelet...
l.221 ...3 Hammermutter T-Schlitz Nut 6  \\ \hline
                                                  
I expect to see \noalign only after the \cr of
an alignment. Proceed, and I'll ignore this case.

! Misplaced alignment tab character &.
l.222 			2 &
             14 & Zylinderschrauben M3 6 \ mm Innensechskant DIN 912  \\ \hline
I can't figure out why you would want to use a tab mark
here. If you just want an ampersand, the remedy is
simple: Just type `I\&' now. But if some right brace
up above has ended a previous alignment prematurely,
you're probably due for more error messages, and you
might try typing `S' now just to see what is salvageable.

! Misplaced alignment tab character &.
l.222 			2 & 14 &
                  Zylinderschrauben M3 6 \ mm Innensechskant DIN 912  \\ \hline
I can't figure out why you would want to use a tab mark
here. If you just want an ampersand, the remedy is
simple: Just type `I\&' now. But if some right brace
up above has ended a previous alignment prematurely,
you're probably due for more error messages, and you
might try typing `S' now just to see what is salvageable.


Overfull \hbox (4.25006pt too wide) in paragraph at lines 222--222
 []\OT1/cmr/m/n/8 2 
 []


Overfull \hbox (8.50012pt too wide) in paragraph at lines 222--222
 \OT1/cmr/m/n/8 14 
 []


Overfull \hbox (21.95865pt too wide) in paragraph at lines 222--222
 \OT1/cmr/m/n/8 Zylin- 
 []


Overfull \hbox (14.64604pt too wide) in paragraph at lines 222--222
 \OT1/cmr/m/n/8 der- 
 []


Overfull \hbox (37.36026pt too wide) in paragraph at lines 222--222
 \OT1/cmr/m/n/8 schrauben 
 []


Overfull \hbox (12.03351pt too wide) in paragraph at lines 222--222
 \OT1/cmr/m/n/8 M3 
 []


Overfull \hbox (4.25006pt too wide) in paragraph at lines 222--222
 \OT1/cmr/m/n/8 6 
 []


Overfull \hbox (14.16687pt too wide) in paragraph at lines 222--222
 \OT1/cmr/m/n/8 mm 
 []


Overfull \hbox (10.61682pt too wide) in paragraph at lines 222--222
 \OT1/cmr/m/n/8 In- 
 []


Overfull \hbox (31.45045pt too wide) in paragraph at lines 222--222
 \OT1/cmr/m/n/8 nensech- 
 []


Overfull \hbox (19.40862pt too wide) in paragraph at lines 222--222
 \OT1/cmr/m/n/8 skant 
 []


Overfull \hbox (15.9169pt too wide) in paragraph at lines 222--222
 \OT1/cmr/m/n/8 DIN 
 []


Overfull \hbox (12.75018pt too wide) in paragraph at lines 222--222
 \OT1/cmr/m/n/8 912 
 []

! Misplaced \noalign.
\hline ->\noalign 
                  {\ifnum 0=`}\fi \hrule \@height \arrayrulewidth \futurelet...
l.222 ... 6 \ mm Innensechskant DIN 912  \\ \hline
                                                  
I expect to see \noalign only after the \cr of
an alignment. Proceed, and I'll ignore this case.

! Misplaced alignment tab character &.
l.223 			3 &
             16 & Zylinderschrauben M3 8 \ mm Innensechskant DIN 912 \\ \hline
I can't figure out why you would want to use a tab mark
here. If you just want an ampersand, the remedy is
simple: Just type `I\&' now. But if some right brace
up above has ended a previous alignment prematurely,
you're probably due for more error messages, and you
might try typing `S' now just to see what is salvageable.

! Misplaced alignment tab character &.
l.223 			3 & 16 &
                  Zylinderschrauben M3 8 \ mm Innensechskant DIN 912 \\ \hline
I can't figure out why you would want to use a tab mark
here. If you just want an ampersand, the remedy is
simple: Just type `I\&' now. But if some right brace
up above has ended a previous alignment prematurely,
you're probably due for more error messages, and you
might try typing `S' now just to see what is salvageable.


Overfull \hbox (4.25006pt too wide) in paragraph at lines 223--223
 []\OT1/cmr/m/n/8 3 
 []


Overfull \hbox (8.50012pt too wide) in paragraph at lines 223--223
 \OT1/cmr/m/n/8 16 
 []


Overfull \hbox (21.95865pt too wide) in paragraph at lines 223--223
 \OT1/cmr/m/n/8 Zylin- 
 []


Overfull \hbox (14.64604pt too wide) in paragraph at lines 223--223
 \OT1/cmr/m/n/8 der- 
 []


Overfull \hbox (37.36026pt too wide) in paragraph at lines 223--223
 \OT1/cmr/m/n/8 schrauben 
 []


Overfull \hbox (12.03351pt too wide) in paragraph at lines 223--223
 \OT1/cmr/m/n/8 M3 
 []


Overfull \hbox (4.25006pt too wide) in paragraph at lines 223--223
 \OT1/cmr/m/n/8 8 
 []


Overfull \hbox (14.16687pt too wide) in paragraph at lines 223--223
 \OT1/cmr/m/n/8 mm 
 []


Overfull \hbox (10.61682pt too wide) in paragraph at lines 223--223
 \OT1/cmr/m/n/8 In- 
 []


Overfull \hbox (31.45045pt too wide) in paragraph at lines 223--223
 \OT1/cmr/m/n/8 nensech- 
 []


Overfull \hbox (19.40862pt too wide) in paragraph at lines 223--223
 \OT1/cmr/m/n/8 skant 
 []


Overfull \hbox (15.9169pt too wide) in paragraph at lines 223--223
 \OT1/cmr/m/n/8 DIN 
 []


Overfull \hbox (12.75018pt too wide) in paragraph at lines 223--223
 \OT1/cmr/m/n/8 912 
 []

! Misplaced \noalign.
\hline ->\noalign 
                  {\ifnum 0=`}\fi \hrule \@height \arrayrulewidth \futurelet...
l.223 ...3 8 \ mm Innensechskant DIN 912 \\ \hline
                                                  
I expect to see \noalign only after the \cr of
an alignment. Proceed, and I'll ignore this case.

! Misplaced alignment tab character &.
l.224 			4 &
             21 & Zylinderschrauben M3 10 \ mm Innensechskant DIN 912\\ \hline
I can't figure out why you would want to use a tab mark
here. If you just want an ampersand, the remedy is
simple: Just type `I\&' now. But if some right brace
up above has ended a previous alignment prematurely,
you're probably due for more error messages, and you
might try typing `S' now just to see what is salvageable.

! Misplaced alignment tab character &.
l.224 			4 & 21 &
                  Zylinderschrauben M3 10 \ mm Innensechskant DIN 912\\ \hline
I can't figure out why you would want to use a tab mark
here. If you just want an ampersand, the remedy is
simple: Just type `I\&' now. But if some right brace
up above has ended a previous alignment prematurely,
you're probably due for more error messages, and you
might try typing `S' now just to see what is salvageable.


Overfull \hbox (4.25006pt too wide) in paragraph at lines 224--224
 []\OT1/cmr/m/n/8 4 
 []


Overfull \hbox (8.50012pt too wide) in paragraph at lines 224--224
 \OT1/cmr/m/n/8 21 
 []


Overfull \hbox (21.95865pt too wide) in paragraph at lines 224--224
 \OT1/cmr/m/n/8 Zylin- 
 []


Overfull \hbox (14.64604pt too wide) in paragraph at lines 224--224
 \OT1/cmr/m/n/8 der- 
 []


Overfull \hbox (37.36026pt too wide) in paragraph at lines 224--224
 \OT1/cmr/m/n/8 schrauben 
 []


Overfull \hbox (12.03351pt too wide) in paragraph at lines 224--224
 \OT1/cmr/m/n/8 M3 
 []


Overfull \hbox (8.50012pt too wide) in paragraph at lines 224--224
 \OT1/cmr/m/n/8 10 
 []


Overfull \hbox (14.16687pt too wide) in paragraph at lines 224--224
 \OT1/cmr/m/n/8 mm 
 []


Overfull \hbox (10.61682pt too wide) in paragraph at lines 224--224
 \OT1/cmr/m/n/8 In- 
 []


Overfull \hbox (31.45045pt too wide) in paragraph at lines 224--224
 \OT1/cmr/m/n/8 nensech- 
 []


Overfull \hbox (19.40862pt too wide) in paragraph at lines 224--224
 \OT1/cmr/m/n/8 skant 
 []


Overfull \hbox (15.9169pt too wide) in paragraph at lines 224--224
 \OT1/cmr/m/n/8 DIN 
 []


Overfull \hbox (12.75018pt too wide) in paragraph at lines 224--224
 \OT1/cmr/m/n/8 912 
 []

! Misplaced \noalign.
\hline ->\noalign 
                  {\ifnum 0=`}\fi \hrule \@height \arrayrulewidth \futurelet...
l.224 ...3 10 \ mm Innensechskant DIN 912\\ \hline
                                                  
I expect to see \noalign only after the \cr of
an alignment. Proceed, and I'll ignore this case.

! Misplaced alignment tab character &.
l.225 			5 &
             7  & Zylinderschrauben M3 14 \ mm Innensechskant DIN 912 \\ \hline
I can't figure out why you would want to use a tab mark
here. If you just want an ampersand, the remedy is
simple: Just type `I\&' now. But if some right brace
up above has ended a previous alignment prematurely,
you're probably due for more error messages, and you
might try typing `S' now just to see what is salvageable.

! Misplaced alignment tab character &.
l.225 			5 & 7  &
                  Zylinderschrauben M3 14 \ mm Innensechskant DIN 912 \\ \hline
I can't figure out why you would want to use a tab mark
here. If you just want an ampersand, the remedy is
simple: Just type `I\&' now. But if some right brace
up above has ended a previous alignment prematurely,
you're probably due for more error messages, and you
might try typing `S' now just to see what is salvageable.


Overfull \hbox (4.25006pt too wide) in paragraph at lines 225--225
 []\OT1/cmr/m/n/8 5 
 []


Overfull \hbox (4.25006pt too wide) in paragraph at lines 225--225
 \OT1/cmr/m/n/8 7 
 []


Overfull \hbox (21.95865pt too wide) in paragraph at lines 225--225
 \OT1/cmr/m/n/8 Zylin- 
 []


Overfull \hbox (14.64604pt too wide) in paragraph at lines 225--225
 \OT1/cmr/m/n/8 der- 
 []


Overfull \hbox (37.36026pt too wide) in paragraph at lines 225--225
 \OT1/cmr/m/n/8 schrauben 
 []


Overfull \hbox (12.03351pt too wide) in paragraph at lines 225--225
 \OT1/cmr/m/n/8 M3 
 []


Overfull \hbox (8.50012pt too wide) in paragraph at lines 225--225
 \OT1/cmr/m/n/8 14 
 []


Overfull \hbox (14.16687pt too wide) in paragraph at lines 225--225
 \OT1/cmr/m/n/8 mm 
 []


Overfull \hbox (10.61682pt too wide) in paragraph at lines 225--225
 \OT1/cmr/m/n/8 In- 
 []


Overfull \hbox (31.45045pt too wide) in paragraph at lines 225--225
 \OT1/cmr/m/n/8 nensech- 
 []


Overfull \hbox (19.40862pt too wide) in paragraph at lines 225--225
 \OT1/cmr/m/n/8 skant 
 []


Overfull \hbox (15.9169pt too wide) in paragraph at lines 225--225
 \OT1/cmr/m/n/8 DIN 
 []


Overfull \hbox (12.75018pt too wide) in paragraph at lines 225--225
 \OT1/cmr/m/n/8 912 
 []

! Misplaced \noalign.
\hline ->\noalign 
                  {\ifnum 0=`}\fi \hrule \@height \arrayrulewidth \futurelet...
l.225 ... 14 \ mm Innensechskant DIN 912 \\ \hline
                                                  
I expect to see \noalign only after the \cr of
an alignment. Proceed, and I'll ignore this case.

! Misplaced alignment tab character &.
l.226 			6 &
             7 & Sechskantmuttern M3 DIN 934  \\ \hline
I can't figure out why you would want to use a tab mark
here. If you just want an ampersand, the remedy is
simple: Just type `I\&' now. But if some right brace
up above has ended a previous alignment prematurely,
you're probably due for more error messages, and you
might try typing `S' now just to see what is salvageable.

! Misplaced alignment tab character &.
l.226 			6 & 7 &
                 Sechskantmuttern M3 DIN 934  \\ \hline
I can't figure out why you would want to use a tab mark
here. If you just want an ampersand, the remedy is
simple: Just type `I\&' now. But if some right brace
up above has ended a previous alignment prematurely,
you're probably due for more error messages, and you
might try typing `S' now just to see what is salvageable.


Overfull \hbox (4.25006pt too wide) in paragraph at lines 226--226
 []\OT1/cmr/m/n/8 6 
 []


Overfull \hbox (4.25006pt too wide) in paragraph at lines 226--226
 \OT1/cmr/m/n/8 7 
 []


Overfull \hbox (19.5975pt too wide) in paragraph at lines 226--226
 \OT1/cmr/m/n/8 Sech- 
 []


Overfull \hbox (22.24199pt too wide) in paragraph at lines 226--226
 \OT1/cmr/m/n/8 skant- 
 []


Overfull \hbox (17.70859pt too wide) in paragraph at lines 226--226
 \OT1/cmr/m/n/8 mut- 
 []


Overfull \hbox (15.11827pt too wide) in paragraph at lines 226--226
 \OT1/cmr/m/n/8 tern 
 []


Overfull \hbox (12.03351pt too wide) in paragraph at lines 226--226
 \OT1/cmr/m/n/8 M3 
 []


Overfull \hbox (15.9169pt too wide) in paragraph at lines 226--226
 \OT1/cmr/m/n/8 DIN 
 []


Overfull \hbox (12.75018pt too wide) in paragraph at lines 226--226
 \OT1/cmr/m/n/8 934 
 []

! Misplaced \noalign.
\hline ->\noalign 
                  {\ifnum 0=`}\fi \hrule \@height \arrayrulewidth \futurelet...
l.226 ... & Sechskantmuttern M3 DIN 934  \\ \hline
                                                  
I expect to see \noalign only after the \cr of
an alignment. Proceed, and I'll ignore this case.

! Misplaced alignment tab character &.
l.227 			7 &
             2 &  Senkschrauben M2.5 5 \ mm Kreuzschlitz Phillips  \\ \hline
I can't figure out why you would want to use a tab mark
here. If you just want an ampersand, the remedy is
simple: Just type `I\&' now. But if some right brace
up above has ended a previous alignment prematurely,
you're probably due for more error messages, and you
might try typing `S' now just to see what is salvageable.

! Misplaced alignment tab character &.
l.227 			7 & 2 &
                  Senkschrauben M2.5 5 \ mm Kreuzschlitz Phillips  \\ \hline
I can't figure out why you would want to use a tab mark
here. If you just want an ampersand, the remedy is
simple: Just type `I\&' now. But if some right brace
up above has ended a previous alignment prematurely,
you're probably due for more error messages, and you
might try typing `S' now just to see what is salvageable.


Overfull \hbox (4.25006pt too wide) in paragraph at lines 227--227
 []\OT1/cmr/m/n/8 7 
 []


Overfull \hbox (4.25006pt too wide) in paragraph at lines 227--227
 \OT1/cmr/m/n/8 2 
 []


Overfull \hbox (55.06885pt too wide) in paragraph at lines 227--227
 \OT1/cmr/m/n/8 Senkschrauben 
 []


Overfull \hbox (18.64471pt too wide) in paragraph at lines 227--227
 \OT1/cmr/m/n/8 M2.5 
 []


Overfull \hbox (4.25006pt too wide) in paragraph at lines 227--227
 \OT1/cmr/m/n/8 5 
 []


Overfull \hbox (14.16687pt too wide) in paragraph at lines 227--227
 \OT1/cmr/m/n/8 mm 
 []


Overfull \hbox (45.61594pt too wide) in paragraph at lines 227--227
 \OT1/cmr/m/n/8 Kreuzschlitz 
 []


Overfull \hbox (28.02263pt too wide) in paragraph at lines 227--227
 \OT1/cmr/m/n/8 Phillips 
 []

! Misplaced \noalign.
\hline ->\noalign 
                  {\ifnum 0=`}\fi \hrule \@height \arrayrulewidth \futurelet...
l.227 ...5 5 \ mm Kreuzschlitz Phillips  \\ \hline
                                                  
I expect to see \noalign only after the \cr of
an alignment. Proceed, and I'll ignore this case.


! LaTeX Error: \begin{center} on input line 216 ended by \end{tabularx}.

See the LaTeX manual or LaTeX Companion for explanation.
Type  H <return>  for immediate help.
 ...                                              
                                                  
l.229 		\end{tabularx}
                      
Your command was ignored.
Type  I <command> <return>  to replace it with another command,
or  <return>  to continue without it.

! Undefined control sequence.
l.230 		\captionof
                  {table}{Benötigte Schrauben und Muttern}	\label{Verbrauch}
The control sequence at the end of the top line
of your error message was never \def'ed. If you have
misspelled it (e.g., `\hobx'), type `I' and the correct
spelling (e.g., `I\hbox'). Otherwise just continue,
and I'll forget about whatever was undefined.


Overfull \hbox (54.18411pt too wide) in paragraph at lines 230--231
 []\OT1/cmr/m/n/8 tableBen^^?otigte 
 []


Overfull \hbox (38.72972pt too wide) in paragraph at lines 230--231
 \OT1/cmr/m/n/8 Schrauben 
 []


Overfull \hbox (14.16687pt too wide) in paragraph at lines 230--231
 \OT1/cmr/m/n/8 und 
 []


Overfull \hbox (18.64471pt too wide) in paragraph at lines 230--231
 \OT1/cmr/m/n/8 Mut- 
 []


Overfull \hbox (15.11827pt too wide) in paragraph at lines 230--231
 \OT1/cmr/m/n/8 tern 
 []


! LaTeX Error: \begin{document} ended by \end{figure}.

See the LaTeX manual or LaTeX Companion for explanation.
Type  H <return>  for immediate help.
 ...                                              
                                                  
l.232 \end{figure}
                  
Your command was ignored.
Type  I <command> <return>  to replace it with another command,
or  <return>  to continue without it.

! Undefined control sequence.
l.234 \section
              {Schaltplan}
The control sequence at the end of the top line
of your error message was never \def'ed. If you have
misspelled it (e.g., `\hobx'), type `I' and the correct
spelling (e.g., `I\hbox'). Otherwise just continue,
and I'll forget about whatever was undefined.

Missing character: There is no S in font nullfont!
Missing character: There is no c in font nullfont!
Missing character: There is no h in font nullfont!
Missing character: There is no a in font nullfont!
Missing character: There is no l in font nullfont!
Missing character: There is no t in font nullfont!
Missing character: There is no p in font nullfont!
Missing character: There is no l in font nullfont!
Missing character: There is no a in font nullfont!
Missing character: There is no n in font nullfont!

Overfull \hbox (20.0pt too wide) in paragraph at lines 234--235
[] 
 []

Missing character: There is no D in font nullfont!
Missing character: There is no e in font nullfont!
Missing character: There is no r in font nullfont!
Missing character: There is no S in font nullfont!
Missing character: There is no c in font nullfont!
Missing character: There is no h in font nullfont!
Missing character: There is no a in font nullfont!
Missing character: There is no l in font nullfont!
Missing character: There is no t in font nullfont!
Missing character: There is no p in font nullfont!
Missing character: There is no l in font nullfont!
Missing character: There is no a in font nullfont!
Missing character: There is no n in font nullfont!
Missing character: There is no z in font nullfont!
Missing character: There is no e in font nullfont!
Missing character: There is no i in font nullfont!
Missing character: There is no g in font nullfont!
Missing character: There is no t in font nullfont!
Missing character: There is no d in font nullfont!
Missing character: There is no i in font nullfont!
Missing character: There is no e in font nullfont!
Missing character: There is no e in font nullfont!
Missing character: There is no l in font nullfont!
Missing character: There is no e in font nullfont!
Missing character: There is no k in font nullfont!
Missing character: There is no t in font nullfont!
Missing character: There is no r in font nullfont!
Missing character: There is no i in font nullfont!
Missing character: There is no s in font nullfont!
Missing character: There is no c in font nullfont!
Missing character: There is no h in font nullfont!
Missing character: There is no e in font nullfont!
Missing character: There is no V in font nullfont!
Missing character: There is no e in font nullfont!
Missing character: There is no r in font nullfont!
Missing character: There is no b in font nullfont!
Missing character: There is no i in font nullfont!
Missing character: There is no n in font nullfont!
Missing character: There is no d in font nullfont!
Missing character: There is no u in font nullfont!
Missing character: There is no n in font nullfont!
Missing character: There is no g in font nullfont!
Missing character: There is no d in font nullfont!
Missing character: There is no e in font nullfont!
Missing character: There is no r in font nullfont!
Missing character: There is no e in font nullfont!
Missing character: There is no i in font nullfont!
Missing character: There is no n in font nullfont!
Missing character: There is no z in font nullfont!
Missing character: There is no e in font nullfont!
Missing character: There is no l in font nullfont!
Missing character: There is no n in font nullfont!
Missing character: There is no e in font nullfont!
Missing character: There is no n in font nullfont!
Missing character: There is no K in font nullfont!
Missing character: There is no o in font nullfont!
Missing character: There is no m in font nullfont!
Missing character: There is no p in font nullfont!
Missing character: There is no o in font nullfont!
Missing character: There is no n in font nullfont!
Missing character: There is no e in font nullfont!
Missing character: There is no n in font nullfont!
Missing character: There is no t in font nullfont!
Missing character: There is no e in font nullfont!
Missing character: There is no n in font nullfont!
Missing character: There is no . in font nullfont!
Missing character: There is no E in font nullfont!
Missing character: There is no r in font nullfont!
Missing character: There is no i in font nullfont!
Missing character: There is no s in font nullfont!
Missing character: There is no t in font nullfont!
Missing character: There is no i in font nullfont!
Missing character: There is no n in font nullfont!
Missing character: There is no A in font nullfont!
Missing character: There is no b in font nullfont!
Missing character: There is no b in font nullfont!
Missing character: There is no i in font nullfont!
Missing character: There is no l in font nullfont!
Missing character: There is no d in font nullfont!
Missing character: There is no u in font nullfont!
Missing character: There is no n in font nullfont!
Missing character: There is no g in font nullfont!
! Undefined control sequence.
<write> ...ng: Reference `Splan' on page \thepage 
                                                  \space undefined\on@line .
l.236 ...ponenten. Er ist in Abbildung \ref{Splan}
                                                   dargestellt.
The control sequence at the end of the top line
of your error message was never \def'ed. If you have
misspelled it (e.g., `\hobx'), type `I' and the correct
spelling (e.g., `I\hbox'). Otherwise just continue,
and I'll forget about whatever was undefined.


LaTeX Warning: Reference `Splan' on page  undefined on input line 236.

Missing character: There is no d in font nullfont!
Missing character: There is no a in font nullfont!
Missing character: There is no r in font nullfont!
Missing character: There is no g in font nullfont!
Missing character: There is no e in font nullfont!
Missing character: There is no s in font nullfont!
Missing character: There is no t in font nullfont!
Missing character: There is no e in font nullfont!
Missing character: There is no l in font nullfont!
Missing character: There is no l in font nullfont!
Missing character: There is no t in font nullfont!
Missing character: There is no . in font nullfont!

Overfull \hbox (20.0pt too wide) in paragraph at lines 236--237
[]
 []


Overfull \hbox (10.86105pt too wide) in paragraph at lines 236--237
[]
 []


! LaTeX Error: Environment figure undefined.

See the LaTeX manual or LaTeX Companion for explanation.
Type  H <return>  for immediate help.
 ...                                              
                                                  
l.238 \begin{figure}
                    [H]
Your command was ignored.
Type  I <command> <return>  to replace it with another command,
or  <return>  to continue without it.

Missing character: There is no [ in font nullfont!
Missing character: There is no H in font nullfont!
Missing character: There is no ] in font nullfont!

Overfull \hbox (20.0pt too wide) in paragraph at lines 238--239
[] 
 []

! Undefined control sequence.
l.240 		\includegraphics
                        [width=\textwidth]{Images/Schaltplan1.png}
The control sequence at the end of the top line
of your error message was never \def'ed. If you have
misspelled it (e.g., `\hobx'), type `I' and the correct
spelling (e.g., `I\hbox'). Otherwise just continue,
and I'll forget about whatever was undefined.

Missing character: There is no [ in font nullfont!
Missing character: There is no w in font nullfont!
Missing character: There is no i in font nullfont!
Missing character: There is no d in font nullfont!
Missing character: There is no t in font nullfont!
Missing character: There is no h in font nullfont!
Missing character: There is no = in font nullfont!
! Missing number, treated as zero.
<to be read again> 
                   ]
l.240 		\includegraphics[width=\textwidth]
                                          {Images/Schaltplan1.png}
A number should have been here; I inserted `0'.
(If you can't figure out why I needed to see a number,
look up `weird error' in the index to The TeXbook.)

! Illegal unit of measure (pt inserted).
<to be read again> 
                   ]
l.240 		\includegraphics[width=\textwidth]
                                          {Images/Schaltplan1.png}
Dimensions can be in units of em, ex, in, pt, pc,
cm, mm, dd, cc, nd, nc, bp, or sp; but yours is a new one!
I'll assume that you meant to say pt, for printer's points.
To recover gracefully from this error, it's best to
delete the erroneous units; e.g., type `2' to delete
two letters. (See Chapter 27 of The TeXbook.)

Missing character: There is no ] in font nullfont!
Missing character: There is no I in font nullfont!
Missing character: There is no m in font nullfont!
Missing character: There is no a in font nullfont!
Missing character: There is no g in font nullfont!
Missing character: There is no e in font nullfont!
Missing character: There is no s in font nullfont!
Missing character: There is no / in font nullfont!
Missing character: There is no S in font nullfont!
Missing character: There is no c in font nullfont!
Missing character: There is no h in font nullfont!
Missing character: There is no a in font nullfont!
Missing character: There is no l in font nullfont!
Missing character: There is no t in font nullfont!
Missing character: There is no p in font nullfont!
Missing character: There is no l in font nullfont!
Missing character: There is no a in font nullfont!
Missing character: There is no n in font nullfont!
Missing character: There is no 1 in font nullfont!
Missing character: There is no . in font nullfont!
Missing character: There is no p in font nullfont!
Missing character: There is no n in font nullfont!
Missing character: There is no g in font nullfont!

! LaTeX Error: \caption outside float.

See the LaTeX manual or LaTeX Companion for explanation.
Type  H <return>  for immediate help.
 ...                                              
                                                  
l.241 		\caption
                {Schaltplan} \label{Splan}
You're in trouble here.  Try typing  <return>  to proceed.
If that doesn't work, type  X <return>  to quit.

Missing character: There is no S in font nullfont!
Missing character: There is no c in font nullfont!
Missing character: There is no h in font nullfont!
Missing character: There is no a in font nullfont!
Missing character: There is no l in font nullfont!
Missing character: There is no t in font nullfont!
Missing character: There is no p in font nullfont!
Missing character: There is no l in font nullfont!
Missing character: There is no a in font nullfont!
Missing character: There is no n in font nullfont!

! LaTeX Error: \begin{document} ended by \end{figure}.

See the LaTeX manual or LaTeX Companion for explanation.
Type  H <return>  for immediate help.
 ...                                              
                                                  
l.243 \end{figure}
                  
Your command was ignored.
Type  I <command> <return>  to replace it with another command,
or  <return>  to continue without it.

)
! Emergency stop.
<*> Einleitung.tex
                  
*** (job aborted, no legal \end found)

 
Here is how much of TeX's memory you used:
 80 strings out of 469625
 1220 string characters out of 5477767
 446121 words of memory out of 5000000
 26988 multiletter control sequences out of 15000+600000
 628087 words of font info for 44 fonts, out of 8000000 for 9000
 1141 hyphenation exceptions out of 8191
 24i,6n,32p,677b,194s stack positions out of 10000i,1000n,20000p,200000b,200000s
!  ==> Fatal error occurred, no output PDF file produced!
