This is pdfTeX, Version 3.141592653-2.6-1.40.27 (TeX Live 2025) (preloaded format=pdflatex 2025.4.15)  10 JUL 2025 08:34
entering extended mode
 restricted \write18 enabled.
 %&-line parsing enabled.
**Einleitung.tex
(./Einleitung.tex
LaTeX2e <2024-11-01> patch level 2
L3 programming layer <2025-03-26>
! Undefined control sequence.
l.9 \chapter
            {Einleitung}
The control sequence at the end of the top line
of your error message was never \def'ed. If you have
misspelled it (e.g., `\hobx'), type `I' and the correct
spelling (e.g., `I\hbox'). Otherwise just continue,
and I'll forget about whatever was undefined.


! LaTeX Error: Missing \begin{document}.

See the LaTeX manual or LaTeX Companion for explanation.
Type  H <return>  for immediate help.
 ...                                              
                                                  
l.9 \chapter{E
              inleitung}
You're in trouble here.  Try typing  <return>  to proceed.
If that doesn't work, type  X <return>  to quit.

Missing character: There is no E in font nullfont!
Missing character: There is no i in font nullfont!
Missing character: There is no n in font nullfont!
Missing character: There is no l in font nullfont!
Missing character: There is no e in font nullfont!
Missing character: There is no i in font nullfont!
Missing character: There is no t in font nullfont!
Missing character: There is no u in font nullfont!
Missing character: There is no n in font nullfont!
Missing character: There is no g in font nullfont!

Overfull \hbox (20.0pt too wide) in paragraph at lines 9--10
[] 
 []


! LaTeX Error: Missing \begin{document}.

See the LaTeX manual or LaTeX Companion for explanation.
Type  H <return>  for immediate help.
 ...                                              
                                                  
l.11 V
      ielen Dank, dass Sie sich für den Schrittmotor Demonstrator entschied...

You're in trouble here.  Try typing  <return>  to proceed.
If that doesn't work, type  X <return>  to quit.

Missing character: There is no V in font nullfont!
Missing character: There is no i in font nullfont!
Missing character: There is no e in font nullfont!
Missing character: There is no l in font nullfont!
Missing character: There is no e in font nullfont!
Missing character: There is no n in font nullfont!
Missing character: There is no D in font nullfont!
Missing character: There is no a in font nullfont!
Missing character: There is no n in font nullfont!
Missing character: There is no k in font nullfont!
Missing character: There is no , in font nullfont!
Missing character: There is no d in font nullfont!
Missing character: There is no a in font nullfont!
Missing character: There is no s in font nullfont!
Missing character: There is no s in font nullfont!
Missing character: There is no S in font nullfont!
Missing character: There is no i in font nullfont!
Missing character: There is no e in font nullfont!
Missing character: There is no s in font nullfont!
Missing character: There is no i in font nullfont!
Missing character: There is no c in font nullfont!
Missing character: There is no h in font nullfont!
Missing character: There is no f in font nullfont!
LaTeX Font Info:    Trying to load font information for +cmr on input line 11.
LaTeX Font Info:    No file cmr.fd. on input line 11.

LaTeX Font Warning: Font shape `/cmr/m/n' undefined
(Font)              using `/cmr/m/n' instead on input line 11.

! Corrupted NFSS tables.
wrong@fontshape ...message {Corrupted NFSS tables}
                                                  error@fontshape else let f...
l.11 Vielen Dank, dass Sie sich fü
                                   r den Schrittmotor Demonstrator entschied...
This error message was generated by an \errmessage
command, so I can't give any explicit help.
Pretend that you're Hercule Poirot: Examine all clues,
and deduce the truth by order and method.


LaTeX Font Warning: Font shape `/cmr/m/n' undefined
(Font)              using `OT1/cmr/m/n' instead on input line 11.

Missing character: There is no r in font nullfont!
Missing character: There is no d in font nullfont!
Missing character: There is no e in font nullfont!
Missing character: There is no n in font nullfont!
Missing character: There is no S in font nullfont!
Missing character: There is no c in font nullfont!
Missing character: There is no h in font nullfont!
Missing character: There is no r in font nullfont!
Missing character: There is no i in font nullfont!
Missing character: There is no t in font nullfont!
Missing character: There is no t in font nullfont!
Missing character: There is no m in font nullfont!
Missing character: There is no o in font nullfont!
Missing character: There is no t in font nullfont!
Missing character: There is no o in font nullfont!
Missing character: There is no r in font nullfont!
Missing character: There is no D in font nullfont!
Missing character: There is no e in font nullfont!
Missing character: There is no m in font nullfont!
Missing character: There is no o in font nullfont!
Missing character: There is no n in font nullfont!
Missing character: There is no s in font nullfont!
Missing character: There is no t in font nullfont!
Missing character: There is no r in font nullfont!
Missing character: There is no a in font nullfont!
Missing character: There is no t in font nullfont!
Missing character: There is no o in font nullfont!
Missing character: There is no r in font nullfont!
Missing character: There is no e in font nullfont!
Missing character: There is no n in font nullfont!
Missing character: There is no t in font nullfont!
Missing character: There is no s in font nullfont!
Missing character: There is no c in font nullfont!
Missing character: There is no h in font nullfont!
Missing character: There is no i in font nullfont!
Missing character: There is no e in font nullfont!
Missing character: There is no d in font nullfont!
Missing character: There is no e in font nullfont!
Missing character: There is no n in font nullfont!
Missing character: There is no h in font nullfont!
Missing character: There is no a in font nullfont!
Missing character: There is no b in font nullfont!
Missing character: There is no e in font nullfont!
Missing character: There is no n in font nullfont!
Missing character: There is no . in font nullfont!
Missing character: There is no D in font nullfont!
Missing character: There is no i in font nullfont!
Missing character: There is no e in font nullfont!
Missing character: There is no s in font nullfont!
Missing character: There is no e in font nullfont!
Missing character: There is no M in font nullfont!
Missing character: There is no o in font nullfont!
Missing character: There is no n in font nullfont!
Missing character: There is no t in font nullfont!
Missing character: There is no a in font nullfont!
Missing character: There is no g in font nullfont!
Missing character: There is no e in font nullfont!
Missing character: There is no a in font nullfont!
Missing character: There is no n in font nullfont!
Missing character: There is no l in font nullfont!
Missing character: There is no e in font nullfont!
Missing character: There is no i in font nullfont!
Missing character: There is no t in font nullfont!
Missing character: There is no u in font nullfont!
Missing character: There is no n in font nullfont!
Missing character: There is no g in font nullfont!
Missing character: There is no b in font nullfont!
Missing character: There is no e in font nullfont!
Missing character: There is no g in font nullfont!
Missing character: There is no l in font nullfont!
Missing character: There is no e in font nullfont!
Missing character: There is no i in font nullfont!
Missing character: There is no t in font nullfont!
Missing character: There is no e in font nullfont!
Missing character: There is no t in font nullfont!
Missing character: There is no S in font nullfont!
Missing character: There is no i in font nullfont!
Missing character: There is no e in font nullfont!
Missing character: There is no S in font nullfont!
Missing character: There is no c in font nullfont!
Missing character: There is no h in font nullfont!
Missing character: There is no r in font nullfont!
Missing character: There is no i in font nullfont!
Missing character: There is no t in font nullfont!
Missing character: There is no t in font nullfont!
Missing character: There is no f in font nullfont!
Missing character: There is no r in font nullfont!
Missing character: There is no S in font nullfont!
Missing character: There is no c in font nullfont!
Missing character: There is no h in font nullfont!
Missing character: There is no r in font nullfont!
Missing character: There is no i in font nullfont!
Missing character: There is no t in font nullfont!
Missing character: There is no t in font nullfont!
Missing character: There is no b in font nullfont!
Missing character: There is no e in font nullfont!
Missing character: There is no i in font nullfont!
Missing character: There is no d in font nullfont!
Missing character: There is no e in font nullfont!
Missing character: There is no r in font nullfont!
Missing character: There is no I in font nullfont!
Missing character: There is no n in font nullfont!
Missing character: There is no b in font nullfont!
Missing character: There is no e in font nullfont!
Missing character: There is no t in font nullfont!
Missing character: There is no r in font nullfont!
Missing character: There is no i in font nullfont!
Missing character: There is no e in font nullfont!
Missing character: There is no b in font nullfont!
Missing character: There is no n in font nullfont!
Missing character: There is no a in font nullfont!
Missing character: There is no h in font nullfont!
Missing character: There is no m in font nullfont!
Missing character: There is no e in font nullfont!
Missing character: There is no d in font nullfont!
Missing character: There is no e in font nullfont!
Missing character: There is no s in font nullfont!
Missing character: There is no g in font nullfont!
Missing character: There is no e in font nullfont!
Missing character: There is no l in font nullfont!
Missing character: There is no i in font nullfont!
Missing character: There is no e in font nullfont!
Missing character: There is no f in font nullfont!
Missing character: There is no e in font nullfont!
Missing character: There is no r in font nullfont!
Missing character: There is no t in font nullfont!
Missing character: There is no e in font nullfont!
Missing character: There is no n in font nullfont!
Missing character: There is no S in font nullfont!
Missing character: There is no y in font nullfont!
Missing character: There is no s in font nullfont!
Missing character: There is no t in font nullfont!
Missing character: There is no e in font nullfont!
Missing character: There is no m in font nullfont!
Missing character: There is no s in font nullfont!
Missing character: There is no . in font nullfont!
Missing character: There is no D in font nullfont!
Missing character: There is no i in font nullfont!
Missing character: There is no e in font nullfont!
Missing character: There is no B in font nullfont!
Missing character: There is no a in font nullfont!
Missing character: There is no u in font nullfont!
Missing character: There is no g in font nullfont!
Missing character: There is no r in font nullfont!
Missing character: There is no u in font nullfont!
Missing character: There is no p in font nullfont!
Missing character: There is no p in font nullfont!
Missing character: There is no e in font nullfont!
Missing character: There is no w in font nullfont!
Missing character: There is no i in font nullfont!
Missing character: There is no r in font nullfont!
Missing character: There is no d in font nullfont!
Missing character: There is no v in font nullfont!
Missing character: There is no o in font nullfont!
Missing character: There is no r in font nullfont!
Missing character: There is no m in font nullfont!
Missing character: There is no o in font nullfont!
Missing character: There is no n in font nullfont!
Missing character: There is no t in font nullfont!
Missing character: There is no i in font nullfont!
Missing character: There is no e in font nullfont!
Missing character: There is no r in font nullfont!
Missing character: There is no t in font nullfont!
Missing character: There is no g in font nullfont!
Missing character: There is no e in font nullfont!
Missing character: There is no l in font nullfont!
Missing character: There is no i in font nullfont!
Missing character: There is no e in font nullfont!
Missing character: There is no f in font nullfont!
Missing character: There is no e in font nullfont!
Missing character: There is no r in font nullfont!
Missing character: There is no t in font nullfont!
Missing character: There is no , in font nullfont!
Missing character: There is no d in font nullfont!
Missing character: There is no a in font nullfont!
Missing character: There is no s in font nullfont!
Missing character: There is no h in font nullfont!
Missing character: There is no e in font nullfont!
Missing character: There is no i in font nullfont!
Missing character: There is no t in font nullfont!
Missing character: There is no a in font nullfont!
Missing character: There is no l in font nullfont!
Missing character: There is no l in font nullfont!
Missing character: There is no e in font nullfont!
Missing character: There is no e in font nullfont!
Missing character: There is no l in font nullfont!
Missing character: There is no e in font nullfont!
Missing character: There is no k in font nullfont!
Missing character: There is no t in font nullfont!
Missing character: There is no r in font nullfont!
Missing character: There is no o in font nullfont!
Missing character: There is no n in font nullfont!
Missing character: There is no i in font nullfont!
Missing character: There is no s in font nullfont!
Missing character: There is no c in font nullfont!
Missing character: There is no h in font nullfont!
Missing character: There is no e in font nullfont!
Missing character: There is no n in font nullfont!
Missing character: There is no K in font nullfont!
Missing character: There is no o in font nullfont!
Missing character: There is no m in font nullfont!
Missing character: There is no p in font nullfont!
Missing character: There is no o in font nullfont!
Missing character: There is no n in font nullfont!
Missing character: There is no e in font nullfont!
Missing character: There is no n in font nullfont!
Missing character: There is no t in font nullfont!
Missing character: There is no e in font nullfont!
Missing character: There is no n in font nullfont!
Missing character: There is no , in font nullfont!
Missing character: There is no i in font nullfont!
Missing character: There is no n in font nullfont!
Missing character: There is no k in font nullfont!
Missing character: There is no l in font nullfont!
Missing character: There is no u in font nullfont!
Missing character: There is no s in font nullfont!
Missing character: There is no i in font nullfont!
Missing character: There is no v in font nullfont!
Missing character: There is no e in font nullfont!
Missing character: There is no d in font nullfont!
Missing character: There is no e in font nullfont!
Missing character: There is no s in font nullfont!
Missing character: There is no S in font nullfont!
Missing character: There is no e in font nullfont!
Missing character: There is no n in font nullfont!
Missing character: There is no s in font nullfont!
Missing character: There is no o in font nullfont!
Missing character: There is no r in font nullfont!
Missing character: There is no s in font nullfont!
Missing character: There is no , in font nullfont!
Missing character: There is no b in font nullfont!
Missing character: There is no e in font nullfont!
Missing character: There is no f in font nullfont!
Missing character: There is no i in font nullfont!
Missing character: There is no n in font nullfont!
Missing character: There is no d in font nullfont!
Missing character: There is no e in font nullfont!
Missing character: There is no n in font nullfont!
Missing character: There is no s in font nullfont!
Missing character: There is no i in font nullfont!
Missing character: There is no c in font nullfont!
Missing character: There is no h in font nullfont!
Missing character: There is no b in font nullfont!
Missing character: There is no e in font nullfont!
Missing character: There is no r in font nullfont!
Missing character: There is no e in font nullfont!
Missing character: There is no i in font nullfont!
Missing character: There is no t in font nullfont!
Missing character: There is no s in font nullfont!
Missing character: There is no i in font nullfont!
Missing character: There is no m in font nullfont!
Missing character: There is no m in font nullfont!
Missing character: There is no o in font nullfont!
Missing character: There is no n in font nullfont!
Missing character: There is no t in font nullfont!
Missing character: There is no i in font nullfont!
Missing character: There is no e in font nullfont!
Missing character: There is no r in font nullfont!
Missing character: There is no t in font nullfont!
Missing character: There is no e in font nullfont!
Missing character: There is no n in font nullfont!
Missing character: There is no Z in font nullfont!
Missing character: There is no u in font nullfont!
Missing character: There is no s in font nullfont!
Missing character: There is no t in font nullfont!
Missing character: There is no a in font nullfont!
Missing character: There is no n in font nullfont!
Missing character: There is no d in font nullfont!
Missing character: There is no i in font nullfont!
Missing character: There is no m in font nullfont!
Missing character: There is no G in font nullfont!
Missing character: There is no e in font nullfont!
Missing character: There is no h in font nullfont!
Missing character: There is no u in font nullfont!
Missing character: There is no s in font nullfont!
Missing character: There is no e in font nullfont!
Missing character: There is no d in font nullfont!
Missing character: There is no e in font nullfont!
Missing character: There is no s in font nullfont!
Missing character: There is no C in font nullfont!
Missing character: There is no N in font nullfont!
Missing character: There is no C in font nullfont!
Missing character: There is no - in font nullfont!
Missing character: There is no T in font nullfont!
Missing character: There is no i in font nullfont!
Missing character: There is no s in font nullfont!
Missing character: There is no c in font nullfont!
Missing character: There is no h in font nullfont!
Missing character: There is no s in font nullfont!
Missing character: There is no . in font nullfont!
Missing character: There is no I in font nullfont!
Missing character: There is no h in font nullfont!
Missing character: There is no r in font nullfont!
Missing character: There is no e in font nullfont!
Missing character: There is no A in font nullfont!
Missing character: There is no u in font nullfont!
Missing character: There is no f in font nullfont!
Missing character: There is no g in font nullfont!
Missing character: There is no a in font nullfont!
Missing character: There is no b in font nullfont!
Missing character: There is no e in font nullfont!
Missing character: There is no b in font nullfont!
Missing character: There is no e in font nullfont!
Missing character: There is no s in font nullfont!
Missing character: There is no t in font nullfont!
Missing character: There is no e in font nullfont!
Missing character: There is no h in font nullfont!
Missing character: There is no t in font nullfont!
Missing character: There is no l in font nullfont!
Missing character: There is no e in font nullfont!
Missing character: There is no d in font nullfont!
Missing character: There is no i in font nullfont!
Missing character: There is no g in font nullfont!
Missing character: There is no l in font nullfont!
Missing character: There is no i in font nullfont!
Missing character: There is no c in font nullfont!
Missing character: There is no h in font nullfont!
Missing character: There is no d in font nullfont!
Missing character: There is no a in font nullfont!
Missing character: There is no r in font nullfont!
Missing character: There is no i in font nullfont!
Missing character: There is no n in font nullfont!
Missing character: There is no , in font nullfont!
Missing character: There is no d in font nullfont!
Missing character: There is no a in font nullfont!
Missing character: There is no s in font nullfont!
Missing character: There is no S in font nullfont!
Missing character: There is no y in font nullfont!
Missing character: There is no s in font nullfont!
Missing character: There is no t in font nullfont!
Missing character: There is no e in font nullfont!
Missing character: There is no m in font nullfont!
Missing character: There is no k in font nullfont!
Missing character: There is no o in font nullfont!
Missing character: There is no r in font nullfont!
Missing character: There is no r in font nullfont!
Missing character: There is no e in font nullfont!
Missing character: There is no k in font nullfont!
Missing character: There is no t in font nullfont!
Missing character: There is no a in font nullfont!
Missing character: There is no u in font nullfont!
Missing character: There is no f in font nullfont!
Missing character: There is no z in font nullfont!
Missing character: There is no u in font nullfont!
Missing character: There is no s in font nullfont!
Missing character: There is no t in font nullfont!
Missing character: There is no e in font nullfont!
Missing character: There is no l in font nullfont!
Missing character: There is no l in font nullfont!
Missing character: There is no e in font nullfont!
Missing character: There is no n in font nullfont!
Missing character: There is no u in font nullfont!
Missing character: There is no n in font nullfont!
Missing character: There is no d in font nullfont!
Missing character: There is no a in font nullfont!
Missing character: There is no n in font nullfont!
Missing character: There is no z in font nullfont!
Missing character: There is no u in font nullfont!
Missing character: There is no s in font nullfont!
Missing character: There is no c in font nullfont!
Missing character: There is no h in font nullfont!
Missing character: There is no l in font nullfont!
Missing character: There is no i in font nullfont!
Missing character: There is no e in font nullfont!
Missing character: There is no e in font nullfont!
Missing character: There is no n in font nullfont!
Missing character: There is no . in font nullfont!
Missing character: There is no F in font nullfont!
Missing character: There is no r in font nullfont!
Missing character: There is no d in font nullfont!
Missing character: There is no i in font nullfont!
Missing character: There is no e in font nullfont!
Missing character: There is no M in font nullfont!
Missing character: There is no o in font nullfont!
Missing character: There is no n in font nullfont!
Missing character: There is no t in font nullfont!
Missing character: There is no a in font nullfont!
Missing character: There is no g in font nullfont!
Missing character: There is no e in font nullfont!
Missing character: There is no s in font nullfont!
Missing character: There is no i in font nullfont!
Missing character: There is no n in font nullfont!
Missing character: There is no d in font nullfont!
Missing character: There is no k in font nullfont!
Missing character: There is no e in font nullfont!
Missing character: There is no i in font nullfont!
Missing character: There is no n in font nullfont!
Missing character: There is no e in font nullfont!
Missing character: There is no s in font nullfont!
Missing character: There is no p in font nullfont!
Missing character: There is no e in font nullfont!
Missing character: There is no z in font nullfont!
Missing character: There is no i in font nullfont!
Missing character: There is no e in font nullfont!
Missing character: There is no l in font nullfont!
Missing character: There is no l in font nullfont!
Missing character: There is no e in font nullfont!
Missing character: There is no n in font nullfont!
Missing character: There is no F in font nullfont!
Missing character: There is no a in font nullfont!
Missing character: There is no c in font nullfont!
Missing character: There is no h in font nullfont!
Missing character: There is no k in font nullfont!
Missing character: There is no e in font nullfont!
Missing character: There is no n in font nullfont!
Missing character: There is no n in font nullfont!
Missing character: There is no t in font nullfont!
Missing character: There is no n in font nullfont!
Missing character: There is no i in font nullfont!
Missing character: There is no s in font nullfont!
Missing character: There is no s in font nullfont!
Missing character: There is no e in font nullfont!
Missing character: There is no e in font nullfont!
Missing character: There is no r in font nullfont!
Missing character: There is no f in font nullfont!
Missing character: There is no o in font nullfont!
Missing character: There is no r in font nullfont!
Missing character: There is no d in font nullfont!
Missing character: There is no e in font nullfont!
Missing character: There is no r in font nullfont!
Missing character: There is no l in font nullfont!
Missing character: There is no i in font nullfont!
Missing character: There is no c in font nullfont!
Missing character: There is no h in font nullfont!
Missing character: There is no . in font nullfont!
Missing character: There is no D in font nullfont!
Missing character: There is no i in font nullfont!
Missing character: There is no e in font nullfont!
Missing character: There is no M in font nullfont!
Missing character: There is no o in font nullfont!
Missing character: There is no n in font nullfont!
Missing character: There is no t in font nullfont!
Missing character: There is no a in font nullfont!
Missing character: There is no g in font nullfont!
Missing character: There is no e in font nullfont!
Missing character: There is no i in font nullfont!
Missing character: There is no s in font nullfont!
Missing character: There is no t in font nullfont!
Missing character: There is no e in font nullfont!
Missing character: There is no i in font nullfont!
Missing character: There is no n in font nullfont!
Missing character: There is no f in font nullfont!
Missing character: There is no a in font nullfont!
Missing character: There is no c in font nullfont!
Missing character: There is no h in font nullfont!
Missing character: There is no d in font nullfont!
Missing character: There is no u in font nullfont!
Missing character: There is no r in font nullfont!
Missing character: There is no c in font nullfont!
Missing character: There is no h in font nullfont!
Missing character: There is no z in font nullfont!
Missing character: There is no u in font nullfont!
Missing character: There is no f in font nullfont!
Missing character: There is no h in font nullfont!
Missing character: There is no r in font nullfont!
Missing character: There is no e in font nullfont!
Missing character: There is no n in font nullfont!
Missing character: There is no u in font nullfont!
Missing character: There is no n in font nullfont!
Missing character: There is no d in font nullfont!
Missing character: There is no e in font nullfont!
Missing character: There is no r in font nullfont!
Missing character: There is no f in font nullfont!
Missing character: There is no o in font nullfont!
Missing character: There is no r in font nullfont!
Missing character: There is no d in font nullfont!
Missing character: There is no e in font nullfont!
Missing character: There is no r in font nullfont!
Missing character: There is no t in font nullfont!
Missing character: There is no n in font nullfont!
Missing character: There is no u in font nullfont!
Missing character: There is no r in font nullfont!
Missing character: There is no w in font nullfont!
Missing character: There is no e in font nullfont!
Missing character: There is no n in font nullfont!
Missing character: There is no i in font nullfont!
Missing character: There is no g in font nullfont!
Missing character: There is no e in font nullfont!
Missing character: There is no H in font nullfont!
Missing character: There is no a in font nullfont!
Missing character: There is no n in font nullfont!
Missing character: There is no d in font nullfont!
Missing character: There is no g in font nullfont!
Missing character: There is no r in font nullfont!
Missing character: There is no i in font nullfont!
Missing character: There is no f in font nullfont!
Missing character: There is no f in font nullfont!
Missing character: There is no e in font nullfont!
Missing character: There is no . in font nullfont!
Missing character: There is no B in font nullfont!
Missing character: There is no i in font nullfont!
Missing character: There is no t in font nullfont!
Missing character: There is no t in font nullfont!
Missing character: There is no e in font nullfont!
Missing character: There is no l in font nullfont!
Missing character: There is no e in font nullfont!
Missing character: There is no s in font nullfont!
Missing character: There is no e in font nullfont!
Missing character: There is no n in font nullfont!
Missing character: There is no S in font nullfont!
Missing character: There is no i in font nullfont!
Missing character: There is no e in font nullfont!
Missing character: There is no d in font nullfont!
Missing character: There is no i in font nullfont!
Missing character: There is no e in font nullfont!
Missing character: There is no B in font nullfont!
Missing character: There is no e in font nullfont!
Missing character: There is no t in font nullfont!
Missing character: There is no r in font nullfont!
Missing character: There is no i in font nullfont!
Missing character: There is no e in font nullfont!
Missing character: There is no b in font nullfont!
Missing character: There is no s in font nullfont!
Missing character: There is no a in font nullfont!
Missing character: There is no n in font nullfont!
Missing character: There is no l in font nullfont!
Missing character: There is no e in font nullfont!
Missing character: There is no i in font nullfont!
Missing character: There is no t in font nullfont!
Missing character: There is no u in font nullfont!
Missing character: There is no n in font nullfont!
Missing character: There is no g in font nullfont!
Missing character: There is no s in font nullfont!
Missing character: There is no o in font nullfont!
Missing character: There is no r in font nullfont!
Missing character: There is no g in font nullfont!
Missing character: There is no f in font nullfont!
Missing character: There is no l in font nullfont!
Missing character: There is no t in font nullfont!
Missing character: There is no i in font nullfont!
Missing character: There is no g in font nullfont!
Missing character: There is no d in font nullfont!
Missing character: There is no u in font nullfont!
Missing character: There is no r in font nullfont!
Missing character: There is no c in font nullfont!
Missing character: There is no h in font nullfont!
Missing character: There is no , in font nullfont!
Missing character: There is no b in font nullfont!
Missing character: There is no e in font nullfont!
Missing character: There is no v in font nullfont!
Missing character: There is no o in font nullfont!
Missing character: There is no r in font nullfont!
Missing character: There is no S in font nullfont!
Missing character: There is no i in font nullfont!
Missing character: There is no e in font nullfont!
Missing character: There is no m in font nullfont!
Missing character: There is no i in font nullfont!
Missing character: There is no t in font nullfont!
Missing character: There is no d in font nullfont!
Missing character: There is no e in font nullfont!
Missing character: There is no r in font nullfont!
Missing character: There is no I in font nullfont!
Missing character: There is no n in font nullfont!
Missing character: There is no s in font nullfont!
Missing character: There is no t in font nullfont!
Missing character: There is no a in font nullfont!
Missing character: There is no l in font nullfont!
Missing character: There is no l in font nullfont!
Missing character: There is no a in font nullfont!
Missing character: There is no t in font nullfont!
Missing character: There is no i in font nullfont!
Missing character: There is no o in font nullfont!
Missing character: There is no n in font nullfont!
Missing character: There is no b in font nullfont!
Missing character: There is no e in font nullfont!
Missing character: There is no g in font nullfont!
Missing character: There is no i in font nullfont!
Missing character: There is no n in font nullfont!
Missing character: There is no n in font nullfont!
Missing character: There is no e in font nullfont!
Missing character: There is no n in font nullfont!
Missing character: There is no . in font nullfont!

Overfull \hbox (20.0pt too wide) in paragraph at lines 11--18
[]
 []


Overfull \hbox (10.55559pt too wide) in paragraph at lines 11--18
\/cmr/m/n/10 ^^?u
 []


Overfull \hbox (5.55557pt too wide) in paragraph at lines 11--18
\/cmr/m/n/10 ^^?u
 []


Overfull \hbox (5.00002pt too wide) in paragraph at lines 11--18
\/cmr/m/n/10 ^^Y
 []


Overfull \hbox (5.00002pt too wide) in paragraph at lines 11--18
\/cmr/m/n/10 ^^?a
 []


Overfull \hbox (5.00002pt too wide) in paragraph at lines 11--18
\/cmr/m/n/10 ^^Y
 []


Overfull \hbox (5.55557pt too wide) in paragraph at lines 11--18
\/cmr/m/n/10 ^^?u
 []


Overfull \hbox (5.55557pt too wide) in paragraph at lines 11--18
\/cmr/m/n/10 ^^?u
 []


Overfull \hbox (5.00002pt too wide) in paragraph at lines 11--18
\/cmr/m/n/10 ^^?a
 []


! LaTeX Error: Missing \begin{document}.

See the LaTeX manual or LaTeX Companion for explanation.
Type  H <return>  for immediate help.
 ...                                              
                                                  
l.22 ...motor Demonstrators		 sorgfältig durch.}}
                                                  
You're in trouble here.  Try typing  <return>  to proceed.
If that doesn't work, type  X <return>  to quit.

Missing character: There is no V in font nullfont!
Missing character: There is no e in font nullfont!
Missing character: There is no r in font nullfont!
Missing character: There is no w in font nullfont!
Missing character: There is no e in font nullfont!
Missing character: There is no n in font nullfont!
Missing character: There is no d in font nullfont!
Missing character: There is no e in font nullfont!
Missing character: There is no n in font nullfont!
Missing character: There is no S in font nullfont!
Missing character: There is no i in font nullfont!
Missing character: There is no e in font nullfont!
Missing character: There is no a in font nullfont!
Missing character: There is no u in font nullfont!
Missing character: There is no s in font nullfont!
Missing character: There is no s in font nullfont!
Missing character: There is no c in font nullfont!
Missing character: There is no h in font nullfont!
Missing character: There is no l in font nullfont!
Missing character: There is no i in font nullfont!
Missing character: There is no e in font nullfont!
Missing character: There is no l in font nullfont!
Missing character: There is no i in font nullfont!
Missing character: There is no c in font nullfont!
Missing character: There is no h in font nullfont!
Missing character: There is no u in font nullfont!
Missing character: There is no n in font nullfont!
Missing character: There is no b in font nullfont!
Missing character: There is no e in font nullfont!
Missing character: There is no s in font nullfont!
Missing character: There is no c in font nullfont!
Missing character: There is no h in font nullfont!
Missing character: There is no d in font nullfont!
Missing character: There is no i in font nullfont!
Missing character: There is no g in font nullfont!
Missing character: There is no t in font nullfont!
Missing character: There is no e in font nullfont!
Missing character: There is no K in font nullfont!
Missing character: There is no o in font nullfont!
Missing character: There is no m in font nullfont!
Missing character: There is no p in font nullfont!
Missing character: There is no o in font nullfont!
Missing character: There is no n in font nullfont!
Missing character: There is no e in font nullfont!
Missing character: There is no n in font nullfont!
Missing character: There is no t in font nullfont!
Missing character: There is no e in font nullfont!
Missing character: There is no n in font nullfont!
Missing character: There is no . in font nullfont!
Missing character: There is no S in font nullfont!
Missing character: There is no o in font nullfont!
Missing character: There is no l in font nullfont!
Missing character: There is no l in font nullfont!
Missing character: There is no t in font nullfont!
Missing character: There is no e in font nullfont!
Missing character: There is no n in font nullfont!
Missing character: There is no S in font nullfont!
Missing character: There is no i in font nullfont!
Missing character: There is no e in font nullfont!
Missing character: There is no T in font nullfont!
Missing character: There is no r in font nullfont!
Missing character: There is no a in font nullfont!
Missing character: There is no n in font nullfont!
Missing character: There is no s in font nullfont!
Missing character: There is no p in font nullfont!
Missing character: There is no o in font nullfont!
Missing character: There is no r in font nullfont!
Missing character: There is no t in font nullfont!
Missing character: There is no s in font nullfont!
Missing character: There is no c in font nullfont!
Missing character: There is no h in font nullfont!
Missing character: There is no d in font nullfont!
Missing character: There is no e in font nullfont!
Missing character: There is no n in font nullfont!
Missing character: There is no f in font nullfont!
Missing character: There is no e in font nullfont!
Missing character: There is no s in font nullfont!
Missing character: There is no t in font nullfont!
Missing character: There is no s in font nullfont!
Missing character: There is no t in font nullfont!
Missing character: There is no e in font nullfont!
Missing character: There is no l in font nullfont!
Missing character: There is no l in font nullfont!
Missing character: There is no e in font nullfont!
Missing character: There is no n in font nullfont!
Missing character: There is no , in font nullfont!
Missing character: There is no w in font nullfont!
Missing character: There is no e in font nullfont!
Missing character: There is no n in font nullfont!
Missing character: There is no d in font nullfont!
Missing character: There is no e in font nullfont!
Missing character: There is no n in font nullfont!
Missing character: There is no S in font nullfont!
Missing character: There is no i in font nullfont!
Missing character: There is no e in font nullfont!
Missing character: There is no s in font nullfont!
Missing character: There is no i in font nullfont!
Missing character: There is no c in font nullfont!
Missing character: There is no h in font nullfont!
Missing character: There is no b in font nullfont!
Missing character: There is no i in font nullfont!
Missing character: There is no t in font nullfont!
Missing character: There is no t in font nullfont!
Missing character: There is no e in font nullfont!
Missing character: There is no v in font nullfont!
Missing character: There is no o in font nullfont!
Missing character: There is no r in font nullfont!
Missing character: There is no d in font nullfont!
Missing character: There is no e in font nullfont!
Missing character: There is no m in font nullfont!
Missing character: There is no A in font nullfont!
Missing character: There is no u in font nullfont!
Missing character: There is no f in font nullfont!
Missing character: There is no b in font nullfont!
Missing character: There is no a in font nullfont!
Missing character: There is no u in font nullfont!
Missing character: There is no a in font nullfont!
Missing character: There is no n in font nullfont!
Missing character: There is no d in font nullfont!
Missing character: There is no e in font nullfont!
Missing character: There is no n in font nullfont!
Missing character: There is no K in font nullfont!
Missing character: There is no u in font nullfont!
Missing character: There is no n in font nullfont!
Missing character: There is no d in font nullfont!
Missing character: There is no e in font nullfont!
Missing character: There is no n in font nullfont!
Missing character: There is no d in font nullfont!
Missing character: There is no i in font nullfont!
Missing character: There is no e in font nullfont!
Missing character: There is no n in font nullfont!
Missing character: There is no s in font nullfont!
Missing character: There is no t in font nullfont!
Missing character: There is no . in font nullfont!
Missing character: There is no B in font nullfont!
Missing character: There is no i in font nullfont!
Missing character: There is no t in font nullfont!
Missing character: There is no t in font nullfont!
Missing character: There is no e in font nullfont!
Missing character: There is no l in font nullfont!
Missing character: There is no e in font nullfont!
Missing character: There is no s in font nullfont!
Missing character: There is no e in font nullfont!
Missing character: There is no n in font nullfont!
Missing character: There is no S in font nullfont!
Missing character: There is no i in font nullfont!
Missing character: There is no e in font nullfont!
Missing character: There is no v in font nullfont!
Missing character: There is no o in font nullfont!
Missing character: There is no r in font nullfont!
Missing character: There is no d in font nullfont!
Missing character: There is no e in font nullfont!
Missing character: There is no r in font nullfont!
Missing character: There is no M in font nullfont!
Missing character: There is no o in font nullfont!
Missing character: There is no n in font nullfont!
Missing character: There is no t in font nullfont!
Missing character: There is no a in font nullfont!
Missing character: There is no g in font nullfont!
Missing character: There is no e in font nullfont!
Missing character: There is no z in font nullfont!
Missing character: There is no u in font nullfont!
Missing character: There is no e in font nullfont!
Missing character: There is no r in font nullfont!
Missing character: There is no s in font nullfont!
Missing character: There is no t in font nullfont!
Missing character: There is no d in font nullfont!
Missing character: There is no a in font nullfont!
Missing character: There is no s in font nullfont!
Missing character: There is no H in font nullfont!
Missing character: There is no a in font nullfont!
Missing character: There is no n in font nullfont!
Missing character: There is no d in font nullfont!
Missing character: There is no b in font nullfont!
Missing character: There is no u in font nullfont!
Missing character: There is no c in font nullfont!
Missing character: There is no h in font nullfont!
Missing character: There is no d in font nullfont!
Missing character: There is no e in font nullfont!
Missing character: There is no s in font nullfont!
Missing character: There is no S in font nullfont!
Missing character: There is no c in font nullfont!
Missing character: There is no h in font nullfont!
Missing character: There is no r in font nullfont!
Missing character: There is no i in font nullfont!
Missing character: There is no t in font nullfont!
Missing character: There is no t in font nullfont!
Missing character: There is no m in font nullfont!
Missing character: There is no o in font nullfont!
Missing character: There is no t in font nullfont!
Missing character: There is no o in font nullfont!
Missing character: There is no r in font nullfont!
Missing character: There is no D in font nullfont!
Missing character: There is no e in font nullfont!
Missing character: There is no m in font nullfont!
Missing character: There is no o in font nullfont!
Missing character: There is no n in font nullfont!
Missing character: There is no s in font nullfont!
Missing character: There is no t in font nullfont!
Missing character: There is no r in font nullfont!
Missing character: There is no a in font nullfont!
Missing character: There is no t in font nullfont!
Missing character: There is no o in font nullfont!
Missing character: There is no r in font nullfont!
Missing character: There is no s in font nullfont!
Missing character: There is no s in font nullfont!
Missing character: There is no o in font nullfont!
Missing character: There is no r in font nullfont!
Missing character: There is no g in font nullfont!
Missing character: There is no f in font nullfont!
Missing character: There is no l in font nullfont!
Missing character: There is no t in font nullfont!
Missing character: There is no i in font nullfont!
Missing character: There is no g in font nullfont!
Missing character: There is no d in font nullfont!
Missing character: There is no u in font nullfont!
Missing character: There is no r in font nullfont!
Missing character: There is no c in font nullfont!
Missing character: There is no h in font nullfont!
Missing character: There is no . in font nullfont!
LaTeX Font Info:    External font `cmex10' loaded for size
(Font)              <7> on input line 22.
LaTeX Font Info:    External font `cmex10' loaded for size
(Font)              <5> on input line 22.

Overfull \hbox (4122.79997pt too wide) in paragraph at lines 22--23
[][] 
 []

! Undefined control sequence.
l.25 \section
             {Bauteile}
The control sequence at the end of the top line
of your error message was never \def'ed. If you have
misspelled it (e.g., `\hobx'), type `I' and the correct
spelling (e.g., `I\hbox'). Otherwise just continue,
and I'll forget about whatever was undefined.


! LaTeX Error: Missing \begin{document}.

See the LaTeX manual or LaTeX Companion for explanation.
Type  H <return>  for immediate help.
 ...                                              
                                                  
l.25 \section{B
               auteile}
You're in trouble here.  Try typing  <return>  to proceed.
If that doesn't work, type  X <return>  to quit.

Missing character: There is no B in font nullfont!
Missing character: There is no a in font nullfont!
Missing character: There is no u in font nullfont!
Missing character: There is no t in font nullfont!
Missing character: There is no e in font nullfont!
Missing character: There is no i in font nullfont!
Missing character: There is no l in font nullfont!
Missing character: There is no e in font nullfont!

Overfull \hbox (20.0pt too wide) in paragraph at lines 25--26
[] 
 []


! LaTeX Error: Missing \begin{document}.

See the LaTeX manual or LaTeX Companion for explanation.
Type  H <return>  for immediate help.
 ...                                              
                                                  
l.27 I
      n Abbildung \ref{Bauteile} werden alle Bauteile gezeigt und in der Tab...

You're in trouble here.  Try typing  <return>  to proceed.
If that doesn't work, type  X <return>  to quit.

Missing character: There is no I in font nullfont!
Missing character: There is no n in font nullfont!
Missing character: There is no A in font nullfont!
Missing character: There is no b in font nullfont!
Missing character: There is no b in font nullfont!
Missing character: There is no i in font nullfont!
Missing character: There is no l in font nullfont!
Missing character: There is no d in font nullfont!
Missing character: There is no u in font nullfont!
Missing character: There is no n in font nullfont!
Missing character: There is no g in font nullfont!
! Undefined control sequence.
<write> ... Reference `Bauteile' on page \thepage 
                                                  \space undefined\on@line .
l.27 In Abbildung \ref{Bauteile}
                                 werden alle Bauteile gezeigt und in der Tab...
The control sequence at the end of the top line
of your error message was never \def'ed. If you have
misspelled it (e.g., `\hobx'), type `I' and the correct
spelling (e.g., `I\hbox'). Otherwise just continue,
and I'll forget about whatever was undefined.


LaTeX Warning: Reference `Bauteile' on page  undefined on input line 27.

Missing character: There is no w in font nullfont!
Missing character: There is no e in font nullfont!
Missing character: There is no r in font nullfont!
Missing character: There is no d in font nullfont!
Missing character: There is no e in font nullfont!
Missing character: There is no n in font nullfont!
Missing character: There is no a in font nullfont!
Missing character: There is no l in font nullfont!
Missing character: There is no l in font nullfont!
Missing character: There is no e in font nullfont!
Missing character: There is no B in font nullfont!
Missing character: There is no a in font nullfont!
Missing character: There is no u in font nullfont!
Missing character: There is no t in font nullfont!
Missing character: There is no e in font nullfont!
Missing character: There is no i in font nullfont!
Missing character: There is no l in font nullfont!
Missing character: There is no e in font nullfont!
Missing character: There is no g in font nullfont!
Missing character: There is no e in font nullfont!
Missing character: There is no z in font nullfont!
Missing character: There is no e in font nullfont!
Missing character: There is no i in font nullfont!
Missing character: There is no g in font nullfont!
Missing character: There is no t in font nullfont!
Missing character: There is no u in font nullfont!
Missing character: There is no n in font nullfont!
Missing character: There is no d in font nullfont!
Missing character: There is no i in font nullfont!
Missing character: There is no n in font nullfont!
Missing character: There is no d in font nullfont!
Missing character: There is no e in font nullfont!
Missing character: There is no r in font nullfont!
Missing character: There is no T in font nullfont!
Missing character: There is no a in font nullfont!
Missing character: There is no b in font nullfont!
Missing character: There is no e in font nullfont!
Missing character: There is no l in font nullfont!
Missing character: There is no l in font nullfont!
Missing character: There is no e in font nullfont!
! Undefined control sequence.
<write> ...g: Reference `BauTab' on page \thepage 
                                                  \space undefined\on@line .
l.27 ...le gezeigt und in der Tabelle \ref{BauTab}
                                                   benannt.
The control sequence at the end of the top line
of your error message was never \def'ed. If you have
misspelled it (e.g., `\hobx'), type `I' and the correct
spelling (e.g., `I\hbox'). Otherwise just continue,
and I'll forget about whatever was undefined.


LaTeX Warning: Reference `BauTab' on page  undefined on input line 27.

Missing character: There is no b in font nullfont!
Missing character: There is no e in font nullfont!
Missing character: There is no n in font nullfont!
Missing character: There is no a in font nullfont!
Missing character: There is no n in font nullfont!
Missing character: There is no n in font nullfont!
Missing character: There is no t in font nullfont!
Missing character: There is no . in font nullfont!

Overfull \hbox (20.0pt too wide) in paragraph at lines 27--28
[]
 []


Overfull \hbox (10.86105pt too wide) in paragraph at lines 27--28
[]
 []


Overfull \hbox (10.86105pt too wide) in paragraph at lines 27--28
[]
 []


! LaTeX Error: Environment figure undefined.

See the LaTeX manual or LaTeX Companion for explanation.
Type  H <return>  for immediate help.
 ...                                              
                                                  
l.29 \begin{figure}
                   [H]
Your command was ignored.
Type  I <command> <return>  to replace it with another command,
or  <return>  to continue without it.


! LaTeX Error: Missing \begin{document}.

See the LaTeX manual or LaTeX Companion for explanation.
Type  H <return>  for immediate help.
 ...                                              
                                                  
l.29 \begin{figure}[
                    H]
You're in trouble here.  Try typing  <return>  to proceed.
If that doesn't work, type  X <return>  to quit.

Missing character: There is no [ in font nullfont!
Missing character: There is no H in font nullfont!
Missing character: There is no ] in font nullfont!

Overfull \hbox (20.0pt too wide) in paragraph at lines 29--30
[] 
 []

! Undefined control sequence.
l.31 		\includegraphics
                       [width=\textwidth]{Images/BauTeile.jpg}
The control sequence at the end of the top line
of your error message was never \def'ed. If you have
misspelled it (e.g., `\hobx'), type `I' and the correct
spelling (e.g., `I\hbox'). Otherwise just continue,
and I'll forget about whatever was undefined.

Missing character: There is no [ in font nullfont!
Missing character: There is no w in font nullfont!
Missing character: There is no i in font nullfont!
Missing character: There is no d in font nullfont!
Missing character: There is no t in font nullfont!
Missing character: There is no h in font nullfont!
Missing character: There is no = in font nullfont!
! Missing number, treated as zero.
<to be read again> 
                   ]
l.31 		\includegraphics[width=\textwidth]
                                         {Images/BauTeile.jpg}
A number should have been here; I inserted `0'.
(If you can't figure out why I needed to see a number,
look up `weird error' in the index to The TeXbook.)

! Illegal unit of measure (pt inserted).
<to be read again> 
                   ]
l.31 		\includegraphics[width=\textwidth]
                                         {Images/BauTeile.jpg}
Dimensions can be in units of em, ex, in, pt, pc,
cm, mm, dd, cc, nd, nc, bp, or sp; but yours is a new one!
I'll assume that you meant to say pt, for printer's points.
To recover gracefully from this error, it's best to
delete the erroneous units; e.g., type `2' to delete
two letters. (See Chapter 27 of The TeXbook.)

Missing character: There is no ] in font nullfont!
Missing character: There is no I in font nullfont!
Missing character: There is no m in font nullfont!
Missing character: There is no a in font nullfont!
Missing character: There is no g in font nullfont!
Missing character: There is no e in font nullfont!
Missing character: There is no s in font nullfont!
Missing character: There is no / in font nullfont!
Missing character: There is no B in font nullfont!
Missing character: There is no a in font nullfont!
Missing character: There is no u in font nullfont!
Missing character: There is no T in font nullfont!
Missing character: There is no e in font nullfont!
Missing character: There is no i in font nullfont!
Missing character: There is no l in font nullfont!
Missing character: There is no e in font nullfont!
Missing character: There is no . in font nullfont!
Missing character: There is no j in font nullfont!
Missing character: There is no p in font nullfont!
Missing character: There is no g in font nullfont!

! LaTeX Error: \caption outside float.

See the LaTeX manual or LaTeX Companion for explanation.
Type  H <return>  for immediate help.
 ...                                              
                                                  
l.32 		\caption
               {Bauteile} \label{Bauteile}
You're in trouble here.  Try typing  <return>  to proceed.
If that doesn't work, type  X <return>  to quit.

Missing character: There is no B in font nullfont!
Missing character: There is no a in font nullfont!
Missing character: There is no u in font nullfont!
Missing character: There is no t in font nullfont!
Missing character: There is no e in font nullfont!
Missing character: There is no i in font nullfont!
Missing character: There is no l in font nullfont!
Missing character: There is no e in font nullfont!

! LaTeX Error: \begin{document} ended by \end{figure}.

See the LaTeX manual or LaTeX Companion for explanation.
Type  H <return>  for immediate help.
 ...                                              
                                                  
l.34 \end{figure}
                 
Your command was ignored.
Type  I <command> <return>  to replace it with another command,
or  <return>  to continue without it.


! LaTeX Error: Environment figure undefined.

See the LaTeX manual or LaTeX Companion for explanation.
Type  H <return>  for immediate help.
 ...                                              
                                                  
l.36 \begin{figure}
                   [htp]
Your command was ignored.
Type  I <command> <return>  to replace it with another command,
or  <return>  to continue without it.

Missing character: There is no [ in font nullfont!
Missing character: There is no h in font nullfont!
Missing character: There is no t in font nullfont!
Missing character: There is no p in font nullfont!
Missing character: There is no ] in font nullfont!

Overfull \hbox (20.0pt too wide) in paragraph at lines 36--37
[] 
 []


! LaTeX Error: Environment tabularx undefined.

See the LaTeX manual or LaTeX Companion for explanation.
Type  H <return>  for immediate help.
 ...                                              
                                                  
l.39 		\begin{tabularx}
                       {\textwidth}{|p{0.4cm}|X|X|X|X|X|}
Your command was ignored.
Type  I <command> <return>  to replace it with another command,
or  <return>  to continue without it.

! Missing number, treated as zero.
<to be read again> 
                   }
l.39 		\begin{tabularx}{\textwidth}
                                   {|p{0.4cm}|X|X|X|X|X|}
A number should have been here; I inserted `0'.
(If you can't figure out why I needed to see a number,
look up `weird error' in the index to The TeXbook.)

! Illegal unit of measure (pt inserted).
<to be read again> 
                   }
l.39 		\begin{tabularx}{\textwidth}
                                   {|p{0.4cm}|X|X|X|X|X|}
Dimensions can be in units of em, ex, in, pt, pc,
cm, mm, dd, cc, nd, nc, bp, or sp; but yours is a new one!
I'll assume that you meant to say pt, for printer's points.
To recover gracefully from this error, it's best to
delete the erroneous units; e.g., type `2' to delete
two letters. (See Chapter 27 of The TeXbook.)

! Misplaced \noalign.
\hline ->\noalign 
                  {\ifnum 0=`}\fi \hrule \@height \arrayrulewidth \futurelet...
l.40 			\hline
              
I expect to see \noalign only after the \cr of
an alignment. Proceed, and I'll ignore this case.


Overfull \hbox (117.77948pt too wide) in paragraph at lines 39--40
 \OT1/cmr/m/n/8 |p0.4cm|X|X|X|X|X| 
 []

! Misplaced alignment tab character &.
l.41 			\textbf{Pos.} &
                         \textbf{Benennung} \\ \hline
I can't figure out why you would want to use a tab mark
here. If you just want an ampersand, the remedy is
simple: Just type `I\&' now. But if some right brace
up above has ended a previous alignment prematurely,
you're probably due for more error messages, and you
might try typing `S' now just to see what is salvageable.


Overfull \hbox (17.89902pt too wide) in paragraph at lines 41--41
 []\OT1/cmr/bx/n/8 Pos. 
 []


Overfull \hbox (14.71123pt too wide) in paragraph at lines 41--41
 \OT1/cmr/bx/n/8 Be- 
 []


Overfull \hbox (18.64459pt too wide) in paragraph at lines 41--41
 \OT1/cmr/bx/n/8 nen- 
 []


Overfull \hbox (21.09738pt too wide) in paragraph at lines 41--41
 \OT1/cmr/bx/n/8 nung 
 []

! Misplaced \noalign.
\hline ->\noalign 
                  {\ifnum 0=`}\fi \hrule \@height \arrayrulewidth \futurelet...
l.41 ...xtbf{Pos.} &  \textbf{Benennung} \\ \hline
                                                  
I expect to see \noalign only after the \cr of
an alignment. Proceed, and I'll ignore this case.

! Misplaced alignment tab character &.
l.42 			1 &
            AluProfil   \\ \hline
I can't figure out why you would want to use a tab mark
here. If you just want an ampersand, the remedy is
simple: Just type `I\&' now. But if some right brace
up above has ended a previous alignment prematurely,
you're probably due for more error messages, and you
might try typing `S' now just to see what is salvageable.


Overfull \hbox (4.25006pt too wide) in paragraph at lines 42--42
 []\OT1/cmr/m/n/8 1 
 []


Overfull \hbox (29.62682pt too wide) in paragraph at lines 42--42
 \OT1/cmr/m/n/8 AluPro- 
 []


Overfull \hbox (7.08344pt too wide) in paragraph at lines 42--42
 \OT1/cmr/m/n/8 fil 
 []

! Misplaced \noalign.
\hline ->\noalign 
                  {\ifnum 0=`}\fi \hrule \@height \arrayrulewidth \futurelet...
l.42 			1 & AluProfil   \\ \hline
                                 
I expect to see \noalign only after the \cr of
an alignment. Proceed, and I'll ignore this case.

! Misplaced alignment tab character &.
l.43 			2 &
            Linieal   \\ \hline
I can't figure out why you would want to use a tab mark
here. If you just want an ampersand, the remedy is
simple: Just type `I\&' now. But if some right brace
up above has ended a previous alignment prematurely,
you're probably due for more error messages, and you
might try typing `S' now just to see what is salvageable.


Overfull \hbox (4.25006pt too wide) in paragraph at lines 43--43
 []\OT1/cmr/m/n/8 2 
 []


Overfull \hbox (15.22522pt too wide) in paragraph at lines 43--43
 \OT1/cmr/m/n/8 Lin- 
 []


Overfull \hbox (12.75018pt too wide) in paragraph at lines 43--43
 \OT1/cmr/m/n/8 ieal 
 []

! Misplaced \noalign.
\hline ->\noalign 
                  {\ifnum 0=`}\fi \hrule \@height \arrayrulewidth \futurelet...
l.43 			2 & Linieal   \\ \hline
                               
I expect to see \noalign only after the \cr of
an alignment. Proceed, and I'll ignore this case.

! Misplaced alignment tab character &.
l.44 			3 &
            Deckelplatte   \\ \hline
I can't figure out why you would want to use a tab mark
here. If you just want an ampersand, the remedy is
simple: Just type `I\&' now. But if some right brace
up above has ended a previous alignment prematurely,
you're probably due for more error messages, and you
might try typing `S' now just to see what is salvageable.


Overfull \hbox (4.25006pt too wide) in paragraph at lines 44--44
 []\OT1/cmr/m/n/8 3 
 []


Overfull \hbox (21.12808pt too wide) in paragraph at lines 44--44
 \OT1/cmr/m/n/8 Deck- 
 []


Overfull \hbox (27.86151pt too wide) in paragraph at lines 44--44
 \OT1/cmr/m/n/8 elplatte 
 []

! Misplaced \noalign.
\hline ->\noalign 
                  {\ifnum 0=`}\fi \hrule \@height \arrayrulewidth \futurelet...
l.44 			3 & Deckelplatte   \\ \hline
                                    
I expect to see \noalign only after the \cr of
an alignment. Proceed, and I'll ignore this case.

! Misplaced alignment tab character &.
l.45 			4 &
            Hinterplatte   \\ \hline
I can't figure out why you would want to use a tab mark
here. If you just want an ampersand, the remedy is
simple: Just type `I\&' now. But if some right brace
up above has ended a previous alignment prematurely,
you're probably due for more error messages, and you
might try typing `S' now just to see what is salvageable.


Overfull \hbox (4.25006pt too wide) in paragraph at lines 45--45
 []\OT1/cmr/m/n/8 4 
 []


Overfull \hbox (16.28357pt too wide) in paragraph at lines 45--45
 \OT1/cmr/m/n/8 Hin- 
 []


Overfull \hbox (13.22935pt too wide) in paragraph at lines 45--45
 \OT1/cmr/m/n/8 ter- 
 []


Overfull \hbox (21.72253pt too wide) in paragraph at lines 45--45
 \OT1/cmr/m/n/8 platte 
 []

! Misplaced \noalign.
\hline ->\noalign 
                  {\ifnum 0=`}\fi \hrule \@height \arrayrulewidth \futurelet...
l.45 			4 & Hinterplatte   \\ \hline
                                    
I expect to see \noalign only after the \cr of
an alignment. Proceed, and I'll ignore this case.

! Misplaced alignment tab character &.
l.46 			5 &
            Bodenplatte   \\ \hline
I can't figure out why you would want to use a tab mark
here. If you just want an ampersand, the remedy is
simple: Just type `I\&' now. But if some right brace
up above has ended a previous alignment prematurely,
you're probably due for more error messages, and you
might try typing `S' now just to see what is salvageable.


Overfull \hbox (4.25006pt too wide) in paragraph at lines 46--46
 []\OT1/cmr/m/n/8 5 
 []


Overfull \hbox (13.10019pt too wide) in paragraph at lines 46--46
 \OT1/cmr/m/n/8 Bo- 
 []


Overfull \hbox (16.05579pt too wide) in paragraph at lines 46--46
 \OT1/cmr/m/n/8 den- 
 []


Overfull \hbox (21.72253pt too wide) in paragraph at lines 46--46
 \OT1/cmr/m/n/8 platte 
 []

! Misplaced \noalign.
\hline ->\noalign 
                  {\ifnum 0=`}\fi \hrule \@height \arrayrulewidth \futurelet...
l.46 			5 & Bodenplatte   \\ \hline
                                   
I expect to see \noalign only after the \cr of
an alignment. Proceed, and I'll ignore this case.

! Misplaced alignment tab character &.
l.47 			6 &
            Seitenplatte Links \\ \hline
I can't figure out why you would want to use a tab mark
here. If you just want an ampersand, the remedy is
simple: Just type `I\&' now. But if some right brace
up above has ended a previous alignment prematurely,
you're probably due for more error messages, and you
might try typing `S' now just to see what is salvageable.


Overfull \hbox (4.25006pt too wide) in paragraph at lines 47--47
 []\OT1/cmr/m/n/8 6 
 []


Overfull \hbox (17.00024pt too wide) in paragraph at lines 47--47
 \OT1/cmr/m/n/8 Seit- 
 []


Overfull \hbox (11.3335pt too wide) in paragraph at lines 47--47
 \OT1/cmr/m/n/8 en- 
 []


Overfull \hbox (21.72253pt too wide) in paragraph at lines 47--47
 \OT1/cmr/m/n/8 platte 
 []


Overfull \hbox (20.23085pt too wide) in paragraph at lines 47--47
 \OT1/cmr/m/n/8 Links 
 []

! Misplaced \noalign.
\hline ->\noalign 
                  {\ifnum 0=`}\fi \hrule \@height \arrayrulewidth \futurelet...
l.47 			6 & Seitenplatte Links \\ \hline
                                        
I expect to see \noalign only after the \cr of
an alignment. Proceed, and I'll ignore this case.

! Misplaced alignment tab character &.
l.48 			7 &
            Seitenplatte Rechts  \\ \hline
I can't figure out why you would want to use a tab mark
here. If you just want an ampersand, the remedy is
simple: Just type `I\&' now. But if some right brace
up above has ended a previous alignment prematurely,
you're probably due for more error messages, and you
might try typing `S' now just to see what is salvageable.


Overfull \hbox (4.25006pt too wide) in paragraph at lines 48--48
 []\OT1/cmr/m/n/8 7 
 []


Overfull \hbox (17.00024pt too wide) in paragraph at lines 48--48
 \OT1/cmr/m/n/8 Seit- 
 []


Overfull \hbox (11.3335pt too wide) in paragraph at lines 48--48
 \OT1/cmr/m/n/8 en- 
 []


Overfull \hbox (21.72253pt too wide) in paragraph at lines 48--48
 \OT1/cmr/m/n/8 platte 
 []


Overfull \hbox (24.71703pt too wide) in paragraph at lines 48--48
 \OT1/cmr/m/n/8 Rechts 
 []

! Misplaced \noalign.
\hline ->\noalign 
                  {\ifnum 0=`}\fi \hrule \@height \arrayrulewidth \futurelet...
l.48 			7 & Seitenplatte Rechts  \\ \hline
                                          
I expect to see \noalign only after the \cr of
an alignment. Proceed, and I'll ignore this case.

! Misplaced alignment tab character &.
l.49 			8 &
            Vorderplatte  \\ \hline
I can't figure out why you would want to use a tab mark
here. If you just want an ampersand, the remedy is
simple: Just type `I\&' now. But if some right brace
up above has ended a previous alignment prematurely,
you're probably due for more error messages, and you
might try typing `S' now just to see what is salvageable.


Overfull \hbox (4.25006pt too wide) in paragraph at lines 49--49
 []\OT1/cmr/m/n/8 8 
 []


Overfull \hbox (27.86707pt too wide) in paragraph at lines 49--49
 \OT1/cmr/m/n/8 Vorder- 
 []


Overfull \hbox (21.72253pt too wide) in paragraph at lines 49--49
 \OT1/cmr/m/n/8 platte 
 []

! Misplaced \noalign.
\hline ->\noalign 
                  {\ifnum 0=`}\fi \hrule \@height \arrayrulewidth \futurelet...
l.49 			8 & Vorderplatte  \\ \hline
                                   
I expect to see \noalign only after the \cr of
an alignment. Proceed, and I'll ignore this case.

! Misplaced alignment tab character &.
l.50 			9 &
            Klipp  \\ \hline
I can't figure out why you would want to use a tab mark
here. If you just want an ampersand, the remedy is
simple: Just type `I\&' now. But if some right brace
up above has ended a previous alignment prematurely,
you're probably due for more error messages, and you
might try typing `S' now just to see what is salvageable.


Overfull \hbox (4.25006pt too wide) in paragraph at lines 50--50
 []\OT1/cmr/m/n/8 9 
 []


Overfull \hbox (20.76974pt too wide) in paragraph at lines 50--50
 \OT1/cmr/m/n/8 Klipp 
 []

! Misplaced \noalign.
\hline ->\noalign 
                  {\ifnum 0=`}\fi \hrule \@height \arrayrulewidth \futurelet...
l.50 			9 & Klipp  \\ \hline
                            
I expect to see \noalign only after the \cr of
an alignment. Proceed, and I'll ignore this case.

! Misplaced alignment tab character &.
l.51 			10 &
             Halter für AMS  \\ \hline
I can't figure out why you would want to use a tab mark
here. If you just want an ampersand, the remedy is
simple: Just type `I\&' now. But if some right brace
up above has ended a previous alignment prematurely,
you're probably due for more error messages, and you
might try typing `S' now just to see what is salvageable.


Overfull \hbox (8.50012pt too wide) in paragraph at lines 51--51
 []\OT1/cmr/m/n/8 10 
 []


Overfull \hbox (15.81134pt too wide) in paragraph at lines 51--51
 \OT1/cmr/m/n/8 Hal- 
 []


Overfull \hbox (10.39598pt too wide) in paragraph at lines 51--51
 \OT1/cmr/m/n/8 ter 
 []


Overfull \hbox (10.6321pt too wide) in paragraph at lines 51--51
 \OT1/cmr/m/n/8 f^^?ur 
 []


Overfull \hbox (18.8725pt too wide) in paragraph at lines 51--51
 \OT1/cmr/m/n/8 AMS 
 []

! Misplaced \noalign.
\hline ->\noalign 
                  {\ifnum 0=`}\fi \hrule \@height \arrayrulewidth \futurelet...
l.51 			10 & Halter für AMS  \\ \hline
                                       
I expect to see \noalign only after the \cr of
an alignment. Proceed, and I'll ignore this case.

! Misplaced alignment tab character &.
l.52 			11 &
             Drehknopf  \\ \hline
I can't figure out why you would want to use a tab mark
here. If you just want an ampersand, the remedy is
simple: Just type `I\&' now. But if some right brace
up above has ended a previous alignment prematurely,
you're probably due for more error messages, and you
might try typing `S' now just to see what is salvageable.


Overfull \hbox (8.50012pt too wide) in paragraph at lines 52--52
 []\OT1/cmr/m/n/8 11 
 []


Overfull \hbox (39.07973pt too wide) in paragraph at lines 52--52
 \OT1/cmr/m/n/8 Drehknopf 
 []

! Misplaced \noalign.
\hline ->\noalign 
                  {\ifnum 0=`}\fi \hrule \@height \arrayrulewidth \futurelet...
l.52 			11 & Drehknopf  \\ \hline
                                 
I expect to see \noalign only after the \cr of
an alignment. Proceed, and I'll ignore this case.

! Misplaced alignment tab character &.
l.53 			12 &
             Transportgriff  \\ \hline
I can't figure out why you would want to use a tab mark
here. If you just want an ampersand, the remedy is
simple: Just type `I\&' now. But if some right brace
up above has ended a previous alignment prematurely,
you're probably due for more error messages, and you
might try typing `S' now just to see what is salvageable.


Overfull \hbox (8.50012pt too wide) in paragraph at lines 53--53
 []\OT1/cmr/m/n/8 12 
 []


Overfull \hbox (23.90173pt too wide) in paragraph at lines 53--53
 \OT1/cmr/m/n/8 Trans- 
 []


Overfull \hbox (18.65999pt too wide) in paragraph at lines 53--53
 \OT1/cmr/m/n/8 port- 
 []


Overfull \hbox (14.88216pt too wide) in paragraph at lines 53--53
 \OT1/cmr/m/n/8 griff 
 []

! Misplaced \noalign.
\hline ->\noalign 
                  {\ifnum 0=`}\fi \hrule \@height \arrayrulewidth \futurelet...
l.53 			12 & Transportgriff  \\ \hline
                                      
I expect to see \noalign only after the \cr of
an alignment. Proceed, and I'll ignore this case.

! Misplaced alignment tab character &.
l.54 			13 &
             Riemenantriebsscheibe  \\ \hline
I can't figure out why you would want to use a tab mark
here. If you just want an ampersand, the remedy is
simple: Just type `I\&' now. But if some right brace
up above has ended a previous alignment prematurely,
you're probably due for more error messages, and you
might try typing `S' now just to see what is salvageable.


Overfull \hbox (8.50012pt too wide) in paragraph at lines 54--54
 []\OT1/cmr/m/n/8 13 
 []


Overfull \hbox (57.02443pt too wide) in paragraph at lines 54--54
 \OT1/cmr/m/n/8 Riemenantrieb- 
 []


Overfull \hbox (9.53903pt too wide) in paragraph at lines 54--54
 \OT1/cmr/m/n/8 ss- 
 []


Overfull \hbox (23.13922pt too wide) in paragraph at lines 54--54
 \OT1/cmr/m/n/8 cheibe 
 []

! Misplaced \noalign.
\hline ->\noalign 
                  {\ifnum 0=`}\fi \hrule \@height \arrayrulewidth \futurelet...
l.54 			13 & Riemenantriebsscheibe  \\ \hline
                                             
I expect to see \noalign only after the \cr of
an alignment. Proceed, and I'll ignore this case.

! Misplaced alignment tab character &.
l.55 			14 &
             Riemen  \\ \hline
I can't figure out why you would want to use a tab mark
here. If you just want an ampersand, the remedy is
simple: Just type `I\&' now. But if some right brace
up above has ended a previous alignment prematurely,
you're probably due for more error messages, and you
might try typing `S' now just to see what is salvageable.


Overfull \hbox (8.50012pt too wide) in paragraph at lines 55--55
 []\OT1/cmr/m/n/8 14 
 []


Overfull \hbox (27.9754pt too wide) in paragraph at lines 55--55
 \OT1/cmr/m/n/8 Riemen 
 []

! Misplaced \noalign.
\hline ->\noalign 
                  {\ifnum 0=`}\fi \hrule \@height \arrayrulewidth \futurelet...
l.55 			14 & Riemen  \\ \hline
                              
I expect to see \noalign only after the \cr of
an alignment. Proceed, and I'll ignore this case.

! Misplaced alignment tab character &.
l.56 			15 &
             Welle  \\ \hline
I can't figure out why you would want to use a tab mark
here. If you just want an ampersand, the remedy is
simple: Just type `I\&' now. But if some right brace
up above has ended a previous alignment prematurely,
you're probably due for more error messages, and you
might try typing `S' now just to see what is salvageable.


Overfull \hbox (8.50012pt too wide) in paragraph at lines 56--56
 []\OT1/cmr/m/n/8 15 
 []


Overfull \hbox (20.29752pt too wide) in paragraph at lines 56--56
 \OT1/cmr/m/n/8 Welle 
 []

! Misplaced \noalign.
\hline ->\noalign 
                  {\ifnum 0=`}\fi \hrule \@height \arrayrulewidth \futurelet...
l.56 			15 & Welle  \\ \hline
                             
I expect to see \noalign only after the \cr of
an alignment. Proceed, and I'll ignore this case.

! Misplaced alignment tab character &.
l.57 			16 &
             Riemenscheibe  \\ \hline
I can't figure out why you would want to use a tab mark
here. If you just want an ampersand, the remedy is
simple: Just type `I\&' now. But if some right brace
up above has ended a previous alignment prematurely,
you're probably due for more error messages, and you
might try typing `S' now just to see what is salvageable.


Overfull \hbox (8.50012pt too wide) in paragraph at lines 57--57
 []\OT1/cmr/m/n/8 16 
 []


Overfull \hbox (30.80878pt too wide) in paragraph at lines 57--57
 \OT1/cmr/m/n/8 Riemen- 
 []


Overfull \hbox (26.49205pt too wide) in paragraph at lines 57--57
 \OT1/cmr/m/n/8 scheibe 
 []

! Misplaced \noalign.
\hline ->\noalign 
                  {\ifnum 0=`}\fi \hrule \@height \arrayrulewidth \futurelet...
l.57 			16 & Riemenscheibe  \\ \hline
                                     
I expect to see \noalign only after the \cr of
an alignment. Proceed, and I'll ignore this case.

! Misplaced alignment tab character &.
l.58 			17 &
             Halterung für die Welle  \\ \hline
I can't figure out why you would want to use a tab mark
here. If you just want an ampersand, the remedy is
simple: Just type `I\&' now. But if some right brace
up above has ended a previous alignment prematurely,
you're probably due for more error messages, and you
might try typing `S' now just to see what is salvageable.


Overfull \hbox (8.50012pt too wide) in paragraph at lines 58--58
 []\OT1/cmr/m/n/8 17 
 []


Overfull \hbox (15.81134pt too wide) in paragraph at lines 58--58
 \OT1/cmr/m/n/8 Hal- 
 []


Overfull \hbox (24.09062pt too wide) in paragraph at lines 58--58
 \OT1/cmr/m/n/8 terung 
 []


Overfull \hbox (10.6321pt too wide) in paragraph at lines 58--58
 \OT1/cmr/m/n/8 f^^?ur 
 []


Overfull \hbox (10.86127pt too wide) in paragraph at lines 58--58
 \OT1/cmr/m/n/8 die 
 []


Overfull \hbox (20.29752pt too wide) in paragraph at lines 58--58
 \OT1/cmr/m/n/8 Welle 
 []

! Misplaced \noalign.
\hline ->\noalign 
                  {\ifnum 0=`}\fi \hrule \@height \arrayrulewidth \futurelet...
l.58 			17 & Halterung für die Welle  \\ \hline
                                                
I expect to see \noalign only after the \cr of
an alignment. Proceed, and I'll ignore this case.

! Misplaced alignment tab character &.
l.59 			18 &
             Liniearführung  \\ \hline
I can't figure out why you would want to use a tab mark
here. If you just want an ampersand, the remedy is
simple: Just type `I\&' now. But if some right brace
up above has ended a previous alignment prematurely,
you're probably due for more error messages, and you
might try typing `S' now just to see what is salvageable.


Overfull \hbox (8.50012pt too wide) in paragraph at lines 59--59
 []\OT1/cmr/m/n/8 18 
 []


Overfull \hbox (15.22522pt too wide) in paragraph at lines 59--59
 \OT1/cmr/m/n/8 Lin- 
 []


Overfull \hbox (42.75061pt too wide) in paragraph at lines 59--59
 \OT1/cmr/m/n/8 iearf^^?uhrung 
 []

! Misplaced \noalign.
\hline ->\noalign 
                  {\ifnum 0=`}\fi \hrule \@height \arrayrulewidth \futurelet...
l.59 			18 & Liniearführung  \\ \hline
                                       
I expect to see \noalign only after the \cr of
an alignment. Proceed, and I'll ignore this case.

! Misplaced alignment tab character &.
l.60 			19 &
             Anzeiger  \\ \hline
I can't figure out why you would want to use a tab mark
here. If you just want an ampersand, the remedy is
simple: Just type `I\&' now. But if some right brace
up above has ended a previous alignment prematurely,
you're probably due for more error messages, and you
might try typing `S' now just to see what is salvageable.


Overfull \hbox (8.50012pt too wide) in paragraph at lines 60--60
 []\OT1/cmr/m/n/8 19 
 []


Overfull \hbox (32.3463pt too wide) in paragraph at lines 60--60
 \OT1/cmr/m/n/8 Anzeiger 
 []

! Misplaced \noalign.
\hline ->\noalign 
                  {\ifnum 0=`}\fi \hrule \@height \arrayrulewidth \futurelet...
l.60 			19 & Anzeiger  \\ \hline
                                
I expect to see \noalign only after the \cr of
an alignment. Proceed, and I'll ignore this case.

! Misplaced alignment tab character &.
l.61 			20 &
             Halterung für den Motor  \\ \hline
I can't figure out why you would want to use a tab mark
here. If you just want an ampersand, the remedy is
simple: Just type `I\&' now. But if some right brace
up above has ended a previous alignment prematurely,
you're probably due for more error messages, and you
might try typing `S' now just to see what is salvageable.


Overfull \hbox (8.50012pt too wide) in paragraph at lines 61--61
 []\OT1/cmr/m/n/8 20 
 []


Overfull \hbox (15.81134pt too wide) in paragraph at lines 61--61
 \OT1/cmr/m/n/8 Hal- 
 []


Overfull \hbox (24.09062pt too wide) in paragraph at lines 61--61
 \OT1/cmr/m/n/8 terung 
 []


Overfull \hbox (10.6321pt too wide) in paragraph at lines 61--61
 \OT1/cmr/m/n/8 f^^?ur 
 []


Overfull \hbox (13.22241pt too wide) in paragraph at lines 61--61
 \OT1/cmr/m/n/8 den 
 []


Overfull \hbox (14.86688pt too wide) in paragraph at lines 61--61
 \OT1/cmr/m/n/8 Mo- 
 []


Overfull \hbox (10.86821pt too wide) in paragraph at lines 61--61
 \OT1/cmr/m/n/8 tor 
 []

! Misplaced \noalign.
\hline ->\noalign 
                  {\ifnum 0=`}\fi \hrule \@height \arrayrulewidth \futurelet...
l.61 			20 & Halterung für den Motor  \\ \hline
                                                
I expect to see \noalign only after the \cr of
an alignment. Proceed, and I'll ignore this case.

! Misplaced alignment tab character &.
l.62 			21 &
             Nema 17 Motor  \\ \hline		
I can't figure out why you would want to use a tab mark
here. If you just want an ampersand, the remedy is
simple: Just type `I\&' now. But if some right brace
up above has ended a previous alignment prematurely,
you're probably due for more error messages, and you
might try typing `S' now just to see what is salvageable.


Overfull \hbox (8.50012pt too wide) in paragraph at lines 62--62
 []\OT1/cmr/m/n/8 21 
 []


Overfull \hbox (21.47809pt too wide) in paragraph at lines 62--62
 \OT1/cmr/m/n/8 Nema 
 []


Overfull \hbox (8.50012pt too wide) in paragraph at lines 62--62
 \OT1/cmr/m/n/8 17 
 []


Overfull \hbox (14.86688pt too wide) in paragraph at lines 62--62
 \OT1/cmr/m/n/8 Mo- 
 []


Overfull \hbox (10.86821pt too wide) in paragraph at lines 62--62
 \OT1/cmr/m/n/8 tor 
 []

! Misplaced \noalign.
\hline ->\noalign 
                  {\ifnum 0=`}\fi \hrule \@height \arrayrulewidth \futurelet...
l.62 			21 & Nema 17 Motor  \\ \hline
                                     		
I expect to see \noalign only after the \cr of
an alignment. Proceed, and I'll ignore this case.


! LaTeX Error: \begin{center} on input line 37 ended by \end{tabularx}.

See the LaTeX manual or LaTeX Companion for explanation.
Type  H <return>  for immediate help.
 ...                                              
                                                  
l.64 		\end{tabularx}
                     
Your command was ignored.
Type  I <command> <return>  to replace it with another command,
or  <return>  to continue without it.

! Undefined control sequence.
l.65 		\captionof
                 {table}{Bauteile}	\label{BauTab}
The control sequence at the end of the top line
of your error message was never \def'ed. If you have
misspelled it (e.g., `\hobx'), type `I' and the correct
spelling (e.g., `I\hbox'). Otherwise just continue,
and I'll forget about whatever was undefined.


Overfull \hbox (48.9896pt too wide) in paragraph at lines 65--66
 []\OT1/cmr/m/n/8 tableBauteile 
 []


! LaTeX Error: \begin{document} ended by \end{figure}.

See the LaTeX manual or LaTeX Companion for explanation.
Type  H <return>  for immediate help.
 ...                                              
                                                  
l.67 \end{figure}
                 
Your command was ignored.
Type  I <command> <return>  to replace it with another command,
or  <return>  to continue without it.

! Undefined control sequence.
l.70 \section
             {Elektrische Komponenten}
The control sequence at the end of the top line
of your error message was never \def'ed. If you have
misspelled it (e.g., `\hobx'), type `I' and the correct
spelling (e.g., `I\hbox'). Otherwise just continue,
and I'll forget about whatever was undefined.

Missing character: There is no E in font nullfont!
Missing character: There is no l in font nullfont!
Missing character: There is no e in font nullfont!
Missing character: There is no k in font nullfont!
Missing character: There is no t in font nullfont!
Missing character: There is no r in font nullfont!
Missing character: There is no i in font nullfont!
Missing character: There is no s in font nullfont!
Missing character: There is no c in font nullfont!
Missing character: There is no h in font nullfont!
Missing character: There is no e in font nullfont!
Missing character: There is no K in font nullfont!
Missing character: There is no o in font nullfont!
Missing character: There is no m in font nullfont!
Missing character: There is no p in font nullfont!
Missing character: There is no o in font nullfont!
Missing character: There is no n in font nullfont!
Missing character: There is no e in font nullfont!
Missing character: There is no n in font nullfont!
Missing character: There is no t in font nullfont!
Missing character: There is no e in font nullfont!
Missing character: There is no n in font nullfont!

Overfull \hbox (20.0pt too wide) in paragraph at lines 70--71
[]
 []

Missing character: There is no I in font nullfont!
Missing character: There is no n in font nullfont!
Missing character: There is no A in font nullfont!
Missing character: There is no b in font nullfont!
Missing character: There is no b in font nullfont!
Missing character: There is no i in font nullfont!
Missing character: There is no l in font nullfont!
Missing character: There is no d in font nullfont!
Missing character: There is no u in font nullfont!
Missing character: There is no n in font nullfont!
Missing character: There is no g in font nullfont!
! Undefined control sequence.
<write> ... Reference `Bauteile' on page \thepage 
                                                  \space undefined\on@line .
l.72 In Abbildung \ref{Bauteile}
                                 werden alle elektrischen Komponenten darges...
The control sequence at the end of the top line
of your error message was never \def'ed. If you have
misspelled it (e.g., `\hobx'), type `I' and the correct
spelling (e.g., `I\hbox'). Otherwise just continue,
and I'll forget about whatever was undefined.


LaTeX Warning: Reference `Bauteile' on page  undefined on input line 72.

Missing character: There is no w in font nullfont!
Missing character: There is no e in font nullfont!
Missing character: There is no r in font nullfont!
Missing character: There is no d in font nullfont!
Missing character: There is no e in font nullfont!
Missing character: There is no n in font nullfont!
Missing character: There is no a in font nullfont!
Missing character: There is no l in font nullfont!
Missing character: There is no l in font nullfont!
Missing character: There is no e in font nullfont!
Missing character: There is no e in font nullfont!
Missing character: There is no l in font nullfont!
Missing character: There is no e in font nullfont!
Missing character: There is no k in font nullfont!
Missing character: There is no t in font nullfont!
Missing character: There is no r in font nullfont!
Missing character: There is no i in font nullfont!
Missing character: There is no s in font nullfont!
Missing character: There is no c in font nullfont!
Missing character: There is no h in font nullfont!
Missing character: There is no e in font nullfont!
Missing character: There is no n in font nullfont!
Missing character: There is no K in font nullfont!
Missing character: There is no o in font nullfont!
Missing character: There is no m in font nullfont!
Missing character: There is no p in font nullfont!
Missing character: There is no o in font nullfont!
Missing character: There is no n in font nullfont!
Missing character: There is no e in font nullfont!
Missing character: There is no n in font nullfont!
Missing character: There is no t in font nullfont!
Missing character: There is no e in font nullfont!
Missing character: There is no n in font nullfont!
Missing character: There is no d in font nullfont!
Missing character: There is no a in font nullfont!
Missing character: There is no r in font nullfont!
Missing character: There is no g in font nullfont!
Missing character: There is no e in font nullfont!
Missing character: There is no s in font nullfont!
Missing character: There is no t in font nullfont!
Missing character: There is no e in font nullfont!
Missing character: There is no l in font nullfont!
Missing character: There is no l in font nullfont!
Missing character: There is no t in font nullfont!
Missing character: There is no u in font nullfont!
Missing character: There is no n in font nullfont!
Missing character: There is no d in font nullfont!
Missing character: There is no i in font nullfont!
Missing character: There is no n in font nullfont!
Missing character: There is no T in font nullfont!
Missing character: There is no a in font nullfont!
Missing character: There is no b in font nullfont!
Missing character: There is no e in font nullfont!
Missing character: There is no l in font nullfont!
Missing character: There is no l in font nullfont!
Missing character: There is no e in font nullfont!
! Undefined control sequence.
<write> ...: Reference `ElekTab' on page \thepage 
                                                  \space undefined\on@line .
l.72 ...n dargestellt und in Tabelle \ref{ElekTab}
                                                   benannt.
The control sequence at the end of the top line
of your error message was never \def'ed. If you have
misspelled it (e.g., `\hobx'), type `I' and the correct
spelling (e.g., `I\hbox'). Otherwise just continue,
and I'll forget about whatever was undefined.


LaTeX Warning: Reference `ElekTab' on page  undefined on input line 72.

Missing character: There is no b in font nullfont!
Missing character: There is no e in font nullfont!
Missing character: There is no n in font nullfont!
Missing character: There is no a in font nullfont!
Missing character: There is no n in font nullfont!
Missing character: There is no n in font nullfont!
Missing character: There is no t in font nullfont!
Missing character: There is no . in font nullfont!

Overfull \hbox (20.0pt too wide) in paragraph at lines 72--73
[]
 []


Overfull \hbox (10.86105pt too wide) in paragraph at lines 72--73
[]
 []


Overfull \hbox (10.86105pt too wide) in paragraph at lines 72--73
[]
 []


! LaTeX Error: Environment figure undefined.

See the LaTeX manual or LaTeX Companion for explanation.
Type  H <return>  for immediate help.
 ...                                              
                                                  
l.74 \begin{figure}
                   [H]
Your command was ignored.
Type  I <command> <return>  to replace it with another command,
or  <return>  to continue without it.

Missing character: There is no [ in font nullfont!
Missing character: There is no H in font nullfont!
Missing character: There is no ] in font nullfont!

Overfull \hbox (20.0pt too wide) in paragraph at lines 74--75
[] 
 []

! Undefined control sequence.
l.76 		\includegraphics
                       [width=\textwidth]{Images/ElekKomp.jpg}
The control sequence at the end of the top line
of your error message was never \def'ed. If you have
misspelled it (e.g., `\hobx'), type `I' and the correct
spelling (e.g., `I\hbox'). Otherwise just continue,
and I'll forget about whatever was undefined.

Missing character: There is no [ in font nullfont!
Missing character: There is no w in font nullfont!
Missing character: There is no i in font nullfont!
Missing character: There is no d in font nullfont!
Missing character: There is no t in font nullfont!
Missing character: There is no h in font nullfont!
Missing character: There is no = in font nullfont!
! Missing number, treated as zero.
<to be read again> 
                   ]
l.76 		\includegraphics[width=\textwidth]
                                         {Images/ElekKomp.jpg}
A number should have been here; I inserted `0'.
(If you can't figure out why I needed to see a number,
look up `weird error' in the index to The TeXbook.)

! Illegal unit of measure (pt inserted).
<to be read again> 
                   ]
l.76 		\includegraphics[width=\textwidth]
                                         {Images/ElekKomp.jpg}
Dimensions can be in units of em, ex, in, pt, pc,
cm, mm, dd, cc, nd, nc, bp, or sp; but yours is a new one!
I'll assume that you meant to say pt, for printer's points.
To recover gracefully from this error, it's best to
delete the erroneous units; e.g., type `2' to delete
two letters. (See Chapter 27 of The TeXbook.)

Missing character: There is no ] in font nullfont!
Missing character: There is no I in font nullfont!
Missing character: There is no m in font nullfont!
Missing character: There is no a in font nullfont!
Missing character: There is no g in font nullfont!
Missing character: There is no e in font nullfont!
Missing character: There is no s in font nullfont!
Missing character: There is no / in font nullfont!
Missing character: There is no E in font nullfont!
Missing character: There is no l in font nullfont!
Missing character: There is no e in font nullfont!
Missing character: There is no k in font nullfont!
Missing character: There is no K in font nullfont!
Missing character: There is no o in font nullfont!
Missing character: There is no m in font nullfont!
Missing character: There is no p in font nullfont!
Missing character: There is no . in font nullfont!
Missing character: There is no j in font nullfont!
Missing character: There is no p in font nullfont!
Missing character: There is no g in font nullfont!

! LaTeX Error: \caption outside float.

See the LaTeX manual or LaTeX Companion for explanation.
Type  H <return>  for immediate help.
 ...                                              
                                                  
l.77 		\caption
               {Elektrische Komponenten} \label{ElekKomb}
You're in trouble here.  Try typing  <return>  to proceed.
If that doesn't work, type  X <return>  to quit.

Missing character: There is no E in font nullfont!
Missing character: There is no l in font nullfont!
Missing character: There is no e in font nullfont!
Missing character: There is no k in font nullfont!
Missing character: There is no t in font nullfont!
Missing character: There is no r in font nullfont!
Missing character: There is no i in font nullfont!
Missing character: There is no s in font nullfont!
Missing character: There is no c in font nullfont!
Missing character: There is no h in font nullfont!
Missing character: There is no e in font nullfont!
Missing character: There is no K in font nullfont!
Missing character: There is no o in font nullfont!
Missing character: There is no m in font nullfont!
Missing character: There is no p in font nullfont!
Missing character: There is no o in font nullfont!
Missing character: There is no n in font nullfont!
Missing character: There is no e in font nullfont!
Missing character: There is no n in font nullfont!
Missing character: There is no t in font nullfont!
Missing character: There is no e in font nullfont!
Missing character: There is no n in font nullfont!

! LaTeX Error: \begin{document} ended by \end{figure}.

See the LaTeX manual or LaTeX Companion for explanation.
Type  H <return>  for immediate help.
 ...                                              
                                                  
l.79 \end{figure}
                 
Your command was ignored.
Type  I <command> <return>  to replace it with another command,
or  <return>  to continue without it.


! LaTeX Error: Environment figure undefined.

See the LaTeX manual or LaTeX Companion for explanation.
Type  H <return>  for immediate help.
 ...                                              
                                                  
l.81 \begin{figure}
                   [H]
Your command was ignored.
Type  I <command> <return>  to replace it with another command,
or  <return>  to continue without it.

Missing character: There is no [ in font nullfont!
Missing character: There is no H in font nullfont!
Missing character: There is no ] in font nullfont!

Overfull \hbox (20.0pt too wide) in paragraph at lines 81--82
[] 
 []


! LaTeX Error: Environment tabularx undefined.

See the LaTeX manual or LaTeX Companion for explanation.
Type  H <return>  for immediate help.
 ...                                              
                                                  
l.84 		\begin{tabularx}
                       {\textwidth}{|p{0.4cm}|X|X|X|X|X|}
Your command was ignored.
Type  I <command> <return>  to replace it with another command,
or  <return>  to continue without it.

! Missing number, treated as zero.
<to be read again> 
                   }
l.84 		\begin{tabularx}{\textwidth}
                                   {|p{0.4cm}|X|X|X|X|X|}
A number should have been here; I inserted `0'.
(If you can't figure out why I needed to see a number,
look up `weird error' in the index to The TeXbook.)

! Illegal unit of measure (pt inserted).
<to be read again> 
                   }
l.84 		\begin{tabularx}{\textwidth}
                                   {|p{0.4cm}|X|X|X|X|X|}
Dimensions can be in units of em, ex, in, pt, pc,
cm, mm, dd, cc, nd, nc, bp, or sp; but yours is a new one!
I'll assume that you meant to say pt, for printer's points.
To recover gracefully from this error, it's best to
delete the erroneous units; e.g., type `2' to delete
two letters. (See Chapter 27 of The TeXbook.)

! Misplaced \noalign.
\hline ->\noalign 
                  {\ifnum 0=`}\fi \hrule \@height \arrayrulewidth \futurelet...
l.85 			\hline
              
I expect to see \noalign only after the \cr of
an alignment. Proceed, and I'll ignore this case.


Overfull \hbox (117.77948pt too wide) in paragraph at lines 84--85
 \OT1/cmr/m/n/8 |p0.4cm|X|X|X|X|X| 
 []

! Misplaced alignment tab character &.
l.86 			\textbf{Pos.} &
                         \textbf{Benennung} \\ \hline
I can't figure out why you would want to use a tab mark
here. If you just want an ampersand, the remedy is
simple: Just type `I\&' now. But if some right brace
up above has ended a previous alignment prematurely,
you're probably due for more error messages, and you
might try typing `S' now just to see what is salvageable.


Overfull \hbox (17.89902pt too wide) in paragraph at lines 86--86
 []\OT1/cmr/bx/n/8 Pos. 
 []


Overfull \hbox (14.71123pt too wide) in paragraph at lines 86--86
 \OT1/cmr/bx/n/8 Be- 
 []


Overfull \hbox (18.64459pt too wide) in paragraph at lines 86--86
 \OT1/cmr/bx/n/8 nen- 
 []


Overfull \hbox (21.09738pt too wide) in paragraph at lines 86--86
 \OT1/cmr/bx/n/8 nung 
 []

! Misplaced \noalign.
\hline ->\noalign 
                  {\ifnum 0=`}\fi \hrule \@height \arrayrulewidth \futurelet...
l.86 ...xtbf{Pos.} &  \textbf{Benennung} \\ \hline
                                                  
I expect to see \noalign only after the \cr of
an alignment. Proceed, and I'll ignore this case.

! Misplaced alignment tab character &.
l.87 			1 &
            Netzkabel   \\ \hline
I can't figure out why you would want to use a tab mark
here. If you just want an ampersand, the remedy is
simple: Just type `I\&' now. But if some right brace
up above has ended a previous alignment prematurely,
you're probably due for more error messages, and you
might try typing `S' now just to see what is salvageable.


Overfull \hbox (4.25006pt too wide) in paragraph at lines 87--87
 []\OT1/cmr/m/n/8 1 
 []


Overfull \hbox (16.28357pt too wide) in paragraph at lines 87--87
 \OT1/cmr/m/n/8 Net- 
 []


Overfull \hbox (11.09738pt too wide) in paragraph at lines 87--87
 \OT1/cmr/m/n/8 zk- 
 []


Overfull \hbox (7.08344pt too wide) in paragraph at lines 87--87
 \OT1/cmr/m/n/8 a- 
 []


Overfull \hbox (11.09738pt too wide) in paragraph at lines 87--87
 \OT1/cmr/m/n/8 bel 
 []

! Misplaced \noalign.
\hline ->\noalign 
                  {\ifnum 0=`}\fi \hrule \@height \arrayrulewidth \futurelet...
l.87 			1 & Netzkabel   \\ \hline
                                 
I expect to see \noalign only after the \cr of
an alignment. Proceed, and I'll ignore this case.

! Misplaced alignment tab character &.
l.88 			2 &
            Schaltnetzteil   \\ \hline
I can't figure out why you would want to use a tab mark
here. If you just want an ampersand, the remedy is
simple: Just type `I\&' now. But if some right brace
up above has ended a previous alignment prematurely,
you're probably due for more error messages, and you
might try typing `S' now just to see what is salvageable.


Overfull \hbox (4.25006pt too wide) in paragraph at lines 88--88
 []\OT1/cmr/m/n/8 2 
 []


Overfull \hbox (25.73648pt too wide) in paragraph at lines 88--88
 \OT1/cmr/m/n/8 Schalt- 
 []


Overfull \hbox (14.6391pt too wide) in paragraph at lines 88--88
 \OT1/cmr/m/n/8 net- 
 []


Overfull \hbox (15.58356pt too wide) in paragraph at lines 88--88
 \OT1/cmr/m/n/8 zteil 
 []




! LaTeX Error: The font size command \normalsize is not defined:
               there is probably something wrong with the class file.

See the LaTeX manual or LaTeX Companion for explanation.
Type  H <return>  for immediate help.
 ...                                              
                                                  
l.88 			2 & Schaltnetzteil   \\
                                \hline
Your command was ignored.
Type  I <command> <return>  to replace it with another command,
or  <return>  to continue without it.

[1{c:/texlive/texmf-var/fonts/map/pdftex/updmap/pdftex.map}
! Undefined control sequence.
<write> \newlabel{Bauteile}{{}{\thepage 
                                        }{}{}{}}
l.88 			2 & Schaltnetzteil   \\
                                \hline
The control sequence at the end of the top line
of your error message was never \def'ed. If you have
misspelled it (e.g., `\hobx'), type `I' and the correct
spelling (e.g., `I\hbox'). Otherwise just continue,
and I'll forget about whatever was undefined.

\newlabel{Bauteile}{{}{}{}{}{}}
! Undefined control sequence.
<write> \newlabel{BauTab}{{}{\thepage 
                                      }{}{}{}}
l.88 			2 & Schaltnetzteil   \\
                                \hline
The control sequence at the end of the top line
of your error message was never \def'ed. If you have
misspelled it (e.g., `\hobx'), type `I' and the correct
spelling (e.g., `I\hbox'). Otherwise just continue,
and I'll forget about whatever was undefined.

\newlabel{BauTab}{{}{}{}{}{}}
! Undefined control sequence.
<write> \newlabel{ElekKomb}{{}{\thepage 
                                        }{}{}{}}
l.88 			2 & Schaltnetzteil   \\
                                \hline
The control sequence at the end of the top line
of your error message was never \def'ed. If you have
misspelled it (e.g., `\hobx'), type `I' and the correct
spelling (e.g., `I\hbox'). Otherwise just continue,
and I'll forget about whatever was undefined.

\newlabel{ElekKomb}{{}{}{}{}{}}
]
! Misplaced \noalign.
\hline ->\noalign 
                  {\ifnum 0=`}\fi \hrule \@height \arrayrulewidth \futurelet...
l.88 			2 & Schaltnetzteil   \\ \hline
                                      
I expect to see \noalign only after the \cr of
an alignment. Proceed, and I'll ignore this case.

! Misplaced alignment tab character &.
l.89 			3 &
            Kaltgeräteanschluss   \\ \hline
I can't figure out why you would want to use a tab mark
here. If you just want an ampersand, the remedy is
simple: Just type `I\&' now. But if some right brace
up above has ended a previous alignment prematurely,
you're probably due for more error messages, and you
might try typing `S' now just to see what is salvageable.


Overfull \hbox (4.25006pt too wide) in paragraph at lines 89--89
 []\OT1/cmr/m/n/8 3 
 []


Overfull \hbox (19.35306pt too wide) in paragraph at lines 89--89
 \OT1/cmr/m/n/8 Kalt- 
 []


Overfull \hbox (57.05222pt too wide) in paragraph at lines 89--89
 \OT1/cmr/m/n/8 ger^^?ateanschluss 
 []

! Misplaced \noalign.
\hline ->\noalign 
                  {\ifnum 0=`}\fi \hrule \@height \arrayrulewidth \futurelet...
l.89 			3 & Kaltgeräteanschluss   \\ \hline
                                            
I expect to see \noalign only after the \cr of
an alignment. Proceed, and I'll ignore this case.

! Misplaced alignment tab character &.
l.90 			4 &
            Schrittmotorsteuerung A4988   \\ \hline
I can't figure out why you would want to use a tab mark
here. If you just want an ampersand, the remedy is
simple: Just type `I\&' now. But if some right brace
up above has ended a previous alignment prematurely,
you're probably due for more error messages, and you
might try typing `S' now just to see what is salvageable.


Overfull \hbox (4.25006pt too wide) in paragraph at lines 90--90
 []\OT1/cmr/m/n/8 4 
 []


Overfull \hbox (39.43806pt too wide) in paragraph at lines 90--90
 \OT1/cmr/m/n/8 Schrittmo- 
 []


Overfull \hbox (17.05441pt too wide) in paragraph at lines 90--90
 \OT1/cmr/m/n/8 tors- 
 []


Overfull \hbox (32.59074pt too wide) in paragraph at lines 90--90
 \OT1/cmr/m/n/8 teuerung 
 []


Overfull \hbox (23.367pt too wide) in paragraph at lines 90--90
 \OT1/cmr/m/n/8 A4988 
 []

! Misplaced \noalign.
\hline ->\noalign 
                  {\ifnum 0=`}\fi \hrule \@height \arrayrulewidth \futurelet...
l.90 ... & Schrittmotorsteuerung A4988   \\ \hline
                                                  
I expect to see \noalign only after the \cr of
an alignment. Proceed, and I'll ignore this case.

! Misplaced alignment tab character &.
l.91 			5 &
            Entwicklerboard Schrittmotorsteuerung A4988   \\ \hline
I can't figure out why you would want to use a tab mark
here. If you just want an ampersand, the remedy is
simple: Just type `I\&' now. But if some right brace
up above has ended a previous alignment prematurely,
you're probably due for more error messages, and you
might try typing `S' now just to see what is salvageable.


Overfull \hbox (4.25006pt too wide) in paragraph at lines 91--91
 []\OT1/cmr/m/n/8 5 
 []


Overfull \hbox (13.3363pt too wide) in paragraph at lines 91--91
 \OT1/cmr/m/n/8 En- 
 []


Overfull \hbox (22.43088pt too wide) in paragraph at lines 91--91
 \OT1/cmr/m/n/8 twick- 
 []


Overfull \hbox (12.2849pt too wide) in paragraph at lines 91--91
 \OT1/cmr/m/n/8 ler- 
 []


Overfull \hbox (21.49336pt too wide) in paragraph at lines 91--91
 \OT1/cmr/m/n/8 board 
 []


Overfull \hbox (39.43806pt too wide) in paragraph at lines 91--91
 \OT1/cmr/m/n/8 Schrittmo- 
 []


Overfull \hbox (17.05441pt too wide) in paragraph at lines 91--91
 \OT1/cmr/m/n/8 tors- 
 []


Overfull \hbox (32.59074pt too wide) in paragraph at lines 91--91
 \OT1/cmr/m/n/8 teuerung 
 []


Overfull \hbox (23.367pt too wide) in paragraph at lines 91--91
 \OT1/cmr/m/n/8 A4988 
 []

! Misplaced \noalign.
\hline ->\noalign 
                  {\ifnum 0=`}\fi \hrule \@height \arrayrulewidth \futurelet...
l.91 ...rd Schrittmotorsteuerung A4988   \\ \hline
                                                  
I expect to see \noalign only after the \cr of
an alignment. Proceed, and I'll ignore this case.

! Misplaced alignment tab character &.
l.92 			6 &
            Spannungswandler AMS1117 \\ \hline
I can't figure out why you would want to use a tab mark
here. If you just want an ampersand, the remedy is
simple: Just type `I\&' now. But if some right brace
up above has ended a previous alignment prematurely,
you're probably due for more error messages, and you
might try typing `S' now just to see what is salvageable.


Overfull \hbox (4.25006pt too wide) in paragraph at lines 92--92
 []\OT1/cmr/m/n/8 6 
 []


Overfull \hbox (21.2503pt too wide) in paragraph at lines 92--92
 \OT1/cmr/m/n/8 Span- 
 []


Overfull \hbox (39.24223pt too wide) in paragraph at lines 92--92
 \OT1/cmr/m/n/8 nungswan- 
 []


Overfull \hbox (14.17381pt too wide) in paragraph at lines 92--92
 \OT1/cmr/m/n/8 dler 
 []


Overfull \hbox (35.87274pt too wide) in paragraph at lines 92--92
 \OT1/cmr/m/n/8 AMS1117 
 []

! Misplaced \noalign.
\hline ->\noalign 
                  {\ifnum 0=`}\fi \hrule \@height \arrayrulewidth \futurelet...
l.92 			6 & Spannungswandler AMS1117 \\ \hline
                                              
I expect to see \noalign only after the \cr of
an alignment. Proceed, and I'll ignore this case.

! Misplaced alignment tab character &.
l.93 			7 &
            OLED-Display  \\ \hline
I can't figure out why you would want to use a tab mark
here. If you just want an ampersand, the remedy is
simple: Just type `I\&' now. But if some right brace
up above has ended a previous alignment prematurely,
you're probably due for more error messages, and you
might try typing `S' now just to see what is salvageable.


Overfull \hbox (4.25006pt too wide) in paragraph at lines 93--93
 []\OT1/cmr/m/n/8 7 
 []


Overfull \hbox (27.02261pt too wide) in paragraph at lines 93--93
 \OT1/cmr/m/n/8 OLED- 
 []


Overfull \hbox (27.78651pt too wide) in paragraph at lines 93--93
 \OT1/cmr/m/n/8 Display 
 []

! Misplaced \noalign.
\hline ->\noalign 
                  {\ifnum 0=`}\fi \hrule \@height \arrayrulewidth \futurelet...
l.93 			7 & OLED-Display  \\ \hline
                                   
I expect to see \noalign only after the \cr of
an alignment. Proceed, and I'll ignore this case.

! Misplaced alignment tab character &.
l.94 			8 &
            Drehwinkel-Encoder  \\ \hline
I can't figure out why you would want to use a tab mark
here. If you just want an ampersand, the remedy is
simple: Just type `I\&' now. But if some right brace
up above has ended a previous alignment prematurely,
you're probably due for more error messages, and you
might try typing `S' now just to see what is salvageable.


Overfull \hbox (4.25006pt too wide) in paragraph at lines 94--94
 []\OT1/cmr/m/n/8 8 
 []


Overfull \hbox (44.51036pt too wide) in paragraph at lines 94--94
 \OT1/cmr/m/n/8 Drehwinkel- 
 []


Overfull \hbox (30.5796pt too wide) in paragraph at lines 94--94
 \OT1/cmr/m/n/8 Encoder 
 []

! Misplaced \noalign.
\hline ->\noalign 
                  {\ifnum 0=`}\fi \hrule \@height \arrayrulewidth \futurelet...
l.94 			8 & Drehwinkel-Encoder  \\ \hline
                                         
I expect to see \noalign only after the \cr of
an alignment. Proceed, and I'll ignore this case.

! Misplaced alignment tab character &.
l.95 			9 &
            Arduino Nano Sense BLE 33 Lite  \\ \hline
I can't figure out why you would want to use a tab mark
here. If you just want an ampersand, the remedy is
simple: Just type `I\&' now. But if some right brace
up above has ended a previous alignment prematurely,
you're probably due for more error messages, and you
might try typing `S' now just to see what is salvageable.


Overfull \hbox (4.25006pt too wide) in paragraph at lines 95--95
 []\OT1/cmr/m/n/8 9 
 []


Overfull \hbox (12.51268pt too wide) in paragraph at lines 95--95
 \OT1/cmr/m/n/8 Ar- 
 []


Overfull \hbox (20.77808pt too wide) in paragraph at lines 95--95
 \OT1/cmr/m/n/8 duino 
 []


Overfull \hbox (19.58917pt too wide) in paragraph at lines 95--95
 \OT1/cmr/m/n/8 Nano 
 []


Overfull \hbox (20.35307pt too wide) in paragraph at lines 95--95
 \OT1/cmr/m/n/8 Sense 
 []


Overfull \hbox (17.1058pt too wide) in paragraph at lines 95--95
 \OT1/cmr/m/n/8 BLE 
 []


Overfull \hbox (8.50012pt too wide) in paragraph at lines 95--95
 \OT1/cmr/m/n/8 33 
 []


Overfull \hbox (14.75299pt too wide) in paragraph at lines 95--95
 \OT1/cmr/m/n/8 Lite 
 []

! Misplaced \noalign.
\hline ->\noalign 
                  {\ifnum 0=`}\fi \hrule \@height \arrayrulewidth \futurelet...
l.95 ... Arduino Nano Sense BLE 33 Lite  \\ \hline
                                                  
I expect to see \noalign only after the \cr of
an alignment. Proceed, and I'll ignore this case.

! Misplaced alignment tab character &.
l.96 			10 &
             Arduino Tiny Maschnine Learning Shield (TMLS) \\ \hline
I can't figure out why you would want to use a tab mark
here. If you just want an ampersand, the remedy is
simple: Just type `I\&' now. But if some right brace
up above has ended a previous alignment prematurely,
you're probably due for more error messages, and you
might try typing `S' now just to see what is salvageable.


Overfull \hbox (8.50012pt too wide) in paragraph at lines 96--96
 []\OT1/cmr/m/n/8 10 
 []


Overfull \hbox (12.51268pt too wide) in paragraph at lines 96--96
 \OT1/cmr/m/n/8 Ar- 
 []


Overfull \hbox (20.77808pt too wide) in paragraph at lines 96--96
 \OT1/cmr/m/n/8 duino 
 []


Overfull \hbox (17.47247pt too wide) in paragraph at lines 96--96
 \OT1/cmr/m/n/8 Tiny 
 []


Overfull \hbox (26.48372pt too wide) in paragraph at lines 96--96
 \OT1/cmr/m/n/8 Masch- 
 []


Overfull \hbox (15.58356pt too wide) in paragraph at lines 96--96
 \OT1/cmr/m/n/8 nine 
 []


Overfull \hbox (24.20451pt too wide) in paragraph at lines 96--96
 \OT1/cmr/m/n/8 Learn- 
 []


Overfull \hbox (11.3335pt too wide) in paragraph at lines 96--96
 \OT1/cmr/m/n/8 ing 
 []


Overfull \hbox (22.66699pt too wide) in paragraph at lines 96--96
 \OT1/cmr/m/n/8 Shield 
 []


Overfull \hbox (30.56433pt too wide) in paragraph at lines 96--96
 \OT1/cmr/m/n/8 (TMLS) 
 []

! Misplaced \noalign.
\hline ->\noalign 
                  {\ifnum 0=`}\fi \hrule \@height \arrayrulewidth \futurelet...
l.96 ...Maschnine Learning Shield (TMLS) \\ \hline
                                                  
I expect to see \noalign only after the \cr of
an alignment. Proceed, and I'll ignore this case.

! Misplaced alignment tab character &.
l.97 			11 &
             Micro-Schalter  \\ \hline
I can't figure out why you would want to use a tab mark
here. If you just want an ampersand, the remedy is
simple: Just type `I\&' now. But if some right brace
up above has ended a previous alignment prematurely,
you're probably due for more error messages, and you
might try typing `S' now just to see what is salvageable.


Overfull \hbox (8.50012pt too wide) in paragraph at lines 97--97
 []\OT1/cmr/m/n/8 11 
 []


Overfull \hbox (24.3184pt too wide) in paragraph at lines 97--97
 \OT1/cmr/m/n/8 Micro- 
 []


Overfull \hbox (29.99348pt too wide) in paragraph at lines 97--97
 \OT1/cmr/m/n/8 Schalter 
 []

! Misplaced \noalign.
\hline ->\noalign 
                  {\ifnum 0=`}\fi \hrule \@height \arrayrulewidth \futurelet...
l.97 			11 & Micro-Schalter  \\ \hline
                                      
I expect to see \noalign only after the \cr of
an alignment. Proceed, and I'll ignore this case.

! Misplaced alignment tab character &.
l.98 			12 &
             SMD-LED \\ \hline
I can't figure out why you would want to use a tab mark
here. If you just want an ampersand, the remedy is
simple: Just type `I\&' now. But if some right brace
up above has ended a previous alignment prematurely,
you're probably due for more error messages, and you
might try typing `S' now just to see what is salvageable.


Overfull \hbox (8.50012pt too wide) in paragraph at lines 98--98
 []\OT1/cmr/m/n/8 12 
 []


Overfull \hbox (21.8281pt too wide) in paragraph at lines 98--98
 \OT1/cmr/m/n/8 SMD- 
 []


Overfull \hbox (17.57803pt too wide) in paragraph at lines 98--98
 \OT1/cmr/m/n/8 LED 
 []

! Misplaced \noalign.
\hline ->\noalign 
                  {\ifnum 0=`}\fi \hrule \@height \arrayrulewidth \futurelet...
l.98 			12 & SMD-LED \\ \hline
                              
I expect to see \noalign only after the \cr of
an alignment. Proceed, and I'll ignore this case.

! Misplaced alignment tab character &.
l.99 			13 &
             Drucktaster  \\ \hline
I can't figure out why you would want to use a tab mark
here. If you just want an ampersand, the remedy is
simple: Just type `I\&' now. But if some right brace
up above has ended a previous alignment prematurely,
you're probably due for more error messages, and you
might try typing `S' now just to see what is salvageable.


Overfull \hbox (8.50012pt too wide) in paragraph at lines 99--99
 []\OT1/cmr/m/n/8 13 
 []


Overfull \hbox (25.38509pt too wide) in paragraph at lines 99--99
 \OT1/cmr/m/n/8 Druck- 
 []


Overfull \hbox (21.30447pt too wide) in paragraph at lines 99--99
 \OT1/cmr/m/n/8 taster 
 []

! Misplaced \noalign.
\hline ->\noalign 
                  {\ifnum 0=`}\fi \hrule \@height \arrayrulewidth \futurelet...
l.99 			13 & Drucktaster  \\ \hline
                                   
I expect to see \noalign only after the \cr of
an alignment. Proceed, and I'll ignore this case.


! LaTeX Error: \begin{center} on input line 82 ended by \end{tabularx}.

See the LaTeX manual or LaTeX Companion for explanation.
Type  H <return>  for immediate help.
 ...                                              
                                                  
l.101 		\end{tabularx}
                      
Your command was ignored.
Type  I <command> <return>  to replace it with another command,
or  <return>  to continue without it.

! Undefined control sequence.
l.102 		\captionof
                  {table}{Elektrische Komponenten}	\label{ElekTab}
The control sequence at the end of the top line
of your error message was never \def'ed. If you have
misspelled it (e.g., `\hobx'), type `I' and the correct
spelling (e.g., `I\hbox'). Otherwise just continue,
and I'll forget about whatever was undefined.


Overfull \hbox (59.19669pt too wide) in paragraph at lines 102--103
 []\OT1/cmr/m/n/8 tableElektrische 
 []


Overfull \hbox (20.76974pt too wide) in paragraph at lines 102--103
 \OT1/cmr/m/n/8 Kom- 
 []


Overfull \hbox (12.04184pt too wide) in paragraph at lines 102--103
 \OT1/cmr/m/n/8 po- 
 []


Overfull \hbox (16.05579pt too wide) in paragraph at lines 102--103
 \OT1/cmr/m/n/8 nen- 
 []


Overfull \hbox (11.80573pt too wide) in paragraph at lines 102--103
 \OT1/cmr/m/n/8 ten 
 []


! LaTeX Error: \begin{document} ended by \end{figure}.

See the LaTeX manual or LaTeX Companion for explanation.
Type  H <return>  for immediate help.
 ...                                              
                                                  
l.104 \end{figure}
                  
Your command was ignored.
Type  I <command> <return>  to replace it with another command,
or  <return>  to continue without it.

! Undefined control sequence.
l.106 \section
              {Benötigtes Werkzeug}
The control sequence at the end of the top line
of your error message was never \def'ed. If you have
misspelled it (e.g., `\hobx'), type `I' and the correct
spelling (e.g., `I\hbox'). Otherwise just continue,
and I'll forget about whatever was undefined.

Missing character: There is no B in font nullfont!
Missing character: There is no e in font nullfont!
Missing character: There is no n in font nullfont!
Missing character: There is no t in font nullfont!
Missing character: There is no i in font nullfont!
Missing character: There is no g in font nullfont!
Missing character: There is no t in font nullfont!
Missing character: There is no e in font nullfont!
Missing character: There is no s in font nullfont!
Missing character: There is no W in font nullfont!
Missing character: There is no e in font nullfont!
Missing character: There is no r in font nullfont!
Missing character: There is no k in font nullfont!
Missing character: There is no z in font nullfont!
Missing character: There is no e in font nullfont!
Missing character: There is no u in font nullfont!
Missing character: There is no g in font nullfont!

Overfull \hbox (25.00002pt too wide) in paragraph at lines 106--107
[]\/cmr/m/n/10 ^^?o
 []

Missing character: There is no I in font nullfont!
Missing character: There is no n in font nullfont!
Missing character: There is no d in font nullfont!
Missing character: There is no e in font nullfont!
Missing character: There is no r in font nullfont!
Missing character: There is no A in font nullfont!
Missing character: There is no b in font nullfont!
Missing character: There is no b in font nullfont!
Missing character: There is no i in font nullfont!
Missing character: There is no l in font nullfont!
Missing character: There is no d in font nullfont!
Missing character: There is no u in font nullfont!
Missing character: There is no n in font nullfont!
Missing character: There is no g in font nullfont!
! Undefined control sequence.
<write> ...: Reference `Benwerk' on page \thepage 
                                                  \space undefined\on@line .
l.108 In der Abbildung \ref{Benwerk}
                                     sind die benötigten Werkzeuge gezeigt ...
The control sequence at the end of the top line
of your error message was never \def'ed. If you have
misspelled it (e.g., `\hobx'), type `I' and the correct
spelling (e.g., `I\hbox'). Otherwise just continue,
and I'll forget about whatever was undefined.


LaTeX Warning: Reference `Benwerk' on page  undefined on input line 108.

Missing character: There is no s in font nullfont!
Missing character: There is no i in font nullfont!
Missing character: There is no n in font nullfont!
Missing character: There is no d in font nullfont!
Missing character: There is no d in font nullfont!
Missing character: There is no i in font nullfont!
Missing character: There is no e in font nullfont!
Missing character: There is no b in font nullfont!
Missing character: There is no e in font nullfont!
Missing character: There is no n in font nullfont!
Missing character: There is no t in font nullfont!
Missing character: There is no i in font nullfont!
Missing character: There is no g in font nullfont!
Missing character: There is no t in font nullfont!
Missing character: There is no e in font nullfont!
Missing character: There is no n in font nullfont!
Missing character: There is no W in font nullfont!
Missing character: There is no e in font nullfont!
Missing character: There is no r in font nullfont!
Missing character: There is no k in font nullfont!
Missing character: There is no z in font nullfont!
Missing character: There is no e in font nullfont!
Missing character: There is no u in font nullfont!
Missing character: There is no g in font nullfont!
Missing character: There is no e in font nullfont!
Missing character: There is no g in font nullfont!
Missing character: There is no e in font nullfont!
Missing character: There is no z in font nullfont!
Missing character: There is no e in font nullfont!
Missing character: There is no i in font nullfont!
Missing character: There is no g in font nullfont!
Missing character: There is no t in font nullfont!
Missing character: There is no u in font nullfont!
Missing character: There is no n in font nullfont!
Missing character: There is no d in font nullfont!
Missing character: There is no i in font nullfont!
Missing character: There is no n in font nullfont!
Missing character: There is no d in font nullfont!
Missing character: There is no e in font nullfont!
Missing character: There is no r in font nullfont!
Missing character: There is no T in font nullfont!
Missing character: There is no a in font nullfont!
Missing character: There is no b in font nullfont!
Missing character: There is no e in font nullfont!
Missing character: There is no l in font nullfont!
Missing character: There is no l in font nullfont!
Missing character: There is no e in font nullfont!
! Undefined control sequence.
<write> ...: Reference `WerkTab' on page \thepage 
                                                  \space undefined\on@line .
l.108 ... gezeigt und in der Tabelle \ref{WerkTab}
                                                   erklärt.
The control sequence at the end of the top line
of your error message was never \def'ed. If you have
misspelled it (e.g., `\hobx'), type `I' and the correct
spelling (e.g., `I\hbox'). Otherwise just continue,
and I'll forget about whatever was undefined.


LaTeX Warning: Reference `WerkTab' on page  undefined on input line 108.

Missing character: There is no e in font nullfont!
Missing character: There is no r in font nullfont!
Missing character: There is no k in font nullfont!
Missing character: There is no l in font nullfont!
Missing character: There is no r in font nullfont!
Missing character: There is no t in font nullfont!
Missing character: There is no . in font nullfont!

Overfull \hbox (20.0pt too wide) in paragraph at lines 108--109
[]
 []


Overfull \hbox (10.86105pt too wide) in paragraph at lines 108--109
[]
 []


Overfull \hbox (5.00002pt too wide) in paragraph at lines 108--109
\/cmr/m/n/10 ^^?o
 []


Overfull \hbox (10.86105pt too wide) in paragraph at lines 108--109
[]
 []


Overfull \hbox (5.00002pt too wide) in paragraph at lines 108--109
\/cmr/m/n/10 ^^?a 
 []


! LaTeX Error: Environment figure undefined.

See the LaTeX manual or LaTeX Companion for explanation.
Type  H <return>  for immediate help.
 ...                                              
                                                  
l.110 \begin{figure}
                    [H]
Your command was ignored.
Type  I <command> <return>  to replace it with another command,
or  <return>  to continue without it.

Missing character: There is no [ in font nullfont!
Missing character: There is no H in font nullfont!
Missing character: There is no ] in font nullfont!

Overfull \hbox (20.0pt too wide) in paragraph at lines 110--111
[] 
 []

! Undefined control sequence.
l.112 		\includegraphics
                        [width=\textwidth]{Images/BenWerk.jpg}
The control sequence at the end of the top line
of your error message was never \def'ed. If you have
misspelled it (e.g., `\hobx'), type `I' and the correct
spelling (e.g., `I\hbox'). Otherwise just continue,
and I'll forget about whatever was undefined.

Missing character: There is no [ in font nullfont!
Missing character: There is no w in font nullfont!
Missing character: There is no i in font nullfont!
Missing character: There is no d in font nullfont!
Missing character: There is no t in font nullfont!
Missing character: There is no h in font nullfont!
Missing character: There is no = in font nullfont!
! Missing number, treated as zero.
<to be read again> 
                   ]
l.112 		\includegraphics[width=\textwidth]
                                          {Images/BenWerk.jpg}
A number should have been here; I inserted `0'.
(If you can't figure out why I needed to see a number,
look up `weird error' in the index to The TeXbook.)

! Illegal unit of measure (pt inserted).
<to be read again> 
                   ]
l.112 		\includegraphics[width=\textwidth]
                                          {Images/BenWerk.jpg}
Dimensions can be in units of em, ex, in, pt, pc,
cm, mm, dd, cc, nd, nc, bp, or sp; but yours is a new one!
I'll assume that you meant to say pt, for printer's points.
To recover gracefully from this error, it's best to
delete the erroneous units; e.g., type `2' to delete
two letters. (See Chapter 27 of The TeXbook.)

Missing character: There is no ] in font nullfont!
Missing character: There is no I in font nullfont!
Missing character: There is no m in font nullfont!
Missing character: There is no a in font nullfont!
Missing character: There is no g in font nullfont!
Missing character: There is no e in font nullfont!
Missing character: There is no s in font nullfont!
Missing character: There is no / in font nullfont!
Missing character: There is no B in font nullfont!
Missing character: There is no e in font nullfont!
Missing character: There is no n in font nullfont!
Missing character: There is no W in font nullfont!
Missing character: There is no e in font nullfont!
Missing character: There is no r in font nullfont!
Missing character: There is no k in font nullfont!
Missing character: There is no . in font nullfont!
Missing character: There is no j in font nullfont!
Missing character: There is no p in font nullfont!
Missing character: There is no g in font nullfont!

! LaTeX Error: \caption outside float.

See the LaTeX manual or LaTeX Companion for explanation.
Type  H <return>  for immediate help.
 ...                                              
                                                  
l.113 		\caption
                {Benötigtes Werkzeug} \label{Benwerk}
You're in trouble here.  Try typing  <return>  to proceed.
If that doesn't work, type  X <return>  to quit.

Missing character: There is no B in font nullfont!
Missing character: There is no e in font nullfont!
Missing character: There is no n in font nullfont!
Missing character: There is no t in font nullfont!
Missing character: There is no i in font nullfont!
Missing character: There is no g in font nullfont!
Missing character: There is no t in font nullfont!
Missing character: There is no e in font nullfont!
Missing character: There is no s in font nullfont!
Missing character: There is no W in font nullfont!
Missing character: There is no e in font nullfont!
Missing character: There is no r in font nullfont!
Missing character: There is no k in font nullfont!
Missing character: There is no z in font nullfont!
Missing character: There is no e in font nullfont!
Missing character: There is no u in font nullfont!
Missing character: There is no g in font nullfont!

Overfull \hbox (5.00002pt too wide) in paragraph at lines 112--114
 \/cmr/m/n/10 ^^?o 
 []


! LaTeX Error: \begin{document} ended by \end{figure}.

See the LaTeX manual or LaTeX Companion for explanation.
Type  H <return>  for immediate help.
 ...                                              
                                                  
l.115 \end{figure}
                  
Your command was ignored.
Type  I <command> <return>  to replace it with another command,
or  <return>  to continue without it.


! LaTeX Error: Environment figure undefined.

See the LaTeX manual or LaTeX Companion for explanation.
Type  H <return>  for immediate help.
 ...                                              
                                                  
l.117 \begin{figure}
                    [H]
Your command was ignored.
Type  I <command> <return>  to replace it with another command,
or  <return>  to continue without it.

Missing character: There is no [ in font nullfont!
Missing character: There is no H in font nullfont!
Missing character: There is no ] in font nullfont!

Overfull \hbox (20.0pt too wide) in paragraph at lines 117--118
[] 
 []


! LaTeX Error: Environment tabularx undefined.

See the LaTeX manual or LaTeX Companion for explanation.
Type  H <return>  for immediate help.
 ...                                              
                                                  
l.120 		\begin{tabularx}
                        {\textwidth}{|p{0.4cm}|p{3.4cm}|X|X|X|X|}
Your command was ignored.
Type  I <command> <return>  to replace it with another command,
or  <return>  to continue without it.

! Missing number, treated as zero.
<to be read again> 
                   }
l.120 		\begin{tabularx}{\textwidth}
                                    {|p{0.4cm}|p{3.4cm}|X|X|X|X|}
A number should have been here; I inserted `0'.
(If you can't figure out why I needed to see a number,
look up `weird error' in the index to The TeXbook.)

! Illegal unit of measure (pt inserted).
<to be read again> 
                   }
l.120 		\begin{tabularx}{\textwidth}
                                    {|p{0.4cm}|p{3.4cm}|X|X|X|X|}
Dimensions can be in units of em, ex, in, pt, pc,
cm, mm, dd, cc, nd, nc, bp, or sp; but yours is a new one!
I'll assume that you meant to say pt, for printer's points.
To recover gracefully from this error, it's best to
delete the erroneous units; e.g., type `2' to delete
two letters. (See Chapter 27 of The TeXbook.)

! Misplaced \noalign.
\hline ->\noalign 
                  {\ifnum 0=`}\fi \hrule \@height \arrayrulewidth \futurelet...
l.121 			\hline
               
I expect to see \noalign only after the \cr of
an alignment. Proceed, and I'll ignore this case.


Overfull \hbox (137.85754pt too wide) in paragraph at lines 120--121
 \OT1/cmr/m/n/8 |p0.4cm|p3.4cm|X|X|X|X| 
 []

! Misplaced alignment tab character &.
l.122 			\textbf{Pos.} &
                          \textbf{Benennung} &  \textbf{Beschreibung}\\ \hline
I can't figure out why you would want to use a tab mark
here. If you just want an ampersand, the remedy is
simple: Just type `I\&' now. But if some right brace
up above has ended a previous alignment prematurely,
you're probably due for more error messages, and you
might try typing `S' now just to see what is salvageable.

! Misplaced alignment tab character &.
l.122 			\textbf{Pos.} &  \textbf{Benennung} &
                                                \textbf{Beschreibung}\\ \hline
I can't figure out why you would want to use a tab mark
here. If you just want an ampersand, the remedy is
simple: Just type `I\&' now. But if some right brace
up above has ended a previous alignment prematurely,
you're probably due for more error messages, and you
might try typing `S' now just to see what is salvageable.


Overfull \hbox (17.89902pt too wide) in paragraph at lines 122--122
 []\OT1/cmr/bx/n/8 Pos. 
 []


Overfull \hbox (14.71123pt too wide) in paragraph at lines 122--122
 \OT1/cmr/bx/n/8 Be- 
 []


Overfull \hbox (18.64459pt too wide) in paragraph at lines 122--122
 \OT1/cmr/bx/n/8 nen- 
 []


Overfull \hbox (20.96127pt too wide) in paragraph at lines 122--122
 \OT1/cmr/bx/n/8 nung 
 []


Overfull \hbox (39.36586pt too wide) in paragraph at lines 122--122
 \OT1/cmr/bx/n/8 Beschrei- 
 []


Overfull \hbox (21.36961pt too wide) in paragraph at lines 122--122
 \OT1/cmr/bx/n/8 bung 
 []

! Misplaced \noalign.
\hline ->\noalign 
                  {\ifnum 0=`}\fi \hrule \@height \arrayrulewidth \futurelet...
l.122 ...ennung} &  \textbf{Beschreibung}\\ \hline
                                                  
I expect to see \noalign only after the \cr of
an alignment. Proceed, and I'll ignore this case.

! Misplaced alignment tab character &.
l.123 			1 &
             Multimeter & Vielfachmessgerät zur Messung Elektrischer Größ...
I can't figure out why you would want to use a tab mark
here. If you just want an ampersand, the remedy is
simple: Just type `I\&' now. But if some right brace
up above has ended a previous alignment prematurely,
you're probably due for more error messages, and you
might try typing `S' now just to see what is salvageable.

! Misplaced alignment tab character &.
l.123 			1 & Multimeter &
                          Vielfachmessgerät zur Messung Elektrischer Größ...
I can't figure out why you would want to use a tab mark
here. If you just want an ampersand, the remedy is
simple: Just type `I\&' now. But if some right brace
up above has ended a previous alignment prematurely,
you're probably due for more error messages, and you
might try typing `S' now just to see what is salvageable.


Overfull \hbox (4.25006pt too wide) in paragraph at lines 123--123
 []\OT1/cmr/m/n/8 1 
 []


Overfull \hbox (17.70026pt too wide) in paragraph at lines 123--123
 \OT1/cmr/m/n/8 Mul- 
 []


Overfull \hbox (8.50012pt too wide) in paragraph at lines 123--123
 \OT1/cmr/m/n/8 ti- 
 []


Overfull \hbox (13.69464pt too wide) in paragraph at lines 123--123
 \OT1/cmr/m/n/8 me- 
 []


Overfull \hbox (10.39598pt too wide) in paragraph at lines 123--123
 \OT1/cmr/m/n/8 ter 
 []


Overfull \hbox (50.37851pt too wide) in paragraph at lines 123--123
 \OT1/cmr/m/n/8 Vielfachmess- 
 []


Overfull \hbox (18.8961pt too wide) in paragraph at lines 123--123
 \OT1/cmr/m/n/8 ger^^?at 
 []


Overfull \hbox (11.81267pt too wide) in paragraph at lines 123--123
 \OT1/cmr/m/n/8 zur 
 []


Overfull \hbox (17.74748pt too wide) in paragraph at lines 123--123
 \OT1/cmr/m/n/8 Mes- 
 []


Overfull \hbox (17.04747pt too wide) in paragraph at lines 123--123
 \OT1/cmr/m/n/8 sung 
 []


Overfull \hbox (19.23917pt too wide) in paragraph at lines 123--123
 \OT1/cmr/m/n/8 Elek- 
 []


Overfull \hbox (27.68651pt too wide) in paragraph at lines 123--123
 \OT1/cmr/m/n/8 trischer 
 []


Overfull \hbox (26.98094pt too wide) in paragraph at lines 123--123
 \OT1/cmr/m/n/8 Gr^^?o^^Yen 
 []


Overfull \hbox (14.51688pt too wide) in paragraph at lines 123--123
 \OT1/cmr/m/n/8 z.B. 
 []


Overfull \hbox (21.2503pt too wide) in paragraph at lines 123--123
 \OT1/cmr/m/n/8 Span- 
 []


Overfull \hbox (20.54196pt too wide) in paragraph at lines 123--123
 \OT1/cmr/m/n/8 nung, 
 []


Overfull \hbox (22.67393pt too wide) in paragraph at lines 123--123
 \OT1/cmr/m/n/8 Strom 
 []


Overfull \hbox (14.16687pt too wide) in paragraph at lines 123--123
 \OT1/cmr/m/n/8 und 
 []


Overfull \hbox (25.73509pt too wide) in paragraph at lines 123--123
 \OT1/cmr/m/n/8 Wider- 
 []


Overfull \hbox (20.35307pt too wide) in paragraph at lines 123--123
 \OT1/cmr/m/n/8 stand 
 []

! Misplaced \noalign.
\hline ->\noalign 
                  {\ifnum 0=`}\fi \hrule \@height \arrayrulewidth \futurelet...
l.123 ...Spannung, Strom und Widerstand  \\ \hline
                                                  
I expect to see \noalign only after the \cr of
an alignment. Proceed, and I'll ignore this case.

! Misplaced alignment tab character &.
l.124 			2 &
             Abisolierzange & Werkzeug zum Abisolieren elektrischer Leitunge...
I can't figure out why you would want to use a tab mark
here. If you just want an ampersand, the remedy is
simple: Just type `I\&' now. But if some right brace
up above has ended a previous alignment prematurely,
you're probably due for more error messages, and you
might try typing `S' now just to see what is salvageable.

! Misplaced alignment tab character &.
l.124 			2 & Abisolierzange &
                              Werkzeug zum Abisolieren elektrischer Leitunge...
I can't figure out why you would want to use a tab mark
here. If you just want an ampersand, the remedy is
simple: Just type `I\&' now. But if some right brace
up above has ended a previous alignment prematurely,
you're probably due for more error messages, and you
might try typing `S' now just to see what is salvageable.


Overfull \hbox (4.25006pt too wide) in paragraph at lines 124--124
 []\OT1/cmr/m/n/8 2 
 []


Overfull \hbox (53.64383pt too wide) in paragraph at lines 124--124
 \OT1/cmr/m/n/8 Abisolierzange 
 []


Overfull \hbox (36.12413pt too wide) in paragraph at lines 124--124
 \OT1/cmr/m/n/8 Werkzeug 
 []


Overfull \hbox (15.58356pt too wide) in paragraph at lines 124--124
 \OT1/cmr/m/n/8 zum 
 []


Overfull \hbox (41.36588pt too wide) in paragraph at lines 124--124
 \OT1/cmr/m/n/8 Abisolieren 
 []


Overfull \hbox (17.23636pt too wide) in paragraph at lines 124--124
 \OT1/cmr/m/n/8 elek- 
 []


Overfull \hbox (27.68651pt too wide) in paragraph at lines 124--124
 \OT1/cmr/m/n/8 trischer 
 []


Overfull \hbox (27.03094pt too wide) in paragraph at lines 124--124
 \OT1/cmr/m/n/8 Leitun- 
 []


Overfull \hbox (12.75018pt too wide) in paragraph at lines 124--124
 \OT1/cmr/m/n/8 gen 
 []

! Misplaced \noalign.
\hline ->\noalign 
                  {\ifnum 0=`}\fi \hrule \@height \arrayrulewidth \futurelet...
l.124 ...olieren elektrischer Leitungen  \\ \hline
                                                  
I expect to see \noalign only after the \cr of
an alignment. Proceed, and I'll ignore this case.

! Misplaced alignment tab character &.
l.125 			3 &
             Schraubendreher Schlitz 3 \ mm & Werkzeug zum hinein- oder hera...
I can't figure out why you would want to use a tab mark
here. If you just want an ampersand, the remedy is
simple: Just type `I\&' now. But if some right brace
up above has ended a previous alignment prematurely,
you're probably due for more error messages, and you
might try typing `S' now just to see what is salvageable.

! Misplaced alignment tab character &.
l.125 			3 & Schraubendreher Schlitz 3 \ mm &
                                              Werkzeug zum hinein- oder hera...
I can't figure out why you would want to use a tab mark
here. If you just want an ampersand, the remedy is
simple: Just type `I\&' now. But if some right brace
up above has ended a previous alignment prematurely,
you're probably due for more error messages, and you
might try typing `S' now just to see what is salvageable.


Overfull \hbox (4.25006pt too wide) in paragraph at lines 125--125
 []\OT1/cmr/m/n/8 3 
 []


Overfull \hbox (41.5631pt too wide) in paragraph at lines 125--125
 \OT1/cmr/m/n/8 Schrauben- 
 []


Overfull \hbox (23.62534pt too wide) in paragraph at lines 125--125
 \OT1/cmr/m/n/8 dreher 
 []


Overfull \hbox (24.79202pt too wide) in paragraph at lines 125--125
 \OT1/cmr/m/n/8 Schlitz 
 []


Overfull \hbox (4.25006pt too wide) in paragraph at lines 125--125
 \OT1/cmr/m/n/8 3 
 []


Overfull \hbox (14.16687pt too wide) in paragraph at lines 125--125
 \OT1/cmr/m/n/8 mm 
 []


Overfull \hbox (36.12413pt too wide) in paragraph at lines 125--125
 \OT1/cmr/m/n/8 Werkzeug 
 []


Overfull \hbox (15.58356pt too wide) in paragraph at lines 125--125
 \OT1/cmr/m/n/8 zum 
 []


Overfull \hbox (25.50037pt too wide) in paragraph at lines 125--125
 \OT1/cmr/m/n/8 hinein- 
 []


Overfull \hbox (16.29884pt too wide) in paragraph at lines 125--125
 \OT1/cmr/m/n/8 oder 
 []


Overfull \hbox (14.64604pt too wide) in paragraph at lines 125--125
 \OT1/cmr/m/n/8 her- 
 []


Overfull \hbox (18.51138pt too wide) in paragraph at lines 125--125
 \OT1/cmr/m/n/8 auss- 
 []


Overfull \hbox (34.00743pt too wide) in paragraph at lines 125--125
 \OT1/cmr/m/n/8 chrauben 
 []


Overfull \hbox (13.22241pt too wide) in paragraph at lines 125--125
 \OT1/cmr/m/n/8 von 
 []


Overfull \hbox (38.72972pt too wide) in paragraph at lines 125--125
 \OT1/cmr/m/n/8 Schrauben 
 []

! Misplaced \noalign.
\hline ->\noalign 
                  {\ifnum 0=`}\fi \hrule \@height \arrayrulewidth \futurelet...
l.125 ...r herausschrauben von Schrauben \\ \hline
                                                  
I expect to see \noalign only after the \cr of
an alignment. Proceed, and I'll ignore this case.

! Misplaced alignment tab character &.
l.126 			4 &
             Seitenschneider & Werkzeug zum Trennen  \\ \hline
I can't figure out why you would want to use a tab mark
here. If you just want an ampersand, the remedy is
simple: Just type `I\&' now. But if some right brace
up above has ended a previous alignment prematurely,
you're probably due for more error messages, and you
might try typing `S' now just to see what is salvageable.

! Misplaced alignment tab character &.
l.126 			4 & Seitenschneider &
                               Werkzeug zum Trennen  \\ \hline
I can't figure out why you would want to use a tab mark
here. If you just want an ampersand, the remedy is
simple: Just type `I\&' now. But if some right brace
up above has ended a previous alignment prematurely,
you're probably due for more error messages, and you
might try typing `S' now just to see what is salvageable.


Overfull \hbox (4.25006pt too wide) in paragraph at lines 126--126
 []\OT1/cmr/m/n/8 4 
 []


Overfull \hbox (17.00024pt too wide) in paragraph at lines 126--126
 \OT1/cmr/m/n/8 Seit- 
 []


Overfull \hbox (11.3335pt too wide) in paragraph at lines 126--126
 \OT1/cmr/m/n/8 en- 
 []


Overfull \hbox (25.31148pt too wide) in paragraph at lines 126--126
 \OT1/cmr/m/n/8 schnei- 
 []


Overfull \hbox (11.81267pt too wide) in paragraph at lines 126--126
 \OT1/cmr/m/n/8 der 
 []


Overfull \hbox (36.12413pt too wide) in paragraph at lines 126--126
 \OT1/cmr/m/n/8 Werkzeug 
 []


Overfull \hbox (15.58356pt too wide) in paragraph at lines 126--126
 \OT1/cmr/m/n/8 zum 
 []


Overfull \hbox (20.07668pt too wide) in paragraph at lines 126--126
 \OT1/cmr/m/n/8 Tren- 
 []


Overfull \hbox (13.22241pt too wide) in paragraph at lines 126--126
 \OT1/cmr/m/n/8 nen 
 []

! Misplaced \noalign.
\hline ->\noalign 
                  {\ifnum 0=`}\fi \hrule \@height \arrayrulewidth \futurelet...
l.126 ...hneider & Werkzeug zum Trennen  \\ \hline
                                                  
I expect to see \noalign only after the \cr of
an alignment. Proceed, and I'll ignore this case.

! Misplaced alignment tab character &.
l.127 			5 &
             Innensechskantschlüssel 2 \ mm &  Werkzeug zum hinein- oder he...
I can't figure out why you would want to use a tab mark
here. If you just want an ampersand, the remedy is
simple: Just type `I\&' now. But if some right brace
up above has ended a previous alignment prematurely,
you're probably due for more error messages, and you
might try typing `S' now just to see what is salvageable.

! Misplaced alignment tab character &.
l.127 			5 & Innensechskantschlüssel 2 \ mm &
                                                Werkzeug zum hinein- oder he...
I can't figure out why you would want to use a tab mark
here. If you just want an ampersand, the remedy is
simple: Just type `I\&' now. But if some right brace
up above has ended a previous alignment prematurely,
you're probably due for more error messages, and you
might try typing `S' now just to see what is salvageable.


Overfull \hbox (4.25006pt too wide) in paragraph at lines 127--127
 []\OT1/cmr/m/n/8 5 
 []


Overfull \hbox (10.61682pt too wide) in paragraph at lines 127--127
 \OT1/cmr/m/n/8 In- 
 []


Overfull \hbox (31.45045pt too wide) in paragraph at lines 127--127
 \OT1/cmr/m/n/8 nensech- 
 []


Overfull \hbox (50.95352pt too wide) in paragraph at lines 127--127
 \OT1/cmr/m/n/8 skantschl^^?ussel 
 []


Overfull \hbox (4.25006pt too wide) in paragraph at lines 127--127
 \OT1/cmr/m/n/8 2 
 []


Overfull \hbox (14.16687pt too wide) in paragraph at lines 127--127
 \OT1/cmr/m/n/8 mm 
 []


Overfull \hbox (36.12413pt too wide) in paragraph at lines 127--127
 \OT1/cmr/m/n/8 Werkzeug 
 []


Overfull \hbox (15.58356pt too wide) in paragraph at lines 127--127
 \OT1/cmr/m/n/8 zum 
 []


Overfull \hbox (25.50037pt too wide) in paragraph at lines 127--127
 \OT1/cmr/m/n/8 hinein- 
 []


Overfull \hbox (16.29884pt too wide) in paragraph at lines 127--127
 \OT1/cmr/m/n/8 oder 
 []


Overfull \hbox (14.64604pt too wide) in paragraph at lines 127--127
 \OT1/cmr/m/n/8 her- 
 []


Overfull \hbox (18.51138pt too wide) in paragraph at lines 127--127
 \OT1/cmr/m/n/8 auss- 
 []


Overfull \hbox (34.00743pt too wide) in paragraph at lines 127--127
 \OT1/cmr/m/n/8 chrauben 
 []


Overfull \hbox (13.22241pt too wide) in paragraph at lines 127--127
 \OT1/cmr/m/n/8 von 
 []


Overfull \hbox (38.72972pt too wide) in paragraph at lines 127--127
 \OT1/cmr/m/n/8 Schrauben 
 []

! Misplaced \noalign.
\hline ->\noalign 
                  {\ifnum 0=`}\fi \hrule \@height \arrayrulewidth \futurelet...
l.127 ...r herausschrauben von Schrauben \\ \hline
                                                  
I expect to see \noalign only after the \cr of
an alignment. Proceed, and I'll ignore this case.

! Misplaced alignment tab character &.
l.128 			6 &
             Innensechskantschlüssel 2.5 \ mm &  Werkzeug zum hinein- oder ...
I can't figure out why you would want to use a tab mark
here. If you just want an ampersand, the remedy is
simple: Just type `I\&' now. But if some right brace
up above has ended a previous alignment prematurely,
you're probably due for more error messages, and you
might try typing `S' now just to see what is salvageable.

! Misplaced alignment tab character &.
l.128 			6 & Innensechskantschlüssel 2.5 \ mm &
                                                  Werkzeug zum hinein- oder ...
I can't figure out why you would want to use a tab mark
here. If you just want an ampersand, the remedy is
simple: Just type `I\&' now. But if some right brace
up above has ended a previous alignment prematurely,
you're probably due for more error messages, and you
might try typing `S' now just to see what is salvageable.


Overfull \hbox (4.25006pt too wide) in paragraph at lines 128--128
 []\OT1/cmr/m/n/8 6 
 []


Overfull \hbox (10.61682pt too wide) in paragraph at lines 128--128
 \OT1/cmr/m/n/8 In- 
 []


Overfull \hbox (31.45045pt too wide) in paragraph at lines 128--128
 \OT1/cmr/m/n/8 nensech- 
 []


Overfull \hbox (50.95352pt too wide) in paragraph at lines 128--128
 \OT1/cmr/m/n/8 skantschl^^?ussel 
 []


Overfull \hbox (10.86127pt too wide) in paragraph at lines 128--128
 \OT1/cmr/m/n/8 2.5 
 []


Overfull \hbox (14.16687pt too wide) in paragraph at lines 128--128
 \OT1/cmr/m/n/8 mm 
 []


Overfull \hbox (36.12413pt too wide) in paragraph at lines 128--128
 \OT1/cmr/m/n/8 Werkzeug 
 []


Overfull \hbox (15.58356pt too wide) in paragraph at lines 128--128
 \OT1/cmr/m/n/8 zum 
 []


Overfull \hbox (25.50037pt too wide) in paragraph at lines 128--128
 \OT1/cmr/m/n/8 hinein- 
 []


Overfull \hbox (16.29884pt too wide) in paragraph at lines 128--128
 \OT1/cmr/m/n/8 oder 
 []


Overfull \hbox (14.64604pt too wide) in paragraph at lines 128--128
 \OT1/cmr/m/n/8 her- 
 []


Overfull \hbox (18.51138pt too wide) in paragraph at lines 128--128
 \OT1/cmr/m/n/8 auss- 
 []


Overfull \hbox (34.00743pt too wide) in paragraph at lines 128--128
 \OT1/cmr/m/n/8 chrauben 
 []


Overfull \hbox (13.22241pt too wide) in paragraph at lines 128--128
 \OT1/cmr/m/n/8 von 
 []


Overfull \hbox (38.72972pt too wide) in paragraph at lines 128--128
 \OT1/cmr/m/n/8 Schrauben 
 []

! Misplaced \noalign.
\hline ->\noalign 
                  {\ifnum 0=`}\fi \hrule \@height \arrayrulewidth \futurelet...
l.128 ...r herausschrauben von Schrauben \\ \hline
                                                  
I expect to see \noalign only after the \cr of
an alignment. Proceed, and I'll ignore this case.

! Misplaced alignment tab character &.
l.129 			7 &
             Lötkolben &  Gerät um Bauteile zu verlöten \\ \hline
I can't figure out why you would want to use a tab mark
here. If you just want an ampersand, the remedy is
simple: Just type `I\&' now. But if some right brace
up above has ended a previous alignment prematurely,
you're probably due for more error messages, and you
might try typing `S' now just to see what is salvageable.

! Misplaced alignment tab character &.
l.129 			7 & Lötkolben &
                           Gerät um Bauteile zu verlöten \\ \hline
I can't figure out why you would want to use a tab mark
here. If you just want an ampersand, the remedy is
simple: Just type `I\&' now. But if some right brace
up above has ended a previous alignment prematurely,
you're probably due for more error messages, and you
might try typing `S' now just to see what is salvageable.


Overfull \hbox (4.25006pt too wide) in paragraph at lines 129--129
 []\OT1/cmr/m/n/8 7 
 []


Overfull \hbox (37.18387pt too wide) in paragraph at lines 129--129
 \OT1/cmr/m/n/8 L^^?otkolben 
 []


Overfull \hbox (21.3142pt too wide) in paragraph at lines 129--129
 \OT1/cmr/m/n/8 Ger^^?at 
 []


Overfull \hbox (11.80573pt too wide) in paragraph at lines 129--129
 \OT1/cmr/m/n/8 um 
 []


Overfull \hbox (30.57266pt too wide) in paragraph at lines 129--129
 \OT1/cmr/m/n/8 Bauteile 
 []


Overfull \hbox (8.50012pt too wide) in paragraph at lines 129--129
 \OT1/cmr/m/n/8 zu 
 []


Overfull \hbox (29.75737pt too wide) in paragraph at lines 129--129
 \OT1/cmr/m/n/8 verl^^?oten 
 []

! Misplaced \noalign.
\hline ->\noalign 
                  {\ifnum 0=`}\fi \hrule \@height \arrayrulewidth \futurelet...
l.129 ...Gerät um Bauteile zu verlöten \\ \hline
                                                  
I expect to see \noalign only after the \cr of
an alignment. Proceed, and I'll ignore this case.


! LaTeX Error: \begin{center} on input line 118 ended by \end{tabularx}.

See the LaTeX manual or LaTeX Companion for explanation.
Type  H <return>  for immediate help.
 ...                                              
                                                  
l.131 		\end{tabularx}
                      
Your command was ignored.
Type  I <command> <return>  to replace it with another command,
or  <return>  to continue without it.

! Undefined control sequence.
l.132 		\captionof
                  {table}{Benötigtes Werkzeug}	\label{WerkTab}
The control sequence at the end of the top line
of your error message was never \def'ed. If you have
misspelled it (e.g., `\hobx'), type `I' and the correct
spelling (e.g., `I\hbox'). Otherwise just continue,
and I'll forget about whatever was undefined.


Overfull \hbox (57.53694pt too wide) in paragraph at lines 132--133
 []\OT1/cmr/m/n/8 tableBen^^?otigtes 
 []


Overfull \hbox (36.12413pt too wide) in paragraph at lines 132--133
 \OT1/cmr/m/n/8 Werkzeug 
 []


! LaTeX Error: \begin{document} ended by \end{figure}.

See the LaTeX manual or LaTeX Companion for explanation.
Type  H <return>  for immediate help.
 ...                                              
                                                  
l.134 \end{figure}
                  
Your command was ignored.
Type  I <command> <return>  to replace it with another command,
or  <return>  to continue without it.

! Undefined control sequence.
l.136 \section
              {Fertigung Bauteile}
The control sequence at the end of the top line
of your error message was never \def'ed. If you have
misspelled it (e.g., `\hobx'), type `I' and the correct
spelling (e.g., `I\hbox'). Otherwise just continue,
and I'll forget about whatever was undefined.

Missing character: There is no F in font nullfont!
Missing character: There is no e in font nullfont!
Missing character: There is no r in font nullfont!
Missing character: There is no t in font nullfont!
Missing character: There is no i in font nullfont!
Missing character: There is no g in font nullfont!
Missing character: There is no u in font nullfont!
Missing character: There is no n in font nullfont!
Missing character: There is no g in font nullfont!
Missing character: There is no B in font nullfont!
Missing character: There is no a in font nullfont!
Missing character: There is no u in font nullfont!
Missing character: There is no t in font nullfont!
Missing character: There is no e in font nullfont!
Missing character: There is no i in font nullfont!
Missing character: There is no l in font nullfont!
Missing character: There is no e in font nullfont!

Overfull \hbox (20.0pt too wide) in paragraph at lines 136--137
[]
 []

Missing character: There is no D in font nullfont!
Missing character: There is no i in font nullfont!
Missing character: There is no e in font nullfont!
Missing character: There is no a in font nullfont!
Missing character: There is no u in font nullfont!
Missing character: There is no s in font nullfont!
Missing character: There is no d in font nullfont!
Missing character: There is no e in font nullfont!
Missing character: There is no r in font nullfont!
Missing character: There is no C in font nullfont!
Missing character: There is no A in font nullfont!
Missing character: There is no D in font nullfont!
Missing character: There is no - in font nullfont!
Missing character: There is no S in font nullfont!
Missing character: There is no o in font nullfont!
Missing character: There is no f in font nullfont!
Missing character: There is no t in font nullfont!
Missing character: There is no w in font nullfont!
Missing character: There is no a in font nullfont!
Missing character: There is no r in font nullfont!
Missing character: There is no e in font nullfont!
Missing character: There is no k in font nullfont!
Missing character: There is no o in font nullfont!
Missing character: There is no n in font nullfont!
Missing character: There is no s in font nullfont!
Missing character: There is no t in font nullfont!
Missing character: There is no r in font nullfont!
Missing character: There is no u in font nullfont!
Missing character: There is no i in font nullfont!
Missing character: There is no e in font nullfont!
Missing character: There is no r in font nullfont!
Missing character: There is no t in font nullfont!
Missing character: There is no e in font nullfont!
Missing character: There is no n in font nullfont!
Missing character: There is no S in font nullfont!
Missing character: There is no T in font nullfont!
Missing character: There is no L in font nullfont!
Missing character: There is no - in font nullfont!
Missing character: There is no D in font nullfont!
Missing character: There is no a in font nullfont!
Missing character: There is no t in font nullfont!
Missing character: There is no e in font nullfont!
Missing character: There is no i in font nullfont!
Missing character: There is no e in font nullfont!
Missing character: There is no n in font nullfont!
Missing character: There is no m in font nullfont!
Missing character: There is no s in font nullfont!
Missing character: There is no s in font nullfont!
Missing character: There is no e in font nullfont!
Missing character: There is no n in font nullfont!
Missing character: There is no m in font nullfont!
Missing character: There is no i in font nullfont!
Missing character: There is no t in font nullfont!
Missing character: There is no e in font nullfont!
Missing character: There is no i in font nullfont!
Missing character: There is no n in font nullfont!
Missing character: There is no e in font nullfont!
Missing character: There is no r in font nullfont!
Missing character: There is no S in font nullfont!
Missing character: There is no l in font nullfont!
Missing character: There is no i in font nullfont!
Missing character: There is no c in font nullfont!
Missing character: There is no e in font nullfont!
Missing character: There is no r in font nullfont!
Missing character: There is no - in font nullfont!
Missing character: There is no S in font nullfont!
Missing character: There is no o in font nullfont!
Missing character: There is no f in font nullfont!
Missing character: There is no t in font nullfont!
Missing character: There is no w in font nullfont!
Missing character: There is no a in font nullfont!
Missing character: There is no r in font nullfont!
Missing character: There is no e in font nullfont!
Missing character: There is no a in font nullfont!
Missing character: There is no n in font nullfont!
Missing character: There is no d in font nullfont!
Missing character: There is no e in font nullfont!
Missing character: There is no n in font nullfont!
Missing character: There is no j in font nullfont!
Missing character: There is no e in font nullfont!
Missing character: There is no w in font nullfont!
Missing character: There is no e in font nullfont!
Missing character: There is no i in font nullfont!
Missing character: There is no l in font nullfont!
Missing character: There is no i in font nullfont!
Missing character: There is no g in font nullfont!
Missing character: There is no e in font nullfont!
Missing character: There is no n in font nullfont!
Missing character: There is no 3 in font nullfont!
Missing character: There is no D in font nullfont!
Missing character: There is no - in font nullfont!
Missing character: There is no D in font nullfont!
Missing character: There is no r in font nullfont!
Missing character: There is no u in font nullfont!
Missing character: There is no c in font nullfont!
Missing character: There is no k in font nullfont!
Missing character: There is no e in font nullfont!
Missing character: There is no r in font nullfont!
Missing character: There is no a in font nullfont!
Missing character: There is no n in font nullfont!
Missing character: There is no g in font nullfont!
Missing character: There is no e in font nullfont!
Missing character: There is no p in font nullfont!
Missing character: There is no a in font nullfont!
Missing character: There is no s in font nullfont!
Missing character: There is no s in font nullfont!
Missing character: There is no t in font nullfont!
Missing character: There is no w in font nullfont!
Missing character: There is no e in font nullfont!
Missing character: There is no r in font nullfont!
Missing character: There is no d in font nullfont!
Missing character: There is no e in font nullfont!
Missing character: There is no n in font nullfont!
Missing character: There is no . in font nullfont!
Missing character: There is no D in font nullfont!
Missing character: There is no a in font nullfont!
Missing character: There is no n in font nullfont!
Missing character: There is no a in font nullfont!
Missing character: There is no c in font nullfont!
Missing character: There is no h in font nullfont!
Missing character: There is no k in font nullfont!
Missing character: There is no n in font nullfont!
Missing character: There is no n in font nullfont!
Missing character: There is no e in font nullfont!
Missing character: There is no n in font nullfont!
Missing character: There is no G in font nullfont!
Missing character: There is no - in font nullfont!
Missing character: There is no C in font nullfont!
Missing character: There is no o in font nullfont!
Missing character: There is no d in font nullfont!
Missing character: There is no e in font nullfont!
Missing character: There is no s in font nullfont!
Missing character: There is no a in font nullfont!
Missing character: There is no n in font nullfont!
Missing character: There is no d in font nullfont!
Missing character: There is no e in font nullfont!
Missing character: There is no n in font nullfont!
Missing character: There is no 3 in font nullfont!
Missing character: There is no D in font nullfont!
Missing character: There is no - in font nullfont!
Missing character: There is no D in font nullfont!
Missing character: There is no r in font nullfont!
Missing character: There is no u in font nullfont!
Missing character: There is no c in font nullfont!
Missing character: There is no k in font nullfont!
Missing character: There is no e in font nullfont!
Missing character: There is no r in font nullfont!
Missing character: There is no e in font nullfont!
Missing character: There is no x in font nullfont!
Missing character: There is no p in font nullfont!
Missing character: There is no o in font nullfont!
Missing character: There is no r in font nullfont!
Missing character: There is no t in font nullfont!
Missing character: There is no i in font nullfont!
Missing character: There is no e in font nullfont!
Missing character: There is no r in font nullfont!
Missing character: There is no t in font nullfont!
Missing character: There is no u in font nullfont!
Missing character: There is no n in font nullfont!
Missing character: There is no d in font nullfont!
Missing character: There is no g in font nullfont!
Missing character: There is no e in font nullfont!
Missing character: There is no d in font nullfont!
Missing character: There is no r in font nullfont!
Missing character: There is no u in font nullfont!
Missing character: There is no c in font nullfont!
Missing character: There is no k in font nullfont!
Missing character: There is no t in font nullfont!
Missing character: There is no w in font nullfont!
Missing character: There is no e in font nullfont!
Missing character: There is no r in font nullfont!
Missing character: There is no d in font nullfont!
Missing character: There is no e in font nullfont!
Missing character: There is no n in font nullfont!
Missing character: There is no . in font nullfont!
Missing character: There is no D in font nullfont!
Missing character: There is no i in font nullfont!
Missing character: There is no e in font nullfont!
Missing character: There is no S in font nullfont!
Missing character: There is no T in font nullfont!
Missing character: There is no L in font nullfont!
Missing character: There is no - in font nullfont!
Missing character: There is no D in font nullfont!
Missing character: There is no a in font nullfont!
Missing character: There is no t in font nullfont!
Missing character: There is no e in font nullfont!
Missing character: There is no i in font nullfont!
Missing character: There is no e in font nullfont!
Missing character: There is no n in font nullfont!
Missing character: There is no s in font nullfont!
Missing character: There is no i in font nullfont!
Missing character: There is no n in font nullfont!
Missing character: There is no d in font nullfont!
Missing character: There is no u in font nullfont!
Missing character: There is no n in font nullfont!
Missing character: There is no t in font nullfont!
Missing character: There is no e in font nullfont!
Missing character: There is no r in font nullfont!
Missing character: There is no d in font nullfont!
Missing character: There is no e in font nullfont!
Missing character: There is no m in font nullfont!
Missing character: There is no P in font nullfont!
Missing character: There is no f in font nullfont!
Missing character: There is no a in font nullfont!
Missing character: There is no d in font nullfont!
Missing character: There is no z in font nullfont!
Missing character: There is no u in font nullfont!
Missing character: There is no f in font nullfont!
Missing character: There is no i in font nullfont!
Missing character: There is no n in font nullfont!
Missing character: There is no d in font nullfont!
Missing character: There is no e in font nullfont!
Missing character: There is no n in font nullfont!
Missing character: There is no : in font nullfont!
LaTeX Font Info:    Trying to load font information for OMS+cmr on input line 1
38.
(c:/texlive/texmf-dist/tex/latex/base/omscmr.fd
File: omscmr.fd 2024/11/19 v2.5n Standard LaTeX font definitions
)
LaTeX Font Info:    Font shape `OMS/cmr/m/it' in size <10> not available
(Font)              Font shape `OMS/cmsy/m/n' tried instead on input line 138.

Missing character: There is no . in font nullfont!
Missing character: There is no W in font nullfont!
Missing character: There is no e in font nullfont!
Missing character: There is no n in font nullfont!
Missing character: There is no n in font nullfont!
Missing character: There is no S in font nullfont!
Missing character: There is no i in font nullfont!
Missing character: There is no e in font nullfont!
Missing character: There is no d in font nullfont!
Missing character: There is no e in font nullfont!
Missing character: There is no n in font nullfont!
Missing character: There is no A in font nullfont!
Missing character: There is no n in font nullfont!
Missing character: There is no y in font nullfont!
Missing character: There is no C in font nullfont!
Missing character: There is no u in font nullfont!
Missing character: There is no b in font nullfont!
Missing character: There is no i in font nullfont!
Missing character: There is no c in font nullfont!
Missing character: There is no M in font nullfont!
Missing character: There is no o in font nullfont!
Missing character: There is no d in font nullfont!
Missing character: There is no e in font nullfont!
Missing character: There is no l in font nullfont!
Missing character: There is no K in font nullfont!
Missing character: There is no o in font nullfont!
Missing character: There is no b in font nullfont!
Missing character: There is no r in font nullfont!
Missing character: There is no a in font nullfont!
Missing character: There is no N in font nullfont!
Missing character: There is no e in font nullfont!
Missing character: There is no o in font nullfont!
Missing character: There is no 2 in font nullfont!
Missing character: There is no D in font nullfont!
Missing character: There is no r in font nullfont!
Missing character: There is no u in font nullfont!
Missing character: There is no c in font nullfont!
Missing character: There is no k in font nullfont!
Missing character: There is no e in font nullfont!
Missing character: There is no r in font nullfont!
Missing character: There is no v in font nullfont!
Missing character: There is no e in font nullfont!
Missing character: There is no r in font nullfont!
Missing character: There is no w in font nullfont!
Missing character: There is no e in font nullfont!
Missing character: There is no n in font nullfont!
Missing character: There is no d in font nullfont!
Missing character: There is no e in font nullfont!
Missing character: There is no n in font nullfont!
Missing character: There is no , in font nullfont!
Missing character: There is no f in font nullfont!
Missing character: There is no i in font nullfont!
Missing character: There is no n in font nullfont!
Missing character: There is no d in font nullfont!
Missing character: There is no e in font nullfont!
Missing character: There is no n in font nullfont!
Missing character: There is no S in font nullfont!
Missing character: There is no i in font nullfont!
Missing character: There is no e in font nullfont!
Missing character: There is no d in font nullfont!
Missing character: There is no i in font nullfont!
Missing character: There is no e in font nullfont!
Missing character: There is no f in font nullfont!
Missing character: There is no e in font nullfont!
Missing character: There is no r in font nullfont!
Missing character: There is no t in font nullfont!
Missing character: There is no i in font nullfont!
Missing character: There is no g in font nullfont!
Missing character: There is no e in font nullfont!
Missing character: There is no n in font nullfont!
Missing character: There is no G in font nullfont!
Missing character: There is no - in font nullfont!
Missing character: There is no C in font nullfont!
Missing character: There is no o in font nullfont!
Missing character: There is no d in font nullfont!
Missing character: There is no e in font nullfont!
Missing character: There is no s in font nullfont!
Missing character: There is no u in font nullfont!
Missing character: There is no n in font nullfont!
Missing character: There is no t in font nullfont!
Missing character: There is no e in font nullfont!
Missing character: There is no r in font nullfont!
Missing character: There is no d in font nullfont!
Missing character: There is no e in font nullfont!
Missing character: There is no m in font nullfont!
Missing character: There is no P in font nullfont!
Missing character: There is no f in font nullfont!
Missing character: There is no a in font nullfont!
Missing character: There is no d in font nullfont!
Missing character: There is no : in font nullfont!

Overfull \hbox (20.0pt too wide) in paragraph at lines 138--139
[]
 []


Overfull \hbox (5.55557pt too wide) in paragraph at lines 138--139
\/cmr/m/n/10 ^^?u
 []


Overfull \hbox (5.00002pt too wide) in paragraph at lines 138--139
\/cmr/m/n/10 ^^?o
 []


Overfull \hbox (34.63866pt too wide) in paragraph at lines 138--139
\OT1/cmr/m/it/10 Demon-
 []


Overfull \hbox (19.80539pt too wide) in paragraph at lines 138--139
\OT1/cmr/m/it/10 stra-
 []


Overfull \hbox (58.77736pt too wide) in paragraph at lines 138--139
\OT1/cmr/m/it/10 torSchrittmo-
 []


Overfull \hbox (12.6499pt too wide) in paragraph at lines 138--139
\OT1/cmr/m/it/10 tor
 []


Overfull \hbox (45.1831pt too wide) in paragraph at lines 138--139
\OMS/cmsy/m/n/10 n\OT1/cmr/m/it/10 Appendix
 []


Overfull \hbox (62.13853pt too wide) in paragraph at lines 138--139
\OMS/cmsy/m/n/10 n\OT1/cmr/m/it/10 Konstruktion
 []


Overfull \hbox (24.04988pt too wide) in paragraph at lines 138--139
\OMS/cmsy/m/n/10 n\OT1/cmr/m/it/10 STL
 []


Overfull \hbox (34.63866pt too wide) in paragraph at lines 138--139
\OT1/cmr/m/it/10 Demon-
 []


Overfull \hbox (19.80539pt too wide) in paragraph at lines 138--139
\OT1/cmr/m/it/10 stra-
 []


Overfull \hbox (58.77736pt too wide) in paragraph at lines 138--139
\OT1/cmr/m/it/10 torSchrittmo-
 []


Overfull \hbox (12.6499pt too wide) in paragraph at lines 138--139
\OT1/cmr/m/it/10 tor
 []


Overfull \hbox (45.1831pt too wide) in paragraph at lines 138--139
\OMS/cmsy/m/n/10 n\OT1/cmr/m/it/10 Appendix
 []


Overfull \hbox (62.13853pt too wide) in paragraph at lines 138--139
\OMS/cmsy/m/n/10 n\OT1/cmr/m/it/10 Konstruktion
 []


Overfull \hbox (129.32759pt too wide) in paragraph at lines 138--139
\OMS/cmsy/m/n/10 n\OT1/cmr/m/it/10 GCodesAnyCubicKobra2Neo 
 []

! Undefined control sequence.
l.140 \section
              {Einsetzen der Einpressmuttern}
The control sequence at the end of the top line
of your error message was never \def'ed. If you have
misspelled it (e.g., `\hobx'), type `I' and the correct
spelling (e.g., `I\hbox'). Otherwise just continue,
and I'll forget about whatever was undefined.

Missing character: There is no E in font nullfont!
Missing character: There is no i in font nullfont!
Missing character: There is no n in font nullfont!
Missing character: There is no s in font nullfont!
Missing character: There is no e in font nullfont!
Missing character: There is no t in font nullfont!
Missing character: There is no z in font nullfont!
Missing character: There is no e in font nullfont!
Missing character: There is no n in font nullfont!
Missing character: There is no d in font nullfont!
Missing character: There is no e in font nullfont!
Missing character: There is no r in font nullfont!
Missing character: There is no E in font nullfont!
Missing character: There is no i in font nullfont!
Missing character: There is no n in font nullfont!
Missing character: There is no p in font nullfont!
Missing character: There is no r in font nullfont!
Missing character: There is no e in font nullfont!
Missing character: There is no s in font nullfont!
Missing character: There is no s in font nullfont!
Missing character: There is no m in font nullfont!
Missing character: There is no u in font nullfont!
Missing character: There is no t in font nullfont!
Missing character: There is no t in font nullfont!
Missing character: There is no e in font nullfont!
Missing character: There is no r in font nullfont!
Missing character: There is no n in font nullfont!

Overfull \hbox (20.0pt too wide) in paragraph at lines 140--141
[]
 []

Missing character: There is no D in font nullfont!
Missing character: There is no i in font nullfont!
Missing character: There is no e in font nullfont!
Missing character: There is no E in font nullfont!
Missing character: There is no i in font nullfont!
Missing character: There is no n in font nullfont!
Missing character: There is no p in font nullfont!
Missing character: There is no r in font nullfont!
Missing character: There is no e in font nullfont!
Missing character: There is no s in font nullfont!
Missing character: There is no s in font nullfont!
Missing character: There is no m in font nullfont!
Missing character: There is no u in font nullfont!
Missing character: There is no t in font nullfont!
Missing character: There is no t in font nullfont!
Missing character: There is no e in font nullfont!
Missing character: There is no r in font nullfont!
Missing character: There is no n in font nullfont!
Missing character: There is no w in font nullfont!
Missing character: There is no e in font nullfont!
Missing character: There is no r in font nullfont!
Missing character: There is no d in font nullfont!
Missing character: There is no e in font nullfont!
Missing character: There is no n in font nullfont!
Missing character: There is no i in font nullfont!
Missing character: There is no n in font nullfont!
Missing character: There is no d in font nullfont!
Missing character: There is no i in font nullfont!
Missing character: There is no e in font nullfont!
Missing character: There is no B in font nullfont!
Missing character: There is no a in font nullfont!
Missing character: There is no u in font nullfont!
Missing character: There is no t in font nullfont!
Missing character: There is no e in font nullfont!
Missing character: There is no i in font nullfont!
Missing character: There is no l in font nullfont!
Missing character: There is no e in font nullfont!
Missing character: There is no F in font nullfont!
Missing character: There is no r in font nullfont!
Missing character: There is no o in font nullfont!
Missing character: There is no n in font nullfont!
Missing character: There is no t in font nullfont!
Missing character: There is no p in font nullfont!
Missing character: There is no l in font nullfont!
Missing character: There is no a in font nullfont!
Missing character: There is no t in font nullfont!
Missing character: There is no t in font nullfont!
Missing character: There is no e in font nullfont!
Missing character: There is no , in font nullfont!
Missing character: There is no R in font nullfont!
Missing character: There is no c in font nullfont!
Missing character: There is no k in font nullfont!
Missing character: There is no p in font nullfont!
Missing character: There is no l in font nullfont!
Missing character: There is no a in font nullfont!
Missing character: There is no t in font nullfont!
Missing character: There is no t in font nullfont!
Missing character: There is no e in font nullfont!
Missing character: There is no u in font nullfont!
Missing character: There is no n in font nullfont!
Missing character: There is no d in font nullfont!
Missing character: There is no A in font nullfont!
Missing character: There is no n in font nullfont!
Missing character: There is no z in font nullfont!
Missing character: There is no e in font nullfont!
Missing character: There is no i in font nullfont!
Missing character: There is no g in font nullfont!
Missing character: There is no e in font nullfont!
Missing character: There is no r in font nullfont!
Missing character: There is no e in font nullfont!
Missing character: There is no i in font nullfont!
Missing character: There is no n in font nullfont!
Missing character: There is no g in font nullfont!
Missing character: There is no e in font nullfont!
Missing character: There is no s in font nullfont!
Missing character: There is no e in font nullfont!
Missing character: There is no t in font nullfont!
Missing character: There is no z in font nullfont!
Missing character: There is no t in font nullfont!
Missing character: There is no . in font nullfont!
Missing character: There is no I in font nullfont!
Missing character: There is no n in font nullfont!
Missing character: There is no d in font nullfont!
Missing character: There is no i in font nullfont!
Missing character: There is no e in font nullfont!
Missing character: There is no 4 in font nullfont!
Missing character: There is no m in font nullfont!
Missing character: There is no m in font nullfont!
Missing character: There is no B in font nullfont!
Missing character: There is no o in font nullfont!
Missing character: There is no h in font nullfont!
Missing character: There is no r in font nullfont!
Missing character: There is no u in font nullfont!
Missing character: There is no n in font nullfont!
Missing character: There is no g in font nullfont!
Missing character: There is no e in font nullfont!
Missing character: There is no n in font nullfont!
Missing character: There is no d in font nullfont!
Missing character: There is no e in font nullfont!
Missing character: There is no r in font nullfont!
Missing character: There is no B in font nullfont!
Missing character: There is no a in font nullfont!
Missing character: There is no u in font nullfont!
Missing character: There is no t in font nullfont!
Missing character: There is no e in font nullfont!
Missing character: There is no i in font nullfont!
Missing character: There is no l in font nullfont!
Missing character: There is no e in font nullfont!
Missing character: There is no w in font nullfont!
Missing character: There is no i in font nullfont!
Missing character: There is no r in font nullfont!
Missing character: There is no d in font nullfont!
Missing character: There is no d in font nullfont!
Missing character: There is no i in font nullfont!
Missing character: There is no e in font nullfont!
Missing character: There is no E in font nullfont!
Missing character: There is no i in font nullfont!
Missing character: There is no n in font nullfont!
Missing character: There is no p in font nullfont!
Missing character: There is no r in font nullfont!
Missing character: There is no e in font nullfont!
Missing character: There is no s in font nullfont!
Missing character: There is no s in font nullfont!
Missing character: There is no m in font nullfont!
Missing character: There is no u in font nullfont!
Missing character: There is no t in font nullfont!
Missing character: There is no t in font nullfont!
Missing character: There is no e in font nullfont!
Missing character: There is no r in font nullfont!
Missing character: There is no m in font nullfont!
Missing character: There is no i in font nullfont!
Missing character: There is no t in font nullfont!
Missing character: There is no e in font nullfont!
Missing character: There is no i in font nullfont!
Missing character: There is no n in font nullfont!
Missing character: There is no e in font nullfont!
Missing character: There is no m in font nullfont!
Missing character: There is no h in font nullfont!
Missing character: There is no e in font nullfont!
Missing character: There is no i in font nullfont!
Missing character: There is no e in font nullfont!
Missing character: There is no n in font nullfont!
Missing character: There is no L in font nullfont!
Missing character: There is no t in font nullfont!
Missing character: There is no k in font nullfont!
Missing character: There is no o in font nullfont!
Missing character: There is no l in font nullfont!
Missing character: There is no b in font nullfont!
Missing character: There is no e in font nullfont!
Missing character: There is no n in font nullfont!
Missing character: There is no e in font nullfont!
Missing character: There is no i in font nullfont!
Missing character: There is no n in font nullfont!
Missing character: There is no g in font nullfont!
Missing character: There is no e in font nullfont!
Missing character: There is no p in font nullfont!
Missing character: There is no r in font nullfont!
Missing character: There is no e in font nullfont!
Missing character: There is no s in font nullfont!
Missing character: There is no s in font nullfont!
Missing character: There is no t in font nullfont!
Missing character: There is no , in font nullfont!
Missing character: There is no b in font nullfont!
Missing character: There is no i in font nullfont!
Missing character: There is no s in font nullfont!
Missing character: There is no s in font nullfont!
Missing character: There is no i in font nullfont!
Missing character: There is no e in font nullfont!
Missing character: There is no b in font nullfont!
Missing character: There is no n in font nullfont!
Missing character: There is no d in font nullfont!
Missing character: There is no i in font nullfont!
Missing character: There is no g in font nullfont!
Missing character: There is no m in font nullfont!
Missing character: There is no i in font nullfont!
Missing character: There is no t in font nullfont!
Missing character: There is no d in font nullfont!
Missing character: There is no e in font nullfont!
Missing character: There is no m in font nullfont!
Missing character: There is no B in font nullfont!
Missing character: There is no a in font nullfont!
Missing character: There is no u in font nullfont!
Missing character: There is no t in font nullfont!
Missing character: There is no e in font nullfont!
Missing character: There is no i in font nullfont!
Missing character: There is no l in font nullfont!
Missing character: There is no a in font nullfont!
Missing character: There is no b in font nullfont!
Missing character: There is no s in font nullfont!
Missing character: There is no c in font nullfont!
Missing character: There is no h in font nullfont!
Missing character: There is no l in font nullfont!
Missing character: There is no i in font nullfont!
Missing character: There is no e in font nullfont!
Missing character: There is no t in font nullfont!
Missing character: There is no . in font nullfont!
Missing character: There is no D in font nullfont!
Missing character: There is no i in font nullfont!
Missing character: There is no e in font nullfont!
Missing character: There is no s in font nullfont!
Missing character: There is no i in font nullfont!
Missing character: There is no s in font nullfont!
Missing character: There is no t in font nullfont!
Missing character: There is no i in font nullfont!
Missing character: There is no n in font nullfont!
Missing character: There is no A in font nullfont!
Missing character: There is no b in font nullfont!
Missing character: There is no b in font nullfont!
Missing character: There is no i in font nullfont!
Missing character: There is no l in font nullfont!
Missing character: There is no d in font nullfont!
Missing character: There is no u in font nullfont!
Missing character: There is no n in font nullfont!
Missing character: There is no g in font nullfont!
! Undefined control sequence.
<write> ... Reference `Einpress' on page \thepage 
                                                  \space undefined\on@line .
l.142 ...ßt. Dies ist in Abbildung \ref{Einpress}
                                                   dargestellt.
The control sequence at the end of the top line
of your error message was never \def'ed. If you have
misspelled it (e.g., `\hobx'), type `I' and the correct
spelling (e.g., `I\hbox'). Otherwise just continue,
and I'll forget about whatever was undefined.


LaTeX Warning: Reference `Einpress' on page  undefined on input line 142.

Missing character: There is no d in font nullfont!
Missing character: There is no a in font nullfont!
Missing character: There is no r in font nullfont!
Missing character: There is no g in font nullfont!
Missing character: There is no e in font nullfont!
Missing character: There is no s in font nullfont!
Missing character: There is no t in font nullfont!
Missing character: There is no e in font nullfont!
Missing character: There is no l in font nullfont!
Missing character: There is no l in font nullfont!
Missing character: There is no t in font nullfont!
Missing character: There is no . in font nullfont!

Overfull \hbox (20.0pt too wide) in paragraph at lines 142--143
[]
 []


Overfull \hbox (5.55557pt too wide) in paragraph at lines 142--143
\/cmr/m/n/10 ^^?u
 []


Overfull \hbox (7.7778pt too wide) in paragraph at lines 142--143
\/cmr/m/n/10 ^^_
 []


Overfull \hbox (5.00002pt too wide) in paragraph at lines 142--143
\/cmr/m/n/10 ^^Y
 []


Overfull \hbox (5.00002pt too wide) in paragraph at lines 142--143
\/cmr/m/n/10 ^^?o
 []


Overfull \hbox (5.55557pt too wide) in paragraph at lines 142--143
\/cmr/m/n/10 ^^?u
 []


Overfull \hbox (5.00002pt too wide) in paragraph at lines 142--143
\/cmr/m/n/10 ^^Y
 []


Overfull \hbox (10.86105pt too wide) in paragraph at lines 142--143
[]
 []


! LaTeX Error: Environment figure undefined.

See the LaTeX manual or LaTeX Companion for explanation.
Type  H <return>  for immediate help.
 ...                                              
                                                  
l.144 \begin{figure}
                    [H]
Your command was ignored.
Type  I <command> <return>  to replace it with another command,
or  <return>  to continue without it.

Missing character: There is no [ in font nullfont!
Missing character: There is no H in font nullfont!
Missing character: There is no ] in font nullfont!

Overfull \hbox (20.0pt too wide) in paragraph at lines 144--145
[] 
 []

! Undefined control sequence.
l.146 		\includegraphics
                        [width=\textwidth]{Images/Einpress.jpg}
The control sequence at the end of the top line
of your error message was never \def'ed. If you have
misspelled it (e.g., `\hobx'), type `I' and the correct
spelling (e.g., `I\hbox'). Otherwise just continue,
and I'll forget about whatever was undefined.

Missing character: There is no [ in font nullfont!
Missing character: There is no w in font nullfont!
Missing character: There is no i in font nullfont!
Missing character: There is no d in font nullfont!
Missing character: There is no t in font nullfont!
Missing character: There is no h in font nullfont!
Missing character: There is no = in font nullfont!
! Missing number, treated as zero.
<to be read again> 
                   ]
l.146 		\includegraphics[width=\textwidth]
                                          {Images/Einpress.jpg}
A number should have been here; I inserted `0'.
(If you can't figure out why I needed to see a number,
look up `weird error' in the index to The TeXbook.)

! Illegal unit of measure (pt inserted).
<to be read again> 
                   ]
l.146 		\includegraphics[width=\textwidth]
                                          {Images/Einpress.jpg}
Dimensions can be in units of em, ex, in, pt, pc,
cm, mm, dd, cc, nd, nc, bp, or sp; but yours is a new one!
I'll assume that you meant to say pt, for printer's points.
To recover gracefully from this error, it's best to
delete the erroneous units; e.g., type `2' to delete
two letters. (See Chapter 27 of The TeXbook.)

Missing character: There is no ] in font nullfont!
Missing character: There is no I in font nullfont!
Missing character: There is no m in font nullfont!
Missing character: There is no a in font nullfont!
Missing character: There is no g in font nullfont!
Missing character: There is no e in font nullfont!
Missing character: There is no s in font nullfont!
Missing character: There is no / in font nullfont!
Missing character: There is no E in font nullfont!
Missing character: There is no i in font nullfont!
Missing character: There is no n in font nullfont!
Missing character: There is no p in font nullfont!
Missing character: There is no r in font nullfont!
Missing character: There is no e in font nullfont!
Missing character: There is no s in font nullfont!
Missing character: There is no s in font nullfont!
Missing character: There is no . in font nullfont!
Missing character: There is no j in font nullfont!
Missing character: There is no p in font nullfont!
Missing character: There is no g in font nullfont!

! LaTeX Error: \caption outside float.

See the LaTeX manual or LaTeX Companion for explanation.
Type  H <return>  for immediate help.
 ...                                              
                                                  
l.147 		\caption
                {Einpressen der Einpressmuttern} \label{Einpress}
You're in trouble here.  Try typing  <return>  to proceed.
If that doesn't work, type  X <return>  to quit.

Missing character: There is no E in font nullfont!
Missing character: There is no i in font nullfont!
Missing character: There is no n in font nullfont!
Missing character: There is no p in font nullfont!
Missing character: There is no r in font nullfont!
Missing character: There is no e in font nullfont!
Missing character: There is no s in font nullfont!
Missing character: There is no s in font nullfont!
Missing character: There is no e in font nullfont!
Missing character: There is no n in font nullfont!
Missing character: There is no d in font nullfont!
Missing character: There is no e in font nullfont!
Missing character: There is no r in font nullfont!
Missing character: There is no E in font nullfont!
Missing character: There is no i in font nullfont!
Missing character: There is no n in font nullfont!
Missing character: There is no p in font nullfont!
Missing character: There is no r in font nullfont!
Missing character: There is no e in font nullfont!
Missing character: There is no s in font nullfont!
Missing character: There is no s in font nullfont!
Missing character: There is no m in font nullfont!
Missing character: There is no u in font nullfont!
Missing character: There is no t in font nullfont!
Missing character: There is no t in font nullfont!
Missing character: There is no e in font nullfont!
Missing character: There is no r in font nullfont!
Missing character: There is no n in font nullfont!

! LaTeX Error: \begin{document} ended by \end{figure}.

See the LaTeX manual or LaTeX Companion for explanation.
Type  H <return>  for immediate help.
 ...                                              
                                                  
l.149 \end{figure}
                  
Your command was ignored.
Type  I <command> <return>  to replace it with another command,
or  <return>  to continue without it.

! Undefined control sequence.
l.151 \section
              {Vorbereiten der elektrischen Leitungen}
The control sequence at the end of the top line
of your error message was never \def'ed. If you have
misspelled it (e.g., `\hobx'), type `I' and the correct
spelling (e.g., `I\hbox'). Otherwise just continue,
and I'll forget about whatever was undefined.

Missing character: There is no V in font nullfont!
Missing character: There is no o in font nullfont!
Missing character: There is no r in font nullfont!
Missing character: There is no b in font nullfont!
Missing character: There is no e in font nullfont!
Missing character: There is no r in font nullfont!
Missing character: There is no e in font nullfont!
Missing character: There is no i in font nullfont!
Missing character: There is no t in font nullfont!
Missing character: There is no e in font nullfont!
Missing character: There is no n in font nullfont!
Missing character: There is no d in font nullfont!
Missing character: There is no e in font nullfont!
Missing character: There is no r in font nullfont!
Missing character: There is no e in font nullfont!
Missing character: There is no l in font nullfont!
Missing character: There is no e in font nullfont!
Missing character: There is no k in font nullfont!
Missing character: There is no t in font nullfont!
Missing character: There is no r in font nullfont!
Missing character: There is no i in font nullfont!
Missing character: There is no s in font nullfont!
Missing character: There is no c in font nullfont!
Missing character: There is no h in font nullfont!
Missing character: There is no e in font nullfont!
Missing character: There is no n in font nullfont!
Missing character: There is no L in font nullfont!
Missing character: There is no e in font nullfont!
Missing character: There is no i in font nullfont!
Missing character: There is no t in font nullfont!
Missing character: There is no u in font nullfont!
Missing character: There is no n in font nullfont!
Missing character: There is no g in font nullfont!
Missing character: There is no e in font nullfont!
Missing character: There is no n in font nullfont!

Overfull \hbox (20.0pt too wide) in paragraph at lines 151--152
[]
 []

Missing character: There is no D in font nullfont!
Missing character: There is no i in font nullfont!
Missing character: There is no e in font nullfont!
Missing character: There is no e in font nullfont!
Missing character: There is no l in font nullfont!
Missing character: There is no e in font nullfont!
Missing character: There is no k in font nullfont!
Missing character: There is no t in font nullfont!
Missing character: There is no r in font nullfont!
Missing character: There is no i in font nullfont!
Missing character: There is no s in font nullfont!
Missing character: There is no c in font nullfont!
Missing character: There is no h in font nullfont!
Missing character: There is no e in font nullfont!
Missing character: There is no n in font nullfont!
Missing character: There is no L in font nullfont!
Missing character: There is no e in font nullfont!
Missing character: There is no i in font nullfont!
Missing character: There is no t in font nullfont!
Missing character: There is no u in font nullfont!
Missing character: There is no n in font nullfont!
Missing character: There is no g in font nullfont!
Missing character: There is no e in font nullfont!
Missing character: There is no n in font nullfont!
Missing character: There is no w in font nullfont!
Missing character: There is no e in font nullfont!
Missing character: There is no r in font nullfont!
Missing character: There is no d in font nullfont!
Missing character: There is no e in font nullfont!
Missing character: There is no n in font nullfont!
Missing character: There is no v in font nullfont!
Missing character: There is no o in font nullfont!
Missing character: There is no r in font nullfont!
Missing character: There is no d in font nullfont!
Missing character: There is no e in font nullfont!
Missing character: There is no r in font nullfont!
Missing character: There is no M in font nullfont!
Missing character: There is no o in font nullfont!
Missing character: There is no n in font nullfont!
Missing character: There is no t in font nullfont!
Missing character: There is no a in font nullfont!
Missing character: There is no g in font nullfont!
Missing character: There is no e in font nullfont!
Missing character: There is no v in font nullfont!
Missing character: There is no o in font nullfont!
Missing character: There is no r in font nullfont!
Missing character: There is no b in font nullfont!
Missing character: There is no e in font nullfont!
Missing character: There is no r in font nullfont!
Missing character: There is no e in font nullfont!
Missing character: There is no i in font nullfont!
Missing character: There is no t in font nullfont!
Missing character: There is no e in font nullfont!
Missing character: There is no t in font nullfont!
Missing character: There is no , in font nullfont!
Missing character: There is no u in font nullfont!
Missing character: There is no m in font nullfont!
Missing character: There is no d in font nullfont!
Missing character: There is no i in font nullfont!
Missing character: There is no e in font nullfont!
Missing character: There is no M in font nullfont!
Missing character: There is no o in font nullfont!
Missing character: There is no n in font nullfont!
Missing character: There is no t in font nullfont!
Missing character: There is no a in font nullfont!
Missing character: There is no g in font nullfont!
Missing character: There is no e in font nullfont!
Missing character: There is no z in font nullfont!
Missing character: There is no u in font nullfont!
Missing character: There is no e in font nullfont!
Missing character: There is no r in font nullfont!
Missing character: There is no l in font nullfont!
Missing character: There is no e in font nullfont!
Missing character: There is no i in font nullfont!
Missing character: There is no c in font nullfont!
Missing character: There is no h in font nullfont!
Missing character: There is no t in font nullfont!
Missing character: There is no e in font nullfont!
Missing character: There is no r in font nullfont!
Missing character: There is no n in font nullfont!
Missing character: There is no . in font nullfont!
Missing character: There is no D in font nullfont!
Missing character: There is no i in font nullfont!
Missing character: There is no e in font nullfont!
Missing character: There is no e in font nullfont!
Missing character: There is no r in font nullfont!
Missing character: There is no f in font nullfont!
Missing character: There is no o in font nullfont!
Missing character: There is no r in font nullfont!
Missing character: There is no d in font nullfont!
Missing character: There is no e in font nullfont!
Missing character: There is no r in font nullfont!
Missing character: There is no l in font nullfont!
Missing character: There is no i in font nullfont!
Missing character: There is no c in font nullfont!
Missing character: There is no h in font nullfont!
Missing character: There is no e in font nullfont!
Missing character: There is no n in font nullfont!
Missing character: There is no L in font nullfont!
Missing character: There is no e in font nullfont!
Missing character: There is no i in font nullfont!
Missing character: There is no t in font nullfont!
Missing character: There is no u in font nullfont!
Missing character: There is no n in font nullfont!
Missing character: There is no g in font nullfont!
Missing character: There is no e in font nullfont!
Missing character: There is no n in font nullfont!
Missing character: There is no s in font nullfont!
Missing character: There is no i in font nullfont!
Missing character: There is no n in font nullfont!
Missing character: There is no d in font nullfont!
Missing character: There is no i in font nullfont!
Missing character: There is no n in font nullfont!
Missing character: There is no B in font nullfont!
Missing character: There is no i in font nullfont!
Missing character: There is no l in font nullfont!
Missing character: There is no d in font nullfont!
! Undefined control sequence.
<write> ...Reference `Leitungen' on page \thepage 
                                                  \space undefined\on@line .
l.153 ...en Leitungen sind in Bild \ref{Leitungen}
                                                   dargestellt und in Tabell...
The control sequence at the end of the top line
of your error message was never \def'ed. If you have
misspelled it (e.g., `\hobx'), type `I' and the correct
spelling (e.g., `I\hbox'). Otherwise just continue,
and I'll forget about whatever was undefined.


LaTeX Warning: Reference `Leitungen' on page  undefined on input line 153.

Missing character: There is no d in font nullfont!
Missing character: There is no a in font nullfont!
Missing character: There is no r in font nullfont!
Missing character: There is no g in font nullfont!
Missing character: There is no e in font nullfont!
Missing character: There is no s in font nullfont!
Missing character: There is no t in font nullfont!
Missing character: There is no e in font nullfont!
Missing character: There is no l in font nullfont!
Missing character: There is no l in font nullfont!
Missing character: There is no t in font nullfont!
Missing character: There is no u in font nullfont!
Missing character: There is no n in font nullfont!
Missing character: There is no d in font nullfont!
Missing character: There is no i in font nullfont!
Missing character: There is no n in font nullfont!
Missing character: There is no T in font nullfont!
Missing character: There is no a in font nullfont!
Missing character: There is no b in font nullfont!
Missing character: There is no e in font nullfont!
Missing character: There is no l in font nullfont!
Missing character: There is no l in font nullfont!
Missing character: There is no e in font nullfont!
! Undefined control sequence.
<write> ...: Reference `Leittab' on page \thepage 
                                                  \space undefined\on@line .
l.153 ... dargestellt und in Tabelle \ref{Leittab}
                                                   mit den entsprechenden Le...
The control sequence at the end of the top line
of your error message was never \def'ed. If you have
misspelled it (e.g., `\hobx'), type `I' and the correct
spelling (e.g., `I\hbox'). Otherwise just continue,
and I'll forget about whatever was undefined.


LaTeX Warning: Reference `Leittab' on page  undefined on input line 153.

Missing character: There is no m in font nullfont!
Missing character: There is no i in font nullfont!
Missing character: There is no t in font nullfont!
Missing character: There is no d in font nullfont!
Missing character: There is no e in font nullfont!
Missing character: There is no n in font nullfont!
Missing character: There is no e in font nullfont!
Missing character: There is no n in font nullfont!
Missing character: There is no t in font nullfont!
Missing character: There is no s in font nullfont!
Missing character: There is no p in font nullfont!
Missing character: There is no r in font nullfont!
Missing character: There is no e in font nullfont!
Missing character: There is no c in font nullfont!
Missing character: There is no h in font nullfont!
Missing character: There is no e in font nullfont!
Missing character: There is no n in font nullfont!
Missing character: There is no d in font nullfont!
Missing character: There is no e in font nullfont!
Missing character: There is no n in font nullfont!
Missing character: There is no L in font nullfont!
Missing character: There is no e in font nullfont!
Missing character: There is no i in font nullfont!
Missing character: There is no t in font nullfont!
Missing character: There is no u in font nullfont!
Missing character: There is no n in font nullfont!
Missing character: There is no g in font nullfont!
Missing character: There is no s in font nullfont!
Missing character: There is no e in font nullfont!
Missing character: There is no n in font nullfont!
Missing character: There is no d in font nullfont!
Missing character: There is no e in font nullfont!
Missing character: There is no n in font nullfont!
Missing character: There is no a in font nullfont!
Missing character: There is no u in font nullfont!
Missing character: There is no f in font nullfont!
Missing character: There is no g in font nullfont!
Missing character: There is no e in font nullfont!
Missing character: There is no l in font nullfont!
Missing character: There is no i in font nullfont!
Missing character: There is no s in font nullfont!
Missing character: There is no t in font nullfont!
Missing character: There is no e in font nullfont!
Missing character: There is no t in font nullfont!
Missing character: There is no . in font nullfont!
Missing character: There is no A in font nullfont!
Missing character: There is no n in font nullfont!
Missing character: There is no s in font nullfont!
Missing character: There is no c in font nullfont!
Missing character: There is no h in font nullfont!
Missing character: There is no l in font nullfont!
Missing character: There is no u in font nullfont!
Missing character: There is no s in font nullfont!
Missing character: There is no s in font nullfont!
Missing character: There is no a in font nullfont!
Missing character: There is no r in font nullfont!
Missing character: There is no t in font nullfont!
Missing character: There is no , in font nullfont!
Missing character: There is no L in font nullfont!
Missing character: There is no n in font nullfont!
Missing character: There is no g in font nullfont!
Missing character: There is no e in font nullfont!
Missing character: There is no u in font nullfont!
Missing character: There is no n in font nullfont!
Missing character: There is no d in font nullfont!
Missing character: There is no B in font nullfont!
Missing character: There is no e in font nullfont!
Missing character: There is no z in font nullfont!
Missing character: There is no e in font nullfont!
Missing character: There is no i in font nullfont!
Missing character: There is no c in font nullfont!
Missing character: There is no h in font nullfont!
Missing character: There is no n in font nullfont!
Missing character: There is no u in font nullfont!
Missing character: There is no n in font nullfont!
Missing character: There is no g in font nullfont!
Missing character: There is no s in font nullfont!
Missing character: There is no i in font nullfont!
Missing character: There is no n in font nullfont!
Missing character: There is no d in font nullfont!
Missing character: There is no e in font nullfont!
Missing character: There is no b in font nullfont!
Missing character: There is no e in font nullfont!
Missing character: There is no n in font nullfont!
Missing character: There is no f in font nullfont!
Missing character: There is no a in font nullfont!
Missing character: There is no l in font nullfont!
Missing character: There is no l in font nullfont!
Missing character: There is no s in font nullfont!
Missing character: There is no a in font nullfont!
Missing character: There is no n in font nullfont!
Missing character: There is no g in font nullfont!
Missing character: There is no e in font nullfont!
Missing character: There is no g in font nullfont!
Missing character: There is no e in font nullfont!
Missing character: There is no b in font nullfont!
Missing character: There is no e in font nullfont!
Missing character: There is no n in font nullfont!
Missing character: There is no . in font nullfont!

Overfull \hbox (20.0pt too wide) in paragraph at lines 153--154
[]
 []


Overfull \hbox (10.86105pt too wide) in paragraph at lines 153--154
[]
 []


Overfull \hbox (10.86105pt too wide) in paragraph at lines 153--154
[]
 []


Overfull \hbox (5.00002pt too wide) in paragraph at lines 153--154
\/cmr/m/n/10 ^^?a
 []


! LaTeX Error: Environment figure undefined.

See the LaTeX manual or LaTeX Companion for explanation.
Type  H <return>  for immediate help.
 ...                                              
                                                  
l.155 \begin{figure}
                    [H]
Your command was ignored.
Type  I <command> <return>  to replace it with another command,
or  <return>  to continue without it.

Missing character: There is no [ in font nullfont!
Missing character: There is no H in font nullfont!
Missing character: There is no ] in font nullfont!

Overfull \hbox (20.0pt too wide) in paragraph at lines 155--156
[] 
 []

! Undefined control sequence.
l.157 		\includegraphics
                        [width=\textwidth]{Images/Leitungen.jpg}
The control sequence at the end of the top line
of your error message was never \def'ed. If you have
misspelled it (e.g., `\hobx'), type `I' and the correct
spelling (e.g., `I\hbox'). Otherwise just continue,
and I'll forget about whatever was undefined.

Missing character: There is no [ in font nullfont!
Missing character: There is no w in font nullfont!
Missing character: There is no i in font nullfont!
Missing character: There is no d in font nullfont!
Missing character: There is no t in font nullfont!
Missing character: There is no h in font nullfont!
Missing character: There is no = in font nullfont!
! Missing number, treated as zero.
<to be read again> 
                   ]
l.157 		\includegraphics[width=\textwidth]
                                          {Images/Leitungen.jpg}
A number should have been here; I inserted `0'.
(If you can't figure out why I needed to see a number,
look up `weird error' in the index to The TeXbook.)

! Illegal unit of measure (pt inserted).
<to be read again> 
                   ]
l.157 		\includegraphics[width=\textwidth]
                                          {Images/Leitungen.jpg}
Dimensions can be in units of em, ex, in, pt, pc,
cm, mm, dd, cc, nd, nc, bp, or sp; but yours is a new one!
I'll assume that you meant to say pt, for printer's points.
To recover gracefully from this error, it's best to
delete the erroneous units; e.g., type `2' to delete
two letters. (See Chapter 27 of The TeXbook.)

Missing character: There is no ] in font nullfont!
Missing character: There is no I in font nullfont!
Missing character: There is no m in font nullfont!
Missing character: There is no a in font nullfont!
Missing character: There is no g in font nullfont!
Missing character: There is no e in font nullfont!
Missing character: There is no s in font nullfont!
Missing character: There is no / in font nullfont!
Missing character: There is no L in font nullfont!
Missing character: There is no e in font nullfont!
Missing character: There is no i in font nullfont!
Missing character: There is no t in font nullfont!
Missing character: There is no u in font nullfont!
Missing character: There is no n in font nullfont!
Missing character: There is no g in font nullfont!
Missing character: There is no e in font nullfont!
Missing character: There is no n in font nullfont!
Missing character: There is no . in font nullfont!
Missing character: There is no j in font nullfont!
Missing character: There is no p in font nullfont!
Missing character: There is no g in font nullfont!

! LaTeX Error: \caption outside float.

See the LaTeX manual or LaTeX Companion for explanation.
Type  H <return>  for immediate help.
 ...                                              
                                                  
l.158 		\caption
                {Benötigte Leitungen} \label{Leitungen}
You're in trouble here.  Try typing  <return>  to proceed.
If that doesn't work, type  X <return>  to quit.

Missing character: There is no B in font nullfont!
Missing character: There is no e in font nullfont!
Missing character: There is no n in font nullfont!
Missing character: There is no t in font nullfont!
Missing character: There is no i in font nullfont!
Missing character: There is no g in font nullfont!
Missing character: There is no t in font nullfont!
Missing character: There is no e in font nullfont!
Missing character: There is no L in font nullfont!
Missing character: There is no e in font nullfont!
Missing character: There is no i in font nullfont!
Missing character: There is no t in font nullfont!
Missing character: There is no u in font nullfont!
Missing character: There is no n in font nullfont!
Missing character: There is no g in font nullfont!
Missing character: There is no e in font nullfont!
Missing character: There is no n in font nullfont!

Overfull \hbox (5.00002pt too wide) in paragraph at lines 157--159
 \/cmr/m/n/10 ^^?o 
 []


! LaTeX Error: \begin{document} ended by \end{figure}.

See the LaTeX manual or LaTeX Companion for explanation.
Type  H <return>  for immediate help.
 ...                                              
                                                  
l.160 \end{figure}
                  
Your command was ignored.
Type  I <command> <return>  to replace it with another command,
or  <return>  to continue without it.


! LaTeX Error: Environment figure undefined.

See the LaTeX manual or LaTeX Companion for explanation.
Type  H <return>  for immediate help.
 ...                                              
                                                  
l.162 \begin{figure}
                    [H]
Your command was ignored.
Type  I <command> <return>  to replace it with another command,
or  <return>  to continue without it.

Missing character: There is no [ in font nullfont!
Missing character: There is no H in font nullfont!
Missing character: There is no ] in font nullfont!

Overfull \hbox (20.0pt too wide) in paragraph at lines 162--163
[] 
 []


! LaTeX Error: Environment tabularx undefined.

See the LaTeX manual or LaTeX Companion for explanation.
Type  H <return>  for immediate help.
 ...                                              
                                                  
l.165 		\begin{tabularx}
                        {\textwidth}{|p{0.5cm}|p{0.5cm}|p{2.0cm}|p{2.0cm}|p{...

Your command was ignored.
Type  I <command> <return>  to replace it with another command,
or  <return>  to continue without it.

! Missing number, treated as zero.
<to be read again> 
                   }
l.165 		\begin{tabularx}{\textwidth}
                                    {|p{0.5cm}|p{0.5cm}|p{2.0cm}|p{2.0cm}|p{...
A number should have been here; I inserted `0'.
(If you can't figure out why I needed to see a number,
look up `weird error' in the index to The TeXbook.)

! Illegal unit of measure (pt inserted).
<to be read again> 
                   }
l.165 		\begin{tabularx}{\textwidth}
                                    {|p{0.5cm}|p{0.5cm}|p{2.0cm}|p{2.0cm}|p{...
Dimensions can be in units of em, ex, in, pt, pc,
cm, mm, dd, cc, nd, nc, bp, or sp; but yours is a new one!
I'll assume that you meant to say pt, for printer's points.
To recover gracefully from this error, it's best to
delete the erroneous units; e.g., type `2' to delete
two letters. (See Chapter 27 of The TeXbook.)

! Misplaced \noalign.
\hline ->\noalign 
                  {\ifnum 0=`}\fi \hrule \@height \arrayrulewidth \futurelet...
l.166 			\hline
               
I expect to see \noalign only after the \cr of
an alignment. Proceed, and I'll ignore this case.


Overfull \hbox (247.90356pt too wide) in paragraph at lines 165--166
 \OT1/cmr/m/n/8 |p0.5cm|p0.5cm|p2.0cm|p2.0cm|p2.0cm|X|p0.7cm|X| 
 []

! Misplaced alignment tab character &.
l.167 			\textbf{Pos.} &
                          \textbf{Anz.} &  \textbf{Leitungsende 1} &  \textb...
I can't figure out why you would want to use a tab mark
here. If you just want an ampersand, the remedy is
simple: Just type `I\&' now. But if some right brace
up above has ended a previous alignment prematurely,
you're probably due for more error messages, and you
might try typing `S' now just to see what is salvageable.

! Misplaced alignment tab character &.
l.167 			\textbf{Pos.} &  \textbf{Anz.} &
                                           \textbf{Leitungsende 1} &  \textb...
I can't figure out why you would want to use a tab mark
here. If you just want an ampersand, the remedy is
simple: Just type `I\&' now. But if some right brace
up above has ended a previous alignment prematurely,
you're probably due for more error messages, and you
might try typing `S' now just to see what is salvageable.

! Misplaced alignment tab character &.
l.167 ...textbf{Anz.} &  \textbf{Leitungsende 1} &
                                                    \textbf{Leitungsende 2} ...
I can't figure out why you would want to use a tab mark
here. If you just want an ampersand, the remedy is
simple: Just type `I\&' now. But if some right brace
up above has ended a previous alignment prematurely,
you're probably due for more error messages, and you
might try typing `S' now just to see what is salvageable.

! Misplaced alignment tab character &.
l.167 ...tungsende 1} &  \textbf{Leitungsende 2} &
                                                    \textbf{Leitungsende 3} ...
I can't figure out why you would want to use a tab mark
here. If you just want an ampersand, the remedy is
simple: Just type `I\&' now. But if some right brace
up above has ended a previous alignment prematurely,
you're probably due for more error messages, and you
might try typing `S' now just to see what is salvageable.

! Misplaced alignment tab character &.
l.167 ...tungsende 2} &  \textbf{Leitungsende 3} &
                                                   \textbf{Verbind-ungsart} ...
I can't figure out why you would want to use a tab mark
here. If you just want an ampersand, the remedy is
simple: Just type `I\&' now. But if some right brace
up above has ended a previous alignment prematurely,
you're probably due for more error messages, and you
might try typing `S' now just to see what is salvageable.

! Misplaced alignment tab character &.
l.167 ...tungsende 3} & \textbf{Verbind-ungsart} &
                                                    \textbf{Länge [mm]} &  ...
I can't figure out why you would want to use a tab mark
here. If you just want an ampersand, the remedy is
simple: Just type `I\&' now. But if some right brace
up above has ended a previous alignment prematurely,
you're probably due for more error messages, and you
might try typing `S' now just to see what is salvageable.

! Misplaced alignment tab character &.
l.167 ...erbind-ungsart} &  \textbf{Länge [mm]} &
                                                    \textbf{Benennung} \\ \h...
I can't figure out why you would want to use a tab mark
here. If you just want an ampersand, the remedy is
simple: Just type `I\&' now. But if some right brace
up above has ended a previous alignment prematurely,
you're probably due for more error messages, and you
might try typing `S' now just to see what is salvageable.


Overfull \hbox (17.89902pt too wide) in paragraph at lines 167--167
 []\OT1/cmr/bx/n/8 Pos. 
 []


Overfull \hbox (19.90015pt too wide) in paragraph at lines 167--167
 \OT1/cmr/bx/n/8 Anz. 
 []


Overfull \hbox (56.42155pt too wide) in paragraph at lines 167--167
 \OT1/cmr/bx/n/8 Leitungsende 
 []


Overfull \hbox (4.90004pt too wide) in paragraph at lines 167--167
 \OT1/cmr/bx/n/8 1 
 []


Overfull \hbox (56.42155pt too wide) in paragraph at lines 167--167
 \OT1/cmr/bx/n/8 Leitungsende 
 []


Overfull \hbox (4.90004pt too wide) in paragraph at lines 167--167
 \OT1/cmr/bx/n/8 2 
 []


Overfull \hbox (56.42155pt too wide) in paragraph at lines 167--167
 \OT1/cmr/bx/n/8 Leitungsende 
 []


Overfull \hbox (4.90004pt too wide) in paragraph at lines 167--167
 \OT1/cmr/bx/n/8 3 
 []


Overfull \hbox (37.4225pt too wide) in paragraph at lines 167--167
 \OT1/cmr/bx/n/8 Verbind- 
 []


Overfull \hbox (32.27971pt too wide) in paragraph at lines 167--167
 \OT1/cmr/bx/n/8 ungsart 
 []


Overfull \hbox (25.4752pt too wide) in paragraph at lines 167--167
 \OT1/cmr/bx/n/8 L^^?ange 
 []


Overfull \hbox (21.77795pt too wide) in paragraph at lines 167--167
 \OT1/cmr/bx/n/8 [mm] 
 []


Overfull \hbox (14.71123pt too wide) in paragraph at lines 167--167
 \OT1/cmr/bx/n/8 Be- 
 []


Overfull \hbox (18.64459pt too wide) in paragraph at lines 167--167
 \OT1/cmr/bx/n/8 nen- 
 []


Overfull \hbox (21.09738pt too wide) in paragraph at lines 167--167
 \OT1/cmr/bx/n/8 nung 
 []

! Misplaced \noalign.
\hline ->\noalign 
                  {\ifnum 0=`}\fi \hrule \@height \arrayrulewidth \futurelet...
l.167 ...nge [mm]} &  \textbf{Benennung} \\ \hline
                                                  
I expect to see \noalign only after the \cr of
an alignment. Proceed, and I'll ignore this case.

! Misplaced alignment tab character &.
l.168 			1 &
             1 & 6 Pin PH2.0 & 4 Pin XH2.54 & - & - & 250 & Entwicklerboard ...
I can't figure out why you would want to use a tab mark
here. If you just want an ampersand, the remedy is
simple: Just type `I\&' now. But if some right brace
up above has ended a previous alignment prematurely,
you're probably due for more error messages, and you
might try typing `S' now just to see what is salvageable.

! Misplaced alignment tab character &.
l.168 			1 & 1 &
                 6 Pin PH2.0 & 4 Pin XH2.54 & - & - & 250 & Entwicklerboard ...
I can't figure out why you would want to use a tab mark
here. If you just want an ampersand, the remedy is
simple: Just type `I\&' now. But if some right brace
up above has ended a previous alignment prematurely,
you're probably due for more error messages, and you
might try typing `S' now just to see what is salvageable.

! Misplaced alignment tab character &.
l.168 			1 & 1 & 6 Pin PH2.0 &
                               4 Pin XH2.54 & - & - & 250 & Entwicklerboard ...
I can't figure out why you would want to use a tab mark
here. If you just want an ampersand, the remedy is
simple: Just type `I\&' now. But if some right brace
up above has ended a previous alignment prematurely,
you're probably due for more error messages, and you
might try typing `S' now just to see what is salvageable.

! Misplaced alignment tab character &.
l.168 			1 & 1 & 6 Pin PH2.0 & 4 Pin XH2.54 &
                                              - & - & 250 & Entwicklerboard ...
I can't figure out why you would want to use a tab mark
here. If you just want an ampersand, the remedy is
simple: Just type `I\&' now. But if some right brace
up above has ended a previous alignment prematurely,
you're probably due for more error messages, and you
might try typing `S' now just to see what is salvageable.

! Misplaced alignment tab character &.
l.168 			1 & 1 & 6 Pin PH2.0 & 4 Pin XH2.54 & - &
                                                  - & 250 & Entwicklerboard ...
I can't figure out why you would want to use a tab mark
here. If you just want an ampersand, the remedy is
simple: Just type `I\&' now. But if some right brace
up above has ended a previous alignment prematurely,
you're probably due for more error messages, and you
might try typing `S' now just to see what is salvageable.

! Misplaced alignment tab character &.
l.168 ... 1 & 6 Pin PH2.0 & 4 Pin XH2.54 & - & - &
                                                   250 & Entwicklerboard Sch...
I can't figure out why you would want to use a tab mark
here. If you just want an ampersand, the remedy is
simple: Just type `I\&' now. But if some right brace
up above has ended a previous alignment prematurely,
you're probably due for more error messages, and you
might try typing `S' now just to see what is salvageable.

! Misplaced alignment tab character &.
l.168 ... Pin PH2.0 & 4 Pin XH2.54 & - & - & 250 &
                                                   Entwicklerboard Schrittmo...
I can't figure out why you would want to use a tab mark
here. If you just want an ampersand, the remedy is
simple: Just type `I\&' now. But if some right brace
up above has ended a previous alignment prematurely,
you're probably due for more error messages, and you
might try typing `S' now just to see what is salvageable.


Overfull \hbox (4.25006pt too wide) in paragraph at lines 168--168
 []\OT1/cmr/m/n/8 1 
 []


Overfull \hbox (4.25006pt too wide) in paragraph at lines 168--168
 \OT1/cmr/m/n/8 1 
 []


Overfull \hbox (4.25006pt too wide) in paragraph at lines 168--168
 \OT1/cmr/m/n/8 6 
 []


Overfull \hbox (12.86407pt too wide) in paragraph at lines 168--168
 \OT1/cmr/m/n/8 Pin 
 []


Overfull \hbox (23.00867pt too wide) in paragraph at lines 168--168
 \OT1/cmr/m/n/8 PH2.0 
 []


Overfull \hbox (4.25006pt too wide) in paragraph at lines 168--168
 \OT1/cmr/m/n/8 4 
 []


Overfull \hbox (12.86407pt too wide) in paragraph at lines 168--168
 \OT1/cmr/m/n/8 Pin 
 []


Overfull \hbox (27.84485pt too wide) in paragraph at lines 168--168
 \OT1/cmr/m/n/8 XH2.54 
 []


Overfull \hbox (2.83337pt too wide) in paragraph at lines 168--168
 \OT1/cmr/m/n/8 - 
 []


Overfull \hbox (2.83337pt too wide) in paragraph at lines 168--168
 \OT1/cmr/m/n/8 - 
 []


Overfull \hbox (12.75018pt too wide) in paragraph at lines 168--168
 \OT1/cmr/m/n/8 250 
 []


Overfull \hbox (13.3363pt too wide) in paragraph at lines 168--168
 \OT1/cmr/m/n/8 En- 
 []


Overfull \hbox (22.43088pt too wide) in paragraph at lines 168--168
 \OT1/cmr/m/n/8 twick- 
 []


Overfull \hbox (12.2849pt too wide) in paragraph at lines 168--168
 \OT1/cmr/m/n/8 ler- 
 []


Overfull \hbox (21.49336pt too wide) in paragraph at lines 168--168
 \OT1/cmr/m/n/8 board 
 []


Overfull \hbox (39.43806pt too wide) in paragraph at lines 168--168
 \OT1/cmr/m/n/8 Schrittmo- 
 []


Overfull \hbox (17.05441pt too wide) in paragraph at lines 168--168
 \OT1/cmr/m/n/8 tors- 
 []


Overfull \hbox (32.59074pt too wide) in paragraph at lines 168--168
 \OT1/cmr/m/n/8 teuerung 
 []


Overfull \hbox (23.367pt too wide) in paragraph at lines 168--168
 \OT1/cmr/m/n/8 A4988 
 []


Overfull \hbox (8.50012pt too wide) in paragraph at lines 168--168
 \OT1/cmr/m/n/8 zu 
 []


Overfull \hbox (21.47809pt too wide) in paragraph at lines 168--168
 \OT1/cmr/m/n/8 Nema 
 []


Overfull \hbox (8.50012pt too wide) in paragraph at lines 168--168
 \OT1/cmr/m/n/8 17 
 []


Overfull \hbox (14.86688pt too wide) in paragraph at lines 168--168
 \OT1/cmr/m/n/8 Mo- 
 []


Overfull \hbox (10.86821pt too wide) in paragraph at lines 168--168
 \OT1/cmr/m/n/8 tor 
 []

! Misplaced \noalign.
\hline ->\noalign 
                  {\ifnum 0=`}\fi \hrule \@height \arrayrulewidth \futurelet...
l.168 ...teuerung A4988 zu Nema 17 Motor \\ \hline
                                                  
I expect to see \noalign only after the \cr of
an alignment. Proceed, and I'll ignore this case.

! Misplaced alignment tab character &.
l.169 			2 &
             1 & 4 Pin HY2.0 & 4 x Jumper Female & - & Löten & 230 & TMLS a...
I can't figure out why you would want to use a tab mark
here. If you just want an ampersand, the remedy is
simple: Just type `I\&' now. But if some right brace
up above has ended a previous alignment prematurely,
you're probably due for more error messages, and you
might try typing `S' now just to see what is salvageable.

! Misplaced alignment tab character &.
l.169 			2 & 1 &
                 4 Pin HY2.0 & 4 x Jumper Female & - & Löten & 230 & TMLS a...
I can't figure out why you would want to use a tab mark
here. If you just want an ampersand, the remedy is
simple: Just type `I\&' now. But if some right brace
up above has ended a previous alignment prematurely,
you're probably due for more error messages, and you
might try typing `S' now just to see what is salvageable.

! Misplaced alignment tab character &.
l.169 			2 & 1 & 4 Pin HY2.0 &
                               4 x Jumper Female & - & Löten & 230 & TMLS a...
I can't figure out why you would want to use a tab mark
here. If you just want an ampersand, the remedy is
simple: Just type `I\&' now. But if some right brace
up above has ended a previous alignment prematurely,
you're probably due for more error messages, and you
might try typing `S' now just to see what is salvageable.

! Misplaced alignment tab character &.
l.169 			2 & 1 & 4 Pin HY2.0 & 4 x Jumper Female &
                                                   - & Löten & 230 & TMLS a...
I can't figure out why you would want to use a tab mark
here. If you just want an ampersand, the remedy is
simple: Just type `I\&' now. But if some right brace
up above has ended a previous alignment prematurely,
you're probably due for more error messages, and you
might try typing `S' now just to see what is salvageable.

! Misplaced alignment tab character &.
l.169 ...1 & 4 Pin HY2.0 & 4 x Jumper Female & - &
                                                   Löten & 230 & TMLS auf O...
I can't figure out why you would want to use a tab mark
here. If you just want an ampersand, the remedy is
simple: Just type `I\&' now. But if some right brace
up above has ended a previous alignment prematurely,
you're probably due for more error messages, and you
might try typing `S' now just to see what is salvageable.

! Misplaced alignment tab character &.
l.169 ... HY2.0 & 4 x Jumper Female & - & Löten &
                                                   230 & TMLS auf OLED-Displ...
I can't figure out why you would want to use a tab mark
here. If you just want an ampersand, the remedy is
simple: Just type `I\&' now. But if some right brace
up above has ended a previous alignment prematurely,
you're probably due for more error messages, and you
might try typing `S' now just to see what is salvageable.

! Misplaced alignment tab character &.
l.169 ... & 4 x Jumper Female & - & Löten & 230 &
                                                   TMLS auf OLED-Display \\ ...
I can't figure out why you would want to use a tab mark
here. If you just want an ampersand, the remedy is
simple: Just type `I\&' now. But if some right brace
up above has ended a previous alignment prematurely,
you're probably due for more error messages, and you
might try typing `S' now just to see what is salvageable.


Overfull \hbox (4.25006pt too wide) in paragraph at lines 169--169
 []\OT1/cmr/m/n/8 2 
 []


Overfull \hbox (4.25006pt too wide) in paragraph at lines 169--169
 \OT1/cmr/m/n/8 1 
 []


Overfull \hbox (4.25006pt too wide) in paragraph at lines 169--169
 \OT1/cmr/m/n/8 4 
 []


Overfull \hbox (12.86407pt too wide) in paragraph at lines 169--169
 \OT1/cmr/m/n/8 Pin 
 []


Overfull \hbox (23.59479pt too wide) in paragraph at lines 169--169
 \OT1/cmr/m/n/8 HY2.0 
 []


Overfull \hbox (4.25006pt too wide) in paragraph at lines 169--169
 \OT1/cmr/m/n/8 4 
 []


Overfull \hbox (4.48618pt too wide) in paragraph at lines 169--169
 \OT1/cmr/m/n/8 x 
 []


Overfull \hbox (28.21846pt too wide) in paragraph at lines 169--169
 \OT1/cmr/m/n/8 Jumper 
 []


Overfull \hbox (11.44739pt too wide) in paragraph at lines 169--169
 \OT1/cmr/m/n/8 Fe- 
 []


Overfull \hbox (17.47247pt too wide) in paragraph at lines 169--169
 \OT1/cmr/m/n/8 male 
 []


Overfull \hbox (2.83337pt too wide) in paragraph at lines 169--169
 \OT1/cmr/m/n/8 - 
 []


Overfull \hbox (21.3642pt too wide) in paragraph at lines 169--169
 \OT1/cmr/m/n/8 L^^?oten 
 []


Overfull \hbox (12.75018pt too wide) in paragraph at lines 169--169
 \OT1/cmr/m/n/8 230 
 []


Overfull \hbox (23.95313pt too wide) in paragraph at lines 169--169
 \OT1/cmr/m/n/8 TMLS 
 []


Overfull \hbox (11.56961pt too wide) in paragraph at lines 169--169
 \OT1/cmr/m/n/8 auf 
 []


Overfull \hbox (27.02261pt too wide) in paragraph at lines 169--169
 \OT1/cmr/m/n/8 OLED- 
 []


Overfull \hbox (27.78651pt too wide) in paragraph at lines 169--169
 \OT1/cmr/m/n/8 Display 
 []

! Misplaced \noalign.
\hline ->\noalign 
                  {\ifnum 0=`}\fi \hrule \@height \arrayrulewidth \futurelet...
l.169 ...n & 230 & TMLS auf OLED-Display \\ \hline
                                                  
I expect to see \noalign only after the \cr of
an alignment. Proceed, and I'll ignore this case.

! Misplaced alignment tab character &.
l.170 			3 &
             1 & 3 x Jumper Male & 3 x Jumper Female & - & - & 320 & TMLS au...
I can't figure out why you would want to use a tab mark
here. If you just want an ampersand, the remedy is
simple: Just type `I\&' now. But if some right brace
up above has ended a previous alignment prematurely,
you're probably due for more error messages, and you
might try typing `S' now just to see what is salvageable.

! Misplaced alignment tab character &.
l.170 			3 & 1 &
                 3 x Jumper Male & 3 x Jumper Female & - & - & 320 & TMLS au...
I can't figure out why you would want to use a tab mark
here. If you just want an ampersand, the remedy is
simple: Just type `I\&' now. But if some right brace
up above has ended a previous alignment prematurely,
you're probably due for more error messages, and you
might try typing `S' now just to see what is salvageable.

! Misplaced alignment tab character &.
l.170 			3 & 1 & 3 x Jumper Male &
                                   3 x Jumper Female & - & - & 320 & TMLS au...
I can't figure out why you would want to use a tab mark
here. If you just want an ampersand, the remedy is
simple: Just type `I\&' now. But if some right brace
up above has ended a previous alignment prematurely,
you're probably due for more error messages, and you
might try typing `S' now just to see what is salvageable.

! Misplaced alignment tab character &.
l.170 ...1 & 3 x Jumper Male & 3 x Jumper Female &
                                                   - & - & 320 & TMLS auf Dr...
I can't figure out why you would want to use a tab mark
here. If you just want an ampersand, the remedy is
simple: Just type `I\&' now. But if some right brace
up above has ended a previous alignment prematurely,
you're probably due for more error messages, and you
might try typing `S' now just to see what is salvageable.

! Misplaced alignment tab character &.
l.170 ...3 x Jumper Male & 3 x Jumper Female & - &
                                                   - & 320 & TMLS auf Drehwi...
I can't figure out why you would want to use a tab mark
here. If you just want an ampersand, the remedy is
simple: Just type `I\&' now. But if some right brace
up above has ended a previous alignment prematurely,
you're probably due for more error messages, and you
might try typing `S' now just to see what is salvageable.

! Misplaced alignment tab character &.
l.170 ...Jumper Male & 3 x Jumper Female & - & - &
                                                   320 & TMLS auf Drehwinkel...
I can't figure out why you would want to use a tab mark
here. If you just want an ampersand, the remedy is
simple: Just type `I\&' now. But if some right brace
up above has ended a previous alignment prematurely,
you're probably due for more error messages, and you
might try typing `S' now just to see what is salvageable.

! Misplaced alignment tab character &.
l.170 ... Male & 3 x Jumper Female & - & - & 320 &
                                                   TMLS auf Drehwinkel-Encod...
I can't figure out why you would want to use a tab mark
here. If you just want an ampersand, the remedy is
simple: Just type `I\&' now. But if some right brace
up above has ended a previous alignment prematurely,
you're probably due for more error messages, and you
might try typing `S' now just to see what is salvageable.


Overfull \hbox (4.25006pt too wide) in paragraph at lines 170--170
 []\OT1/cmr/m/n/8 3 
 []


Overfull \hbox (4.25006pt too wide) in paragraph at lines 170--170
 \OT1/cmr/m/n/8 1 
 []


Overfull \hbox (4.25006pt too wide) in paragraph at lines 170--170
 \OT1/cmr/m/n/8 3 
 []


Overfull \hbox (4.48618pt too wide) in paragraph at lines 170--170
 \OT1/cmr/m/n/8 x 
 []


Overfull \hbox (28.21846pt too wide) in paragraph at lines 170--170
 \OT1/cmr/m/n/8 Jumper 
 []


Overfull \hbox (18.17249pt too wide) in paragraph at lines 170--170
 \OT1/cmr/m/n/8 Male 
 []


Overfull \hbox (4.25006pt too wide) in paragraph at lines 170--170
 \OT1/cmr/m/n/8 3 
 []


Overfull \hbox (4.48618pt too wide) in paragraph at lines 170--170
 \OT1/cmr/m/n/8 x 
 []


Overfull \hbox (28.21846pt too wide) in paragraph at lines 170--170
 \OT1/cmr/m/n/8 Jumper 
 []


Overfull \hbox (11.44739pt too wide) in paragraph at lines 170--170
 \OT1/cmr/m/n/8 Fe- 
 []


Overfull \hbox (17.47247pt too wide) in paragraph at lines 170--170
 \OT1/cmr/m/n/8 male 
 []


Overfull \hbox (2.83337pt too wide) in paragraph at lines 170--170
 \OT1/cmr/m/n/8 - 
 []


Overfull \hbox (2.83337pt too wide) in paragraph at lines 170--170
 \OT1/cmr/m/n/8 - 
 []


Overfull \hbox (12.75018pt too wide) in paragraph at lines 170--170
 \OT1/cmr/m/n/8 320 
 []


Overfull \hbox (23.95313pt too wide) in paragraph at lines 170--170
 \OT1/cmr/m/n/8 TMLS 
 []


Overfull \hbox (11.56961pt too wide) in paragraph at lines 170--170
 \OT1/cmr/m/n/8 auf 
 []


Overfull \hbox (44.51036pt too wide) in paragraph at lines 170--170
 \OT1/cmr/m/n/8 Drehwinkel- 
 []


Overfull \hbox (30.5796pt too wide) in paragraph at lines 170--170
 \OT1/cmr/m/n/8 Encoder 
 []

! Misplaced \noalign.
\hline ->\noalign 
                  {\ifnum 0=`}\fi \hrule \@height \arrayrulewidth \futurelet...
l.170 ...0 & TMLS auf Drehwinkel-Encoder \\ \hline
                                                  
I expect to see \noalign only after the \cr of
an alignment. Proceed, and I'll ignore this case.

! Misplaced alignment tab character &.
l.171 			4 &
             1 & 2 x Jumper Male & 2 x Jumper Female & - & - & 320 & TMLS au...
I can't figure out why you would want to use a tab mark
here. If you just want an ampersand, the remedy is
simple: Just type `I\&' now. But if some right brace
up above has ended a previous alignment prematurely,
you're probably due for more error messages, and you
might try typing `S' now just to see what is salvageable.

! Misplaced alignment tab character &.
l.171 			4 & 1 &
                 2 x Jumper Male & 2 x Jumper Female & - & - & 320 & TMLS au...
I can't figure out why you would want to use a tab mark
here. If you just want an ampersand, the remedy is
simple: Just type `I\&' now. But if some right brace
up above has ended a previous alignment prematurely,
you're probably due for more error messages, and you
might try typing `S' now just to see what is salvageable.

! Misplaced alignment tab character &.
l.171 			4 & 1 & 2 x Jumper Male &
                                   2 x Jumper Female & - & - & 320 & TMLS au...
I can't figure out why you would want to use a tab mark
here. If you just want an ampersand, the remedy is
simple: Just type `I\&' now. But if some right brace
up above has ended a previous alignment prematurely,
you're probably due for more error messages, and you
might try typing `S' now just to see what is salvageable.

! Misplaced alignment tab character &.
l.171 ...1 & 2 x Jumper Male & 2 x Jumper Female &
                                                   - & - & 320 & TMLS auf En...
I can't figure out why you would want to use a tab mark
here. If you just want an ampersand, the remedy is
simple: Just type `I\&' now. But if some right brace
up above has ended a previous alignment prematurely,
you're probably due for more error messages, and you
might try typing `S' now just to see what is salvageable.

! Misplaced alignment tab character &.
l.171 ...2 x Jumper Male & 2 x Jumper Female & - &
                                                   - & 320 & TMLS auf Entwic...
I can't figure out why you would want to use a tab mark
here. If you just want an ampersand, the remedy is
simple: Just type `I\&' now. But if some right brace
up above has ended a previous alignment prematurely,
you're probably due for more error messages, and you
might try typing `S' now just to see what is salvageable.

! Misplaced alignment tab character &.
l.171 ...Jumper Male & 2 x Jumper Female & - & - &
                                                   320 & TMLS auf Entwickler...
I can't figure out why you would want to use a tab mark
here. If you just want an ampersand, the remedy is
simple: Just type `I\&' now. But if some right brace
up above has ended a previous alignment prematurely,
you're probably due for more error messages, and you
might try typing `S' now just to see what is salvageable.

! Misplaced alignment tab character &.
l.171 ... Male & 2 x Jumper Female & - & - & 320 &
                                                   TMLS auf Entwicklerboard ...
I can't figure out why you would want to use a tab mark
here. If you just want an ampersand, the remedy is
simple: Just type `I\&' now. But if some right brace
up above has ended a previous alignment prematurely,
you're probably due for more error messages, and you
might try typing `S' now just to see what is salvageable.


Overfull \hbox (4.25006pt too wide) in paragraph at lines 171--171
 []\OT1/cmr/m/n/8 4 
 []


Overfull \hbox (4.25006pt too wide) in paragraph at lines 171--171
 \OT1/cmr/m/n/8 1 
 []


Overfull \hbox (4.25006pt too wide) in paragraph at lines 171--171
 \OT1/cmr/m/n/8 2 
 []


Overfull \hbox (4.48618pt too wide) in paragraph at lines 171--171
 \OT1/cmr/m/n/8 x 
 []


Overfull \hbox (28.21846pt too wide) in paragraph at lines 171--171
 \OT1/cmr/m/n/8 Jumper 
 []


Overfull \hbox (18.17249pt too wide) in paragraph at lines 171--171
 \OT1/cmr/m/n/8 Male 
 []


Overfull \hbox (4.25006pt too wide) in paragraph at lines 171--171
 \OT1/cmr/m/n/8 2 
 []


Overfull \hbox (4.48618pt too wide) in paragraph at lines 171--171
 \OT1/cmr/m/n/8 x 
 []


Overfull \hbox (28.21846pt too wide) in paragraph at lines 171--171
 \OT1/cmr/m/n/8 Jumper 
 []


Overfull \hbox (11.44739pt too wide) in paragraph at lines 171--171
 \OT1/cmr/m/n/8 Fe- 
 []


Overfull \hbox (17.47247pt too wide) in paragraph at lines 171--171
 \OT1/cmr/m/n/8 male 
 []


Overfull \hbox (2.83337pt too wide) in paragraph at lines 171--171
 \OT1/cmr/m/n/8 - 
 []


Overfull \hbox (2.83337pt too wide) in paragraph at lines 171--171
 \OT1/cmr/m/n/8 - 
 []


Overfull \hbox (12.75018pt too wide) in paragraph at lines 171--171
 \OT1/cmr/m/n/8 320 
 []


Overfull \hbox (23.95313pt too wide) in paragraph at lines 171--171
 \OT1/cmr/m/n/8 TMLS 
 []


Overfull \hbox (11.56961pt too wide) in paragraph at lines 171--171
 \OT1/cmr/m/n/8 auf 
 []


Overfull \hbox (13.3363pt too wide) in paragraph at lines 171--171
 \OT1/cmr/m/n/8 En- 
 []


Overfull \hbox (22.43088pt too wide) in paragraph at lines 171--171
 \OT1/cmr/m/n/8 twick- 
 []


Overfull \hbox (12.2849pt too wide) in paragraph at lines 171--171
 \OT1/cmr/m/n/8 ler- 
 []


Overfull \hbox (21.49336pt too wide) in paragraph at lines 171--171
 \OT1/cmr/m/n/8 board 
 []


Overfull \hbox (39.43806pt too wide) in paragraph at lines 171--171
 \OT1/cmr/m/n/8 Schrittmo- 
 []


Overfull \hbox (17.05441pt too wide) in paragraph at lines 171--171
 \OT1/cmr/m/n/8 tors- 
 []


Overfull \hbox (32.59074pt too wide) in paragraph at lines 171--171
 \OT1/cmr/m/n/8 teuerung 
 []


Overfull \hbox (23.367pt too wide) in paragraph at lines 171--171
 \OT1/cmr/m/n/8 A4988 
 []

! Misplaced \noalign.
\hline ->\noalign 
                  {\ifnum 0=`}\fi \hrule \@height \arrayrulewidth \futurelet...
l.171 ...ard Schrittmotorsteuerung A4988 \\ \hline
                                                  
I expect to see \noalign only after the \cr of
an alignment. Proceed, and I'll ignore this case.

! Misplaced alignment tab character &.
l.172 			5 &
             1 & 1 x Jumper Male & 1 x Jumper Female & 1 x Jumper Female & H...
I can't figure out why you would want to use a tab mark
here. If you just want an ampersand, the remedy is
simple: Just type `I\&' now. But if some right brace
up above has ended a previous alignment prematurely,
you're probably due for more error messages, and you
might try typing `S' now just to see what is salvageable.

! Misplaced alignment tab character &.
l.172 			5 & 1 &
                 1 x Jumper Male & 1 x Jumper Female & 1 x Jumper Female & H...
I can't figure out why you would want to use a tab mark
here. If you just want an ampersand, the remedy is
simple: Just type `I\&' now. But if some right brace
up above has ended a previous alignment prematurely,
you're probably due for more error messages, and you
might try typing `S' now just to see what is salvageable.

! Misplaced alignment tab character &.
l.172 			5 & 1 & 1 x Jumper Male &
                                   1 x Jumper Female & 1 x Jumper Female & H...
I can't figure out why you would want to use a tab mark
here. If you just want an ampersand, the remedy is
simple: Just type `I\&' now. But if some right brace
up above has ended a previous alignment prematurely,
you're probably due for more error messages, and you
might try typing `S' now just to see what is salvageable.

! Misplaced alignment tab character &.
l.172 ...1 & 1 x Jumper Male & 1 x Jumper Female &
                                                   1 x Jumper Female & Hebel...
I can't figure out why you would want to use a tab mark
here. If you just want an ampersand, the remedy is
simple: Just type `I\&' now. But if some right brace
up above has ended a previous alignment prematurely,
you're probably due for more error messages, and you
might try typing `S' now just to see what is salvageable.

! Misplaced alignment tab character &.
l.172 ...& 1 x Jumper Female & 1 x Jumper Female &
                                                   Hebelklemme & 190 & Masse...
I can't figure out why you would want to use a tab mark
here. If you just want an ampersand, the remedy is
simple: Just type `I\&' now. But if some right brace
up above has ended a previous alignment prematurely,
you're probably due for more error messages, and you
might try typing `S' now just to see what is salvageable.

! Misplaced alignment tab character &.
l.172 ...emale & 1 x Jumper Female & Hebelklemme &
                                                   190 & Masse Spannungswand...
I can't figure out why you would want to use a tab mark
here. If you just want an ampersand, the remedy is
simple: Just type `I\&' now. But if some right brace
up above has ended a previous alignment prematurely,
you're probably due for more error messages, and you
might try typing `S' now just to see what is salvageable.

! Misplaced alignment tab character &.
l.172 ...& 1 x Jumper Female & Hebelklemme & 190 &
                                                   Masse Spannungswandler AM...
I can't figure out why you would want to use a tab mark
here. If you just want an ampersand, the remedy is
simple: Just type `I\&' now. But if some right brace
up above has ended a previous alignment prematurely,
you're probably due for more error messages, and you
might try typing `S' now just to see what is salvageable.


Overfull \hbox (4.25006pt too wide) in paragraph at lines 172--172
 []\OT1/cmr/m/n/8 5 
 []


Overfull \hbox (4.25006pt too wide) in paragraph at lines 172--172
 \OT1/cmr/m/n/8 1 
 []


Overfull \hbox (4.25006pt too wide) in paragraph at lines 172--172
 \OT1/cmr/m/n/8 1 
 []


Overfull \hbox (4.48618pt too wide) in paragraph at lines 172--172
 \OT1/cmr/m/n/8 x 
 []


Overfull \hbox (28.21846pt too wide) in paragraph at lines 172--172
 \OT1/cmr/m/n/8 Jumper 
 []


Overfull \hbox (18.17249pt too wide) in paragraph at lines 172--172
 \OT1/cmr/m/n/8 Male 
 []


Overfull \hbox (4.25006pt too wide) in paragraph at lines 172--172
 \OT1/cmr/m/n/8 1 
 []


Overfull \hbox (4.48618pt too wide) in paragraph at lines 172--172
 \OT1/cmr/m/n/8 x 
 []


Overfull \hbox (28.21846pt too wide) in paragraph at lines 172--172
 \OT1/cmr/m/n/8 Jumper 
 []


Overfull \hbox (11.44739pt too wide) in paragraph at lines 172--172
 \OT1/cmr/m/n/8 Fe- 
 []


Overfull \hbox (17.47247pt too wide) in paragraph at lines 172--172
 \OT1/cmr/m/n/8 male 
 []


Overfull \hbox (4.25006pt too wide) in paragraph at lines 172--172
 \OT1/cmr/m/n/8 1 
 []


Overfull \hbox (4.48618pt too wide) in paragraph at lines 172--172
 \OT1/cmr/m/n/8 x 
 []


Overfull \hbox (28.21846pt too wide) in paragraph at lines 172--172
 \OT1/cmr/m/n/8 Jumper 
 []


Overfull \hbox (11.44739pt too wide) in paragraph at lines 172--172
 \OT1/cmr/m/n/8 Fe- 
 []


Overfull \hbox (17.47247pt too wide) in paragraph at lines 172--172
 \OT1/cmr/m/n/8 male 
 []


Overfull \hbox (28.56152pt too wide) in paragraph at lines 172--172
 \OT1/cmr/m/n/8 Hebelk- 
 []


Overfull \hbox (24.08368pt too wide) in paragraph at lines 172--172
 \OT1/cmr/m/n/8 lemme 
 []


Overfull \hbox (12.75018pt too wide) in paragraph at lines 172--172
 \OT1/cmr/m/n/8 190 
 []


Overfull \hbox (22.517pt too wide) in paragraph at lines 172--172
 \OT1/cmr/m/n/8 Masse 
 []


Overfull \hbox (21.2503pt too wide) in paragraph at lines 172--172
 \OT1/cmr/m/n/8 Span- 
 []


Overfull \hbox (39.24223pt too wide) in paragraph at lines 172--172
 \OT1/cmr/m/n/8 nungswan- 
 []


Overfull \hbox (14.17381pt too wide) in paragraph at lines 172--172
 \OT1/cmr/m/n/8 dler 
 []


Overfull \hbox (31.62268pt too wide) in paragraph at lines 172--172
 \OT1/cmr/m/n/8 AMS117 
 []


Overfull \hbox (11.56961pt too wide) in paragraph at lines 172--172
 \OT1/cmr/m/n/8 auf 
 []


Overfull \hbox (44.51036pt too wide) in paragraph at lines 172--172
 \OT1/cmr/m/n/8 Drehwinkel- 
 []


Overfull \hbox (30.5796pt too wide) in paragraph at lines 172--172
 \OT1/cmr/m/n/8 Encoder 
 []


Overfull \hbox (14.16687pt too wide) in paragraph at lines 172--172
 \OT1/cmr/m/n/8 und 
 []


Overfull \hbox (13.3363pt too wide) in paragraph at lines 172--172
 \OT1/cmr/m/n/8 En- 
 []


Overfull \hbox (22.43088pt too wide) in paragraph at lines 172--172
 \OT1/cmr/m/n/8 twick- 
 []


Overfull \hbox (12.2849pt too wide) in paragraph at lines 172--172
 \OT1/cmr/m/n/8 ler- 
 []


Overfull \hbox (21.49336pt too wide) in paragraph at lines 172--172
 \OT1/cmr/m/n/8 board 
 []


Overfull \hbox (39.43806pt too wide) in paragraph at lines 172--172
 \OT1/cmr/m/n/8 Schrittmo- 
 []


Overfull \hbox (17.05441pt too wide) in paragraph at lines 172--172
 \OT1/cmr/m/n/8 tors- 
 []


Overfull \hbox (32.59074pt too wide) in paragraph at lines 172--172
 \OT1/cmr/m/n/8 teuerung 
 []


Overfull \hbox (23.367pt too wide) in paragraph at lines 172--172
 \OT1/cmr/m/n/8 A4988 
 []

! Misplaced \noalign.
\hline ->\noalign 
                  {\ifnum 0=`}\fi \hrule \@height \arrayrulewidth \futurelet...
l.172 ...ard Schrittmotorsteuerung A4988 \\ \hline
                                                  
I expect to see \noalign only after the \cr of
an alignment. Proceed, and I'll ignore this case.

! Misplaced alignment tab character &.
l.173 			6 &
             1 & 1 x Jumper Male & 1 x Jumper Female & 1 x Jumper Female & H...
I can't figure out why you would want to use a tab mark
here. If you just want an ampersand, the remedy is
simple: Just type `I\&' now. But if some right brace
up above has ended a previous alignment prematurely,
you're probably due for more error messages, and you
might try typing `S' now just to see what is salvageable.

! Misplaced alignment tab character &.
l.173 			6 & 1 &
                 1 x Jumper Male & 1 x Jumper Female & 1 x Jumper Female & H...
I can't figure out why you would want to use a tab mark
here. If you just want an ampersand, the remedy is
simple: Just type `I\&' now. But if some right brace
up above has ended a previous alignment prematurely,
you're probably due for more error messages, and you
might try typing `S' now just to see what is salvageable.

! Misplaced alignment tab character &.
l.173 			6 & 1 & 1 x Jumper Male &
                                   1 x Jumper Female & 1 x Jumper Female & H...
I can't figure out why you would want to use a tab mark
here. If you just want an ampersand, the remedy is
simple: Just type `I\&' now. But if some right brace
up above has ended a previous alignment prematurely,
you're probably due for more error messages, and you
might try typing `S' now just to see what is salvageable.

! Misplaced alignment tab character &.
l.173 ...1 & 1 x Jumper Male & 1 x Jumper Female &
                                                   1 x Jumper Female & Hebel...
I can't figure out why you would want to use a tab mark
here. If you just want an ampersand, the remedy is
simple: Just type `I\&' now. But if some right brace
up above has ended a previous alignment prematurely,
you're probably due for more error messages, and you
might try typing `S' now just to see what is salvageable.

! Misplaced alignment tab character &.
l.173 ...& 1 x Jumper Female & 1 x Jumper Female &
                                                   Hebelklemme & 190 & 3,3V ...
I can't figure out why you would want to use a tab mark
here. If you just want an ampersand, the remedy is
simple: Just type `I\&' now. But if some right brace
up above has ended a previous alignment prematurely,
you're probably due for more error messages, and you
might try typing `S' now just to see what is salvageable.

! Misplaced alignment tab character &.
l.173 ...emale & 1 x Jumper Female & Hebelklemme &
                                                   190 & 3,3V Spannungswandl...
I can't figure out why you would want to use a tab mark
here. If you just want an ampersand, the remedy is
simple: Just type `I\&' now. But if some right brace
up above has ended a previous alignment prematurely,
you're probably due for more error messages, and you
might try typing `S' now just to see what is salvageable.

! Misplaced alignment tab character &.
l.173 ...& 1 x Jumper Female & Hebelklemme & 190 &
                                                   3,3V Spannungswandler AMS...
I can't figure out why you would want to use a tab mark
here. If you just want an ampersand, the remedy is
simple: Just type `I\&' now. But if some right brace
up above has ended a previous alignment prematurely,
you're probably due for more error messages, and you
might try typing `S' now just to see what is salvageable.


Overfull \hbox (4.25006pt too wide) in paragraph at lines 173--173
 []\OT1/cmr/m/n/8 6 
 []


Overfull \hbox (4.25006pt too wide) in paragraph at lines 173--173
 \OT1/cmr/m/n/8 1 
 []


Overfull \hbox (4.25006pt too wide) in paragraph at lines 173--173
 \OT1/cmr/m/n/8 1 
 []


Overfull \hbox (4.48618pt too wide) in paragraph at lines 173--173
 \OT1/cmr/m/n/8 x 
 []


Overfull \hbox (28.21846pt too wide) in paragraph at lines 173--173
 \OT1/cmr/m/n/8 Jumper 
 []


Overfull \hbox (18.17249pt too wide) in paragraph at lines 173--173
 \OT1/cmr/m/n/8 Male 
 []


Overfull \hbox (4.25006pt too wide) in paragraph at lines 173--173
 \OT1/cmr/m/n/8 1 
 []


Overfull \hbox (4.48618pt too wide) in paragraph at lines 173--173
 \OT1/cmr/m/n/8 x 
 []


Overfull \hbox (28.21846pt too wide) in paragraph at lines 173--173
 \OT1/cmr/m/n/8 Jumper 
 []


Overfull \hbox (11.44739pt too wide) in paragraph at lines 173--173
 \OT1/cmr/m/n/8 Fe- 
 []


Overfull \hbox (17.47247pt too wide) in paragraph at lines 173--173
 \OT1/cmr/m/n/8 male 
 []


Overfull \hbox (4.25006pt too wide) in paragraph at lines 173--173
 \OT1/cmr/m/n/8 1 
 []


Overfull \hbox (4.48618pt too wide) in paragraph at lines 173--173
 \OT1/cmr/m/n/8 x 
 []


Overfull \hbox (28.21846pt too wide) in paragraph at lines 173--173
 \OT1/cmr/m/n/8 Jumper 
 []


Overfull \hbox (11.44739pt too wide) in paragraph at lines 173--173
 \OT1/cmr/m/n/8 Fe- 
 []


Overfull \hbox (17.47247pt too wide) in paragraph at lines 173--173
 \OT1/cmr/m/n/8 male 
 []


Overfull \hbox (28.56152pt too wide) in paragraph at lines 173--173
 \OT1/cmr/m/n/8 Hebelk- 
 []


Overfull \hbox (24.08368pt too wide) in paragraph at lines 173--173
 \OT1/cmr/m/n/8 lemme 
 []


Overfull \hbox (12.75018pt too wide) in paragraph at lines 173--173
 \OT1/cmr/m/n/8 190 
 []


Overfull \hbox (17.22803pt too wide) in paragraph at lines 173--173
 \OT1/cmr/m/n/8 3,3V 
 []


Overfull \hbox (21.2503pt too wide) in paragraph at lines 173--173
 \OT1/cmr/m/n/8 Span- 
 []


Overfull \hbox (39.24223pt too wide) in paragraph at lines 173--173
 \OT1/cmr/m/n/8 nungswan- 
 []


Overfull \hbox (14.17381pt too wide) in paragraph at lines 173--173
 \OT1/cmr/m/n/8 dler 
 []


Overfull \hbox (31.62268pt too wide) in paragraph at lines 173--173
 \OT1/cmr/m/n/8 AMS117 
 []


Overfull \hbox (11.56961pt too wide) in paragraph at lines 173--173
 \OT1/cmr/m/n/8 auf 
 []


Overfull \hbox (44.51036pt too wide) in paragraph at lines 173--173
 \OT1/cmr/m/n/8 Drehwinkel- 
 []


Overfull \hbox (30.5796pt too wide) in paragraph at lines 173--173
 \OT1/cmr/m/n/8 Encoder 
 []


Overfull \hbox (14.16687pt too wide) in paragraph at lines 173--173
 \OT1/cmr/m/n/8 und 
 []


Overfull \hbox (13.3363pt too wide) in paragraph at lines 173--173
 \OT1/cmr/m/n/8 En- 
 []


Overfull \hbox (22.43088pt too wide) in paragraph at lines 173--173
 \OT1/cmr/m/n/8 twick- 
 []


Overfull \hbox (12.2849pt too wide) in paragraph at lines 173--173
 \OT1/cmr/m/n/8 ler- 
 []


Overfull \hbox (21.49336pt too wide) in paragraph at lines 173--173
 \OT1/cmr/m/n/8 board 
 []


Overfull \hbox (39.43806pt too wide) in paragraph at lines 173--173
 \OT1/cmr/m/n/8 Schrittmo- 
 []


Overfull \hbox (17.05441pt too wide) in paragraph at lines 173--173
 \OT1/cmr/m/n/8 tors- 
 []


Overfull \hbox (32.59074pt too wide) in paragraph at lines 173--173
 \OT1/cmr/m/n/8 teuerung 
 []


Overfull \hbox (23.367pt too wide) in paragraph at lines 173--173
 \OT1/cmr/m/n/8 A4988 
 []

! Misplaced \noalign.
\hline ->\noalign 
                  {\ifnum 0=`}\fi \hrule \@height \arrayrulewidth \futurelet...
l.173 ...ard Schrittmotorsteuerung A4988 \\ \hline
                                                  
I expect to see \noalign only after the \cr of
an alignment. Proceed, and I'll ignore this case.

! Misplaced alignment tab character &.
l.174 			7 &
             2 & 1 x Kabelschuh Ringform & 1 x Jumper Female &  - & Quetsche...
I can't figure out why you would want to use a tab mark
here. If you just want an ampersand, the remedy is
simple: Just type `I\&' now. But if some right brace
up above has ended a previous alignment prematurely,
you're probably due for more error messages, and you
might try typing `S' now just to see what is salvageable.

! Misplaced alignment tab character &.
l.174 			7 & 2 &
                 1 x Kabelschuh Ringform & 1 x Jumper Female &  - & Quetsche...
I can't figure out why you would want to use a tab mark
here. If you just want an ampersand, the remedy is
simple: Just type `I\&' now. But if some right brace
up above has ended a previous alignment prematurely,
you're probably due for more error messages, and you
might try typing `S' now just to see what is salvageable.

! Misplaced alignment tab character &.
l.174 			7 & 2 & 1 x Kabelschuh Ringform &
                                           1 x Jumper Female &  - & Quetsche...
I can't figure out why you would want to use a tab mark
here. If you just want an ampersand, the remedy is
simple: Just type `I\&' now. But if some right brace
up above has ended a previous alignment prematurely,
you're probably due for more error messages, and you
might try typing `S' now just to see what is salvageable.

! Misplaced alignment tab character &.
l.174 ...Kabelschuh Ringform & 1 x Jumper Female &
                                                    - & Quetschen & 210 & 5V...
I can't figure out why you would want to use a tab mark
here. If you just want an ampersand, the remedy is
simple: Just type `I\&' now. But if some right brace
up above has ended a previous alignment prematurely,
you're probably due for more error messages, and you
might try typing `S' now just to see what is salvageable.

! Misplaced alignment tab character &.
l.174 ...schuh Ringform & 1 x Jumper Female &  - &
                                                   Quetschen & 210 & 5V/Mass...
I can't figure out why you would want to use a tab mark
here. If you just want an ampersand, the remedy is
simple: Just type `I\&' now. But if some right brace
up above has ended a previous alignment prematurely,
you're probably due for more error messages, and you
might try typing `S' now just to see what is salvageable.

! Misplaced alignment tab character &.
l.174 ...rm & 1 x Jumper Female &  - & Quetschen &
                                                   210 & 5V/Masse Schaltnetz...
I can't figure out why you would want to use a tab mark
here. If you just want an ampersand, the remedy is
simple: Just type `I\&' now. But if some right brace
up above has ended a previous alignment prematurely,
you're probably due for more error messages, and you
might try typing `S' now just to see what is salvageable.

! Misplaced alignment tab character &.
l.174 ... x Jumper Female &  - & Quetschen & 210 &
                                                   5V/Masse Schaltnetzteil a...
I can't figure out why you would want to use a tab mark
here. If you just want an ampersand, the remedy is
simple: Just type `I\&' now. But if some right brace
up above has ended a previous alignment prematurely,
you're probably due for more error messages, and you
might try typing `S' now just to see what is salvageable.


Overfull \hbox (4.25006pt too wide) in paragraph at lines 174--174
 []\OT1/cmr/m/n/8 7 
 []


Overfull \hbox (4.25006pt too wide) in paragraph at lines 174--174
 \OT1/cmr/m/n/8 2 
 []


Overfull \hbox (4.25006pt too wide) in paragraph at lines 174--174
 \OT1/cmr/m/n/8 1 
 []


Overfull \hbox (4.48618pt too wide) in paragraph at lines 174--174
 \OT1/cmr/m/n/8 x 
 []


Overfull \hbox (13.68631pt too wide) in paragraph at lines 174--174
 \OT1/cmr/m/n/8 Ka- 
 []


Overfull \hbox (31.92268pt too wide) in paragraph at lines 174--174
 \OT1/cmr/m/n/8 belschuh 
 []


Overfull \hbox (20.41974pt too wide) in paragraph at lines 174--174
 \OT1/cmr/m/n/8 Ring- 
 []


Overfull \hbox (17.2433pt too wide) in paragraph at lines 174--174
 \OT1/cmr/m/n/8 form 
 []


Overfull \hbox (4.25006pt too wide) in paragraph at lines 174--174
 \OT1/cmr/m/n/8 1 
 []


Overfull \hbox (4.48618pt too wide) in paragraph at lines 174--174
 \OT1/cmr/m/n/8 x 
 []


Overfull \hbox (28.21846pt too wide) in paragraph at lines 174--174
 \OT1/cmr/m/n/8 Jumper 
 []


Overfull \hbox (11.44739pt too wide) in paragraph at lines 174--174
 \OT1/cmr/m/n/8 Fe- 
 []


Overfull \hbox (17.47247pt too wide) in paragraph at lines 174--174
 \OT1/cmr/m/n/8 male 
 []


Overfull \hbox (2.83337pt too wide) in paragraph at lines 174--174
 \OT1/cmr/m/n/8 - 
 []


Overfull \hbox (38.53389pt too wide) in paragraph at lines 174--174
 \OT1/cmr/m/n/8 Quetschen 
 []


Overfull \hbox (12.75018pt too wide) in paragraph at lines 174--174
 \OT1/cmr/m/n/8 210 
 []


Overfull \hbox (37.38388pt too wide) in paragraph at lines 174--174
 \OT1/cmr/m/n/8 5V/Masse 
 []


Overfull \hbox (25.73648pt too wide) in paragraph at lines 174--174
 \OT1/cmr/m/n/8 Schalt- 
 []


Overfull \hbox (14.6391pt too wide) in paragraph at lines 174--174
 \OT1/cmr/m/n/8 net- 
 []


Overfull \hbox (15.58356pt too wide) in paragraph at lines 174--174
 \OT1/cmr/m/n/8 zteil 
 []


Overfull \hbox (11.56961pt too wide) in paragraph at lines 174--174
 \OT1/cmr/m/n/8 auf 
 []


Overfull \hbox (21.2503pt too wide) in paragraph at lines 174--174
 \OT1/cmr/m/n/8 Span- 
 []


Overfull \hbox (39.24223pt too wide) in paragraph at lines 174--174
 \OT1/cmr/m/n/8 nungswan- 
 []


Overfull \hbox (14.17381pt too wide) in paragraph at lines 174--174
 \OT1/cmr/m/n/8 dler 
 []


Overfull \hbox (31.62268pt too wide) in paragraph at lines 174--174
 \OT1/cmr/m/n/8 AMS117 
 []

! Misplaced \noalign.
\hline ->\noalign 
                  {\ifnum 0=`}\fi \hrule \@height \arrayrulewidth \futurelet...
l.174 ...il auf Spannungswandler AMS117  \\ \hline
                                                  
I expect to see \noalign only after the \cr of
an alignment. Proceed, and I'll ignore this case.

! Misplaced alignment tab character &.
l.175 			8 &
             2 & 1 x Kabelschuh Ringform & 1 x Jumper Male &  - & Quetschen ...
I can't figure out why you would want to use a tab mark
here. If you just want an ampersand, the remedy is
simple: Just type `I\&' now. But if some right brace
up above has ended a previous alignment prematurely,
you're probably due for more error messages, and you
might try typing `S' now just to see what is salvageable.

! Misplaced alignment tab character &.
l.175 			8 & 2 &
                 1 x Kabelschuh Ringform & 1 x Jumper Male &  - & Quetschen ...
I can't figure out why you would want to use a tab mark
here. If you just want an ampersand, the remedy is
simple: Just type `I\&' now. But if some right brace
up above has ended a previous alignment prematurely,
you're probably due for more error messages, and you
might try typing `S' now just to see what is salvageable.

! Misplaced alignment tab character &.
l.175 			8 & 2 & 1 x Kabelschuh Ringform &
                                           1 x Jumper Male &  - & Quetschen ...
I can't figure out why you would want to use a tab mark
here. If you just want an ampersand, the remedy is
simple: Just type `I\&' now. But if some right brace
up above has ended a previous alignment prematurely,
you're probably due for more error messages, and you
might try typing `S' now just to see what is salvageable.

! Misplaced alignment tab character &.
l.175 ...x Kabelschuh Ringform & 1 x Jumper Male &
                                                    - & Quetschen & 250 & 12...
I can't figure out why you would want to use a tab mark
here. If you just want an ampersand, the remedy is
simple: Just type `I\&' now. But if some right brace
up above has ended a previous alignment prematurely,
you're probably due for more error messages, and you
might try typing `S' now just to see what is salvageable.

! Misplaced alignment tab character &.
l.175 ...elschuh Ringform & 1 x Jumper Male &  - &
                                                   Quetschen & 250 & 12V/Mas...
I can't figure out why you would want to use a tab mark
here. If you just want an ampersand, the remedy is
simple: Just type `I\&' now. But if some right brace
up above has ended a previous alignment prematurely,
you're probably due for more error messages, and you
might try typing `S' now just to see what is salvageable.

! Misplaced alignment tab character &.
l.175 ...form & 1 x Jumper Male &  - & Quetschen &
                                                   250 & 12V/Masse Schaltnet...
I can't figure out why you would want to use a tab mark
here. If you just want an ampersand, the remedy is
simple: Just type `I\&' now. But if some right brace
up above has ended a previous alignment prematurely,
you're probably due for more error messages, and you
might try typing `S' now just to see what is salvageable.

! Misplaced alignment tab character &.
l.175 ... 1 x Jumper Male &  - & Quetschen & 250 &
                                                   12V/Masse Schaltnetzteil ...
I can't figure out why you would want to use a tab mark
here. If you just want an ampersand, the remedy is
simple: Just type `I\&' now. But if some right brace
up above has ended a previous alignment prematurely,
you're probably due for more error messages, and you
might try typing `S' now just to see what is salvageable.


Overfull \hbox (4.25006pt too wide) in paragraph at lines 175--175
 []\OT1/cmr/m/n/8 8 
 []


Overfull \hbox (4.25006pt too wide) in paragraph at lines 175--175
 \OT1/cmr/m/n/8 2 
 []


Overfull \hbox (4.25006pt too wide) in paragraph at lines 175--175
 \OT1/cmr/m/n/8 1 
 []


Overfull \hbox (4.48618pt too wide) in paragraph at lines 175--175
 \OT1/cmr/m/n/8 x 
 []


Overfull \hbox (13.68631pt too wide) in paragraph at lines 175--175
 \OT1/cmr/m/n/8 Ka- 
 []


Overfull \hbox (31.92268pt too wide) in paragraph at lines 175--175
 \OT1/cmr/m/n/8 belschuh 
 []


Overfull \hbox (20.41974pt too wide) in paragraph at lines 175--175
 \OT1/cmr/m/n/8 Ring- 
 []


Overfull \hbox (17.2433pt too wide) in paragraph at lines 175--175
 \OT1/cmr/m/n/8 form 
 []


Overfull \hbox (4.25006pt too wide) in paragraph at lines 175--175
 \OT1/cmr/m/n/8 1 
 []


Overfull \hbox (4.48618pt too wide) in paragraph at lines 175--175
 \OT1/cmr/m/n/8 x 
 []


Overfull \hbox (28.21846pt too wide) in paragraph at lines 175--175
 \OT1/cmr/m/n/8 Jumper 
 []


Overfull \hbox (18.17249pt too wide) in paragraph at lines 175--175
 \OT1/cmr/m/n/8 Male 
 []


Overfull \hbox (2.83337pt too wide) in paragraph at lines 175--175
 \OT1/cmr/m/n/8 - 
 []


Overfull \hbox (38.53389pt too wide) in paragraph at lines 175--175
 \OT1/cmr/m/n/8 Quetschen 
 []


Overfull \hbox (12.75018pt too wide) in paragraph at lines 175--175
 \OT1/cmr/m/n/8 250 
 []


Overfull \hbox (41.63394pt too wide) in paragraph at lines 175--175
 \OT1/cmr/m/n/8 12V/Masse 
 []


Overfull \hbox (25.73648pt too wide) in paragraph at lines 175--175
 \OT1/cmr/m/n/8 Schalt- 
 []


Overfull \hbox (14.6391pt too wide) in paragraph at lines 175--175
 \OT1/cmr/m/n/8 net- 
 []


Overfull \hbox (15.58356pt too wide) in paragraph at lines 175--175
 \OT1/cmr/m/n/8 zteil 
 []


Overfull \hbox (11.56961pt too wide) in paragraph at lines 175--175
 \OT1/cmr/m/n/8 auf 
 []


Overfull \hbox (13.3363pt too wide) in paragraph at lines 175--175
 \OT1/cmr/m/n/8 En- 
 []


Overfull \hbox (22.43088pt too wide) in paragraph at lines 175--175
 \OT1/cmr/m/n/8 twick- 
 []


Overfull \hbox (12.2849pt too wide) in paragraph at lines 175--175
 \OT1/cmr/m/n/8 ler- 
 []


Overfull \hbox (21.49336pt too wide) in paragraph at lines 175--175
 \OT1/cmr/m/n/8 board 
 []


Overfull \hbox (39.43806pt too wide) in paragraph at lines 175--175
 \OT1/cmr/m/n/8 Schrittmo- 
 []


Overfull \hbox (17.05441pt too wide) in paragraph at lines 175--175
 \OT1/cmr/m/n/8 tors- 
 []


Overfull \hbox (32.59074pt too wide) in paragraph at lines 175--175
 \OT1/cmr/m/n/8 teuerung 
 []


Overfull \hbox (23.367pt too wide) in paragraph at lines 175--175
 \OT1/cmr/m/n/8 A4988 
 []

! Misplaced \noalign.
\hline ->\noalign 
                  {\ifnum 0=`}\fi \hrule \@height \arrayrulewidth \futurelet...
l.175 ...rd Schrittmotorsteuerung A4988  \\ \hline
                                                  
I expect to see \noalign only after the \cr of
an alignment. Proceed, and I'll ignore this case.

! Misplaced alignment tab character &.
l.176 			9 &
             2 & 1 x Kabelschuh Ringform & 1 x Jumper Male &  - & Quetschen ...
I can't figure out why you would want to use a tab mark
here. If you just want an ampersand, the remedy is
simple: Just type `I\&' now. But if some right brace
up above has ended a previous alignment prematurely,
you're probably due for more error messages, and you
might try typing `S' now just to see what is salvageable.

! Misplaced alignment tab character &.
l.176 			9 & 2 &
                 1 x Kabelschuh Ringform & 1 x Jumper Male &  - & Quetschen ...
I can't figure out why you would want to use a tab mark
here. If you just want an ampersand, the remedy is
simple: Just type `I\&' now. But if some right brace
up above has ended a previous alignment prematurely,
you're probably due for more error messages, and you
might try typing `S' now just to see what is salvageable.

! Misplaced alignment tab character &.
l.176 			9 & 2 & 1 x Kabelschuh Ringform &
                                           1 x Jumper Male &  - & Quetschen ...
I can't figure out why you would want to use a tab mark
here. If you just want an ampersand, the remedy is
simple: Just type `I\&' now. But if some right brace
up above has ended a previous alignment prematurely,
you're probably due for more error messages, and you
might try typing `S' now just to see what is salvageable.

! Misplaced alignment tab character &.
l.176 ...x Kabelschuh Ringform & 1 x Jumper Male &
                                                    - & Quetschen & 170 & 12...
I can't figure out why you would want to use a tab mark
here. If you just want an ampersand, the remedy is
simple: Just type `I\&' now. But if some right brace
up above has ended a previous alignment prematurely,
you're probably due for more error messages, and you
might try typing `S' now just to see what is salvageable.

! Misplaced alignment tab character &.
l.176 ...elschuh Ringform & 1 x Jumper Male &  - &
                                                   Quetschen & 170 & 12V/Mas...
I can't figure out why you would want to use a tab mark
here. If you just want an ampersand, the remedy is
simple: Just type `I\&' now. But if some right brace
up above has ended a previous alignment prematurely,
you're probably due for more error messages, and you
might try typing `S' now just to see what is salvageable.

! Misplaced alignment tab character &.
l.176 ...form & 1 x Jumper Male &  - & Quetschen &
                                                   170 & 12V/Masse Schaltnet...
I can't figure out why you would want to use a tab mark
here. If you just want an ampersand, the remedy is
simple: Just type `I\&' now. But if some right brace
up above has ended a previous alignment prematurely,
you're probably due for more error messages, and you
might try typing `S' now just to see what is salvageable.

! Misplaced alignment tab character &.
l.176 ... 1 x Jumper Male &  - & Quetschen & 170 &
                                                   12V/Masse Schaltnetzteil ...
I can't figure out why you would want to use a tab mark
here. If you just want an ampersand, the remedy is
simple: Just type `I\&' now. But if some right brace
up above has ended a previous alignment prematurely,
you're probably due for more error messages, and you
might try typing `S' now just to see what is salvageable.


Overfull \hbox (4.25006pt too wide) in paragraph at lines 176--176
 []\OT1/cmr/m/n/8 9 
 []


Overfull \hbox (4.25006pt too wide) in paragraph at lines 176--176
 \OT1/cmr/m/n/8 2 
 []


Overfull \hbox (4.25006pt too wide) in paragraph at lines 176--176
 \OT1/cmr/m/n/8 1 
 []


Overfull \hbox (4.48618pt too wide) in paragraph at lines 176--176
 \OT1/cmr/m/n/8 x 
 []


Overfull \hbox (13.68631pt too wide) in paragraph at lines 176--176
 \OT1/cmr/m/n/8 Ka- 
 []


Overfull \hbox (31.92268pt too wide) in paragraph at lines 176--176
 \OT1/cmr/m/n/8 belschuh 
 []


Overfull \hbox (20.41974pt too wide) in paragraph at lines 176--176
 \OT1/cmr/m/n/8 Ring- 
 []


Overfull \hbox (17.2433pt too wide) in paragraph at lines 176--176
 \OT1/cmr/m/n/8 form 
 []


Overfull \hbox (4.25006pt too wide) in paragraph at lines 176--176
 \OT1/cmr/m/n/8 1 
 []


Overfull \hbox (4.48618pt too wide) in paragraph at lines 176--176
 \OT1/cmr/m/n/8 x 
 []


Overfull \hbox (28.21846pt too wide) in paragraph at lines 176--176
 \OT1/cmr/m/n/8 Jumper 
 []


Overfull \hbox (18.17249pt too wide) in paragraph at lines 176--176
 \OT1/cmr/m/n/8 Male 
 []


Overfull \hbox (2.83337pt too wide) in paragraph at lines 176--176
 \OT1/cmr/m/n/8 - 
 []


Overfull \hbox (38.53389pt too wide) in paragraph at lines 176--176
 \OT1/cmr/m/n/8 Quetschen 
 []


Overfull \hbox (12.75018pt too wide) in paragraph at lines 176--176
 \OT1/cmr/m/n/8 170 
 []


Overfull \hbox (41.63394pt too wide) in paragraph at lines 176--176
 \OT1/cmr/m/n/8 12V/Masse 
 []


Overfull \hbox (25.73648pt too wide) in paragraph at lines 176--176
 \OT1/cmr/m/n/8 Schalt- 
 []


Overfull \hbox (14.6391pt too wide) in paragraph at lines 176--176
 \OT1/cmr/m/n/8 net- 
 []


Overfull \hbox (15.58356pt too wide) in paragraph at lines 176--176
 \OT1/cmr/m/n/8 zteil 
 []


Overfull \hbox (11.56961pt too wide) in paragraph at lines 176--176
 \OT1/cmr/m/n/8 auf 
 []


Overfull \hbox (23.95313pt too wide) in paragraph at lines 176--176
 \OT1/cmr/m/n/8 TMLS 
 []

! Misplaced \noalign.
\hline ->\noalign 
                  {\ifnum 0=`}\fi \hrule \@height \arrayrulewidth \futurelet...
l.176 .../Masse Schaltnetzteil auf TMLS  \\ \hline
                                                  
I expect to see \noalign only after the \cr of
an alignment. Proceed, and I'll ignore this case.

! Misplaced alignment tab character &.
l.177 			10 &
              3 & 1 x Kabelschuh Ringform & 1 x Kabelschuh Flachsteckhülse ...
I can't figure out why you would want to use a tab mark
here. If you just want an ampersand, the remedy is
simple: Just type `I\&' now. But if some right brace
up above has ended a previous alignment prematurely,
you're probably due for more error messages, and you
might try typing `S' now just to see what is salvageable.

! Misplaced alignment tab character &.
l.177 			10 & 3 &
                  1 x Kabelschuh Ringform & 1 x Kabelschuh Flachsteckhülse ...
I can't figure out why you would want to use a tab mark
here. If you just want an ampersand, the remedy is
simple: Just type `I\&' now. But if some right brace
up above has ended a previous alignment prematurely,
you're probably due for more error messages, and you
might try typing `S' now just to see what is salvageable.

! Misplaced alignment tab character &.
l.177 			10 & 3 & 1 x Kabelschuh Ringform &
                                            1 x Kabelschuh Flachsteckhülse ...
I can't figure out why you would want to use a tab mark
here. If you just want an ampersand, the remedy is
simple: Just type `I\&' now. But if some right brace
up above has ended a previous alignment prematurely,
you're probably due for more error messages, and you
might try typing `S' now just to see what is salvageable.

! Misplaced alignment tab character &.
l.177 ...gform & 1 x Kabelschuh Flachsteckhülse &
                                                   - & 1 x Quetschen & 125 &...
I can't figure out why you would want to use a tab mark
here. If you just want an ampersand, the remedy is
simple: Just type `I\&' now. But if some right brace
up above has ended a previous alignment prematurely,
you're probably due for more error messages, and you
might try typing `S' now just to see what is salvageable.

! Misplaced alignment tab character &.
l.177 ...m & 1 x Kabelschuh Flachsteckhülse & - &
                                                   1 x Quetschen & 125 & Kal...
I can't figure out why you would want to use a tab mark
here. If you just want an ampersand, the remedy is
simple: Just type `I\&' now. But if some right brace
up above has ended a previous alignment prematurely,
you're probably due for more error messages, and you
might try typing `S' now just to see what is salvageable.

! Misplaced alignment tab character &.
l.177 ...uh Flachsteckhülse & - & 1 x Quetschen &
                                                   125 & Kaltgerätean-schlu...
I can't figure out why you would want to use a tab mark
here. If you just want an ampersand, the remedy is
simple: Just type `I\&' now. But if some right brace
up above has ended a previous alignment prematurely,
you're probably due for more error messages, and you
might try typing `S' now just to see what is salvageable.

! Misplaced alignment tab character &.
l.177 ...chsteckhülse & - & 1 x Quetschen & 125 &
                                                   Kaltgerätean-schluss auf...
I can't figure out why you would want to use a tab mark
here. If you just want an ampersand, the remedy is
simple: Just type `I\&' now. But if some right brace
up above has ended a previous alignment prematurely,
you're probably due for more error messages, and you
might try typing `S' now just to see what is salvageable.


Overfull \hbox (8.50012pt too wide) in paragraph at lines 177--177
 []\OT1/cmr/m/n/8 10 
 []


Overfull \hbox (4.25006pt too wide) in paragraph at lines 177--177
 \OT1/cmr/m/n/8 3 
 []


Overfull \hbox (4.25006pt too wide) in paragraph at lines 177--177
 \OT1/cmr/m/n/8 1 
 []


Overfull \hbox (4.48618pt too wide) in paragraph at lines 177--177
 \OT1/cmr/m/n/8 x 
 []


Overfull \hbox (13.68631pt too wide) in paragraph at lines 177--177
 \OT1/cmr/m/n/8 Ka- 
 []


Overfull \hbox (31.92268pt too wide) in paragraph at lines 177--177
 \OT1/cmr/m/n/8 belschuh 
 []


Overfull \hbox (20.41974pt too wide) in paragraph at lines 177--177
 \OT1/cmr/m/n/8 Ring- 
 []


Overfull \hbox (17.2433pt too wide) in paragraph at lines 177--177
 \OT1/cmr/m/n/8 form 
 []


Overfull \hbox (4.25006pt too wide) in paragraph at lines 177--177
 \OT1/cmr/m/n/8 1 
 []


Overfull \hbox (4.48618pt too wide) in paragraph at lines 177--177
 \OT1/cmr/m/n/8 x 
 []


Overfull \hbox (13.68631pt too wide) in paragraph at lines 177--177
 \OT1/cmr/m/n/8 Ka- 
 []


Overfull \hbox (31.92268pt too wide) in paragraph at lines 177--177
 \OT1/cmr/m/n/8 belschuh 
 []


Overfull \hbox (23.25311pt too wide) in paragraph at lines 177--177
 \OT1/cmr/m/n/8 Flach- 
 []


Overfull \hbox (37.40054pt too wide) in paragraph at lines 177--177
 \OT1/cmr/m/n/8 steckh^^?ulse 
 []


Overfull \hbox (2.83337pt too wide) in paragraph at lines 177--177
 \OT1/cmr/m/n/8 - 
 []


Overfull \hbox (4.25006pt too wide) in paragraph at lines 177--177
 \OT1/cmr/m/n/8 1 
 []


Overfull \hbox (4.48618pt too wide) in paragraph at lines 177--177
 \OT1/cmr/m/n/8 x 
 []


Overfull \hbox (38.53389pt too wide) in paragraph at lines 177--177
 \OT1/cmr/m/n/8 Quetschen 
 []


Overfull \hbox (12.75018pt too wide) in paragraph at lines 177--177
 \OT1/cmr/m/n/8 125 
 []


Overfull \hbox (19.35306pt too wide) in paragraph at lines 177--177
 \OT1/cmr/m/n/8 Kalt- 
 []


Overfull \hbox (34.47966pt too wide) in paragraph at lines 177--177
 \OT1/cmr/m/n/8 ger^^?atean- 
 []


Overfull \hbox (25.40593pt too wide) in paragraph at lines 177--177
 \OT1/cmr/m/n/8 schluss 
 []


Overfull \hbox (11.56961pt too wide) in paragraph at lines 177--177
 \OT1/cmr/m/n/8 auf 
 []


Overfull \hbox (25.73648pt too wide) in paragraph at lines 177--177
 \OT1/cmr/m/n/8 Schalt- 
 []


Overfull \hbox (14.6391pt too wide) in paragraph at lines 177--177
 \OT1/cmr/m/n/8 net- 
 []


Overfull \hbox (15.58356pt too wide) in paragraph at lines 177--177
 \OT1/cmr/m/n/8 zteil 
 []

! Misplaced \noalign.
\hline ->\noalign 
                  {\ifnum 0=`}\fi \hrule \@height \arrayrulewidth \futurelet...
l.177 ...ean-schluss auf Schaltnetzteil  \\ \hline
                                                  
I expect to see \noalign only after the \cr of
an alignment. Proceed, and I'll ignore this case.

! Misplaced alignment tab character &.
l.178 			11 &
              1 & 1 x Pin HY2.0 & 2 x Micro-Schalter & - & 1 x Löten & 285 ...
I can't figure out why you would want to use a tab mark
here. If you just want an ampersand, the remedy is
simple: Just type `I\&' now. But if some right brace
up above has ended a previous alignment prematurely,
you're probably due for more error messages, and you
might try typing `S' now just to see what is salvageable.

! Misplaced alignment tab character &.
l.178 			11 & 1 &
                  1 x Pin HY2.0 & 2 x Micro-Schalter & - & 1 x Löten & 285 ...
I can't figure out why you would want to use a tab mark
here. If you just want an ampersand, the remedy is
simple: Just type `I\&' now. But if some right brace
up above has ended a previous alignment prematurely,
you're probably due for more error messages, and you
might try typing `S' now just to see what is salvageable.

! Misplaced alignment tab character &.
l.178 			11 & 1 & 1 x Pin HY2.0 &
                                  2 x Micro-Schalter & - & 1 x Löten & 285 ...
I can't figure out why you would want to use a tab mark
here. If you just want an ampersand, the remedy is
simple: Just type `I\&' now. But if some right brace
up above has ended a previous alignment prematurely,
you're probably due for more error messages, and you
might try typing `S' now just to see what is salvageable.

! Misplaced alignment tab character &.
l.178 ... 1 & 1 x Pin HY2.0 & 2 x Micro-Schalter &
                                                   - & 1 x Löten & 285 & TM...
I can't figure out why you would want to use a tab mark
here. If you just want an ampersand, the remedy is
simple: Just type `I\&' now. But if some right brace
up above has ended a previous alignment prematurely,
you're probably due for more error messages, and you
might try typing `S' now just to see what is salvageable.

! Misplaced alignment tab character &.
l.178 ... 1 x Pin HY2.0 & 2 x Micro-Schalter & - &
                                                   1 x Löten & 285 & TMLS a...
I can't figure out why you would want to use a tab mark
here. If you just want an ampersand, the remedy is
simple: Just type `I\&' now. But if some right brace
up above has ended a previous alignment prematurely,
you're probably due for more error messages, and you
might try typing `S' now just to see what is salvageable.

! Misplaced alignment tab character &.
l.178 ...0 & 2 x Micro-Schalter & - & 1 x Löten &
                                                   285 & TMLS auf Micro-Scha...
I can't figure out why you would want to use a tab mark
here. If you just want an ampersand, the remedy is
simple: Just type `I\&' now. But if some right brace
up above has ended a previous alignment prematurely,
you're probably due for more error messages, and you
might try typing `S' now just to see what is salvageable.

! Misplaced alignment tab character &.
l.178 ...x Micro-Schalter & - & 1 x Löten & 285 &
                                                   TMLS auf Micro-Schalter  ...
I can't figure out why you would want to use a tab mark
here. If you just want an ampersand, the remedy is
simple: Just type `I\&' now. But if some right brace
up above has ended a previous alignment prematurely,
you're probably due for more error messages, and you
might try typing `S' now just to see what is salvageable.


Overfull \hbox (8.50012pt too wide) in paragraph at lines 178--178
 []\OT1/cmr/m/n/8 11 
 []


Overfull \hbox (4.25006pt too wide) in paragraph at lines 178--178
 \OT1/cmr/m/n/8 1 
 []


Overfull \hbox (4.25006pt too wide) in paragraph at lines 178--178
 \OT1/cmr/m/n/8 1 
 []


Overfull \hbox (4.48618pt too wide) in paragraph at lines 178--178
 \OT1/cmr/m/n/8 x 
 []


Overfull \hbox (12.86407pt too wide) in paragraph at lines 178--178
 \OT1/cmr/m/n/8 Pin 
 []


Overfull \hbox (23.59479pt too wide) in paragraph at lines 178--178
 \OT1/cmr/m/n/8 HY2.0 
 []


Overfull \hbox (4.25006pt too wide) in paragraph at lines 178--178
 \OT1/cmr/m/n/8 2 
 []


Overfull \hbox (4.48618pt too wide) in paragraph at lines 178--178
 \OT1/cmr/m/n/8 x 
 []


Overfull \hbox (24.3184pt too wide) in paragraph at lines 178--178
 \OT1/cmr/m/n/8 Micro- 
 []


Overfull \hbox (29.99348pt too wide) in paragraph at lines 178--178
 \OT1/cmr/m/n/8 Schalter 
 []


Overfull \hbox (2.83337pt too wide) in paragraph at lines 178--178
 \OT1/cmr/m/n/8 - 
 []


Overfull \hbox (4.25006pt too wide) in paragraph at lines 178--178
 \OT1/cmr/m/n/8 1 
 []


Overfull \hbox (4.48618pt too wide) in paragraph at lines 178--178
 \OT1/cmr/m/n/8 x 
 []


Overfull \hbox (21.3642pt too wide) in paragraph at lines 178--178
 \OT1/cmr/m/n/8 L^^?oten 
 []


Overfull \hbox (12.75018pt too wide) in paragraph at lines 178--178
 \OT1/cmr/m/n/8 285 
 []


Overfull \hbox (23.95313pt too wide) in paragraph at lines 178--178
 \OT1/cmr/m/n/8 TMLS 
 []


Overfull \hbox (11.56961pt too wide) in paragraph at lines 178--178
 \OT1/cmr/m/n/8 auf 
 []


Overfull \hbox (24.3184pt too wide) in paragraph at lines 178--178
 \OT1/cmr/m/n/8 Micro- 
 []


Overfull \hbox (29.99348pt too wide) in paragraph at lines 178--178
 \OT1/cmr/m/n/8 Schalter 
 []

! Misplaced \noalign.
\hline ->\noalign 
                  {\ifnum 0=`}\fi \hrule \@height \arrayrulewidth \futurelet...
l.178 ... 285 & TMLS auf Micro-Schalter  \\ \hline
                                                  
I expect to see \noalign only after the \cr of
an alignment. Proceed, and I'll ignore this case.

! Misplaced alignment tab character &.
l.179 			12 &
              1 & 4 x Jumper Male & SMD-LED & - & Löten & 225 & TMLS auf SM...
I can't figure out why you would want to use a tab mark
here. If you just want an ampersand, the remedy is
simple: Just type `I\&' now. But if some right brace
up above has ended a previous alignment prematurely,
you're probably due for more error messages, and you
might try typing `S' now just to see what is salvageable.

! Misplaced alignment tab character &.
l.179 			12 & 1 &
                  4 x Jumper Male & SMD-LED & - & Löten & 225 & TMLS auf SM...
I can't figure out why you would want to use a tab mark
here. If you just want an ampersand, the remedy is
simple: Just type `I\&' now. But if some right brace
up above has ended a previous alignment prematurely,
you're probably due for more error messages, and you
might try typing `S' now just to see what is salvageable.

! Misplaced alignment tab character &.
l.179 			12 & 1 & 4 x Jumper Male &
                                    SMD-LED & - & Löten & 225 & TMLS auf SM...
I can't figure out why you would want to use a tab mark
here. If you just want an ampersand, the remedy is
simple: Just type `I\&' now. But if some right brace
up above has ended a previous alignment prematurely,
you're probably due for more error messages, and you
might try typing `S' now just to see what is salvageable.

! Misplaced alignment tab character &.
l.179 			12 & 1 & 4 x Jumper Male & SMD-LED &
                                              - & Löten & 225 & TMLS auf SM...
I can't figure out why you would want to use a tab mark
here. If you just want an ampersand, the remedy is
simple: Just type `I\&' now. But if some right brace
up above has ended a previous alignment prematurely,
you're probably due for more error messages, and you
might try typing `S' now just to see what is salvageable.

! Misplaced alignment tab character &.
l.179 			12 & 1 & 4 x Jumper Male & SMD-LED & - &
                                                  Löten & 225 & TMLS auf SM...
I can't figure out why you would want to use a tab mark
here. If you just want an ampersand, the remedy is
simple: Just type `I\&' now. But if some right brace
up above has ended a previous alignment prematurely,
you're probably due for more error messages, and you
might try typing `S' now just to see what is salvageable.

! Misplaced alignment tab character &.
l.179 ... 4 x Jumper Male & SMD-LED & - & Löten &
                                                   225 & TMLS auf SMD-LED  \...
I can't figure out why you would want to use a tab mark
here. If you just want an ampersand, the remedy is
simple: Just type `I\&' now. But if some right brace
up above has ended a previous alignment prematurely,
you're probably due for more error messages, and you
might try typing `S' now just to see what is salvageable.

! Misplaced alignment tab character &.
l.179 ...umper Male & SMD-LED & - & Löten & 225 &
                                                   TMLS auf SMD-LED  \\ \hline
I can't figure out why you would want to use a tab mark
here. If you just want an ampersand, the remedy is
simple: Just type `I\&' now. But if some right brace
up above has ended a previous alignment prematurely,
you're probably due for more error messages, and you
might try typing `S' now just to see what is salvageable.


Overfull \hbox (8.50012pt too wide) in paragraph at lines 179--179
 []\OT1/cmr/m/n/8 12 
 []


Overfull \hbox (4.25006pt too wide) in paragraph at lines 179--179
 \OT1/cmr/m/n/8 1 
 []


Overfull \hbox (4.25006pt too wide) in paragraph at lines 179--179
 \OT1/cmr/m/n/8 4 
 []


Overfull \hbox (4.48618pt too wide) in paragraph at lines 179--179
 \OT1/cmr/m/n/8 x 
 []


Overfull \hbox (28.21846pt too wide) in paragraph at lines 179--179
 \OT1/cmr/m/n/8 Jumper 
 []


Overfull \hbox (18.17249pt too wide) in paragraph at lines 179--179
 \OT1/cmr/m/n/8 Male 
 []


Overfull \hbox (21.8281pt too wide) in paragraph at lines 179--179
 \OT1/cmr/m/n/8 SMD- 
 []


Overfull \hbox (17.57803pt too wide) in paragraph at lines 179--179
 \OT1/cmr/m/n/8 LED 
 []


Overfull \hbox (2.83337pt too wide) in paragraph at lines 179--179
 \OT1/cmr/m/n/8 - 
 []


Overfull \hbox (21.3642pt too wide) in paragraph at lines 179--179
 \OT1/cmr/m/n/8 L^^?oten 
 []


Overfull \hbox (12.75018pt too wide) in paragraph at lines 179--179
 \OT1/cmr/m/n/8 225 
 []


Overfull \hbox (23.95313pt too wide) in paragraph at lines 179--179
 \OT1/cmr/m/n/8 TMLS 
 []


Overfull \hbox (11.56961pt too wide) in paragraph at lines 179--179
 \OT1/cmr/m/n/8 auf 
 []


Overfull \hbox (21.8281pt too wide) in paragraph at lines 179--179
 \OT1/cmr/m/n/8 SMD- 
 []


Overfull \hbox (17.57803pt too wide) in paragraph at lines 179--179
 \OT1/cmr/m/n/8 LED 
 []

! Misplaced \noalign.
\hline ->\noalign 
                  {\ifnum 0=`}\fi \hrule \@height \arrayrulewidth \futurelet...
l.179 ...öten & 225 & TMLS auf SMD-LED  \\ \hline
                                                  
I expect to see \noalign only after the \cr of
an alignment. Proceed, and I'll ignore this case.

! Misplaced alignment tab character &.
l.180 			13 &
              1 & 1 x Pin HY2.0 & 2 x Druckknopf x & - & Löten & 230 & TMLS...
I can't figure out why you would want to use a tab mark
here. If you just want an ampersand, the remedy is
simple: Just type `I\&' now. But if some right brace
up above has ended a previous alignment prematurely,
you're probably due for more error messages, and you
might try typing `S' now just to see what is salvageable.

! Misplaced alignment tab character &.
l.180 			13 & 1 &
                  1 x Pin HY2.0 & 2 x Druckknopf x & - & Löten & 230 & TMLS...
I can't figure out why you would want to use a tab mark
here. If you just want an ampersand, the remedy is
simple: Just type `I\&' now. But if some right brace
up above has ended a previous alignment prematurely,
you're probably due for more error messages, and you
might try typing `S' now just to see what is salvageable.

! Misplaced alignment tab character &.
l.180 			13 & 1 & 1 x Pin HY2.0 &
                                  2 x Druckknopf x & - & Löten & 230 & TMLS...
I can't figure out why you would want to use a tab mark
here. If you just want an ampersand, the remedy is
simple: Just type `I\&' now. But if some right brace
up above has ended a previous alignment prematurely,
you're probably due for more error messages, and you
might try typing `S' now just to see what is salvageable.

! Misplaced alignment tab character &.
l.180 ... & 1 & 1 x Pin HY2.0 & 2 x Druckknopf x &
                                                   - & Löten & 230 & TMLS a...
I can't figure out why you would want to use a tab mark
here. If you just want an ampersand, the remedy is
simple: Just type `I\&' now. But if some right brace
up above has ended a previous alignment prematurely,
you're probably due for more error messages, and you
might try typing `S' now just to see what is salvageable.

! Misplaced alignment tab character &.
l.180 ... & 1 x Pin HY2.0 & 2 x Druckknopf x & - &
                                                   Löten & 230 & TMLS auf D...
I can't figure out why you would want to use a tab mark
here. If you just want an ampersand, the remedy is
simple: Just type `I\&' now. But if some right brace
up above has ended a previous alignment prematurely,
you're probably due for more error messages, and you
might try typing `S' now just to see what is salvageable.

! Misplaced alignment tab character &.
l.180 ...n HY2.0 & 2 x Druckknopf x & - & Löten &
                                                   230 & TMLS auf Druckknopf...
I can't figure out why you would want to use a tab mark
here. If you just want an ampersand, the remedy is
simple: Just type `I\&' now. But if some right brace
up above has ended a previous alignment prematurely,
you're probably due for more error messages, and you
might try typing `S' now just to see what is salvageable.

! Misplaced alignment tab character &.
l.180 ...0 & 2 x Druckknopf x & - & Löten & 230 &
                                                   TMLS auf Druckknopf  \\ \...
I can't figure out why you would want to use a tab mark
here. If you just want an ampersand, the remedy is
simple: Just type `I\&' now. But if some right brace
up above has ended a previous alignment prematurely,
you're probably due for more error messages, and you
might try typing `S' now just to see what is salvageable.


Overfull \hbox (8.50012pt too wide) in paragraph at lines 180--180
 []\OT1/cmr/m/n/8 13 
 []


Overfull \hbox (4.25006pt too wide) in paragraph at lines 180--180
 \OT1/cmr/m/n/8 1 
 []


Overfull \hbox (4.25006pt too wide) in paragraph at lines 180--180
 \OT1/cmr/m/n/8 1 
 []


Overfull \hbox (4.48618pt too wide) in paragraph at lines 180--180
 \OT1/cmr/m/n/8 x 
 []


Overfull \hbox (12.86407pt too wide) in paragraph at lines 180--180
 \OT1/cmr/m/n/8 Pin 
 []


Overfull \hbox (23.59479pt too wide) in paragraph at lines 180--180
 \OT1/cmr/m/n/8 HY2.0 
 []


Overfull \hbox (4.25006pt too wide) in paragraph at lines 180--180
 \OT1/cmr/m/n/8 2 
 []


Overfull \hbox (4.48618pt too wide) in paragraph at lines 180--180
 \OT1/cmr/m/n/8 x 
 []


Overfull \hbox (25.38509pt too wide) in paragraph at lines 180--180
 \OT1/cmr/m/n/8 Druck- 
 []


Overfull \hbox (20.77808pt too wide) in paragraph at lines 180--180
 \OT1/cmr/m/n/8 knopf 
 []


Overfull \hbox (4.48618pt too wide) in paragraph at lines 180--180
 \OT1/cmr/m/n/8 x 
 []


Overfull \hbox (2.83337pt too wide) in paragraph at lines 180--180
 \OT1/cmr/m/n/8 - 
 []


Overfull \hbox (21.3642pt too wide) in paragraph at lines 180--180
 \OT1/cmr/m/n/8 L^^?oten 
 []


Overfull \hbox (12.75018pt too wide) in paragraph at lines 180--180
 \OT1/cmr/m/n/8 230 
 []


Overfull \hbox (23.95313pt too wide) in paragraph at lines 180--180
 \OT1/cmr/m/n/8 TMLS 
 []


Overfull \hbox (11.56961pt too wide) in paragraph at lines 180--180
 \OT1/cmr/m/n/8 auf 
 []


Overfull \hbox (25.38509pt too wide) in paragraph at lines 180--180
 \OT1/cmr/m/n/8 Druck- 
 []


Overfull \hbox (20.77808pt too wide) in paragraph at lines 180--180
 \OT1/cmr/m/n/8 knopf 
 []

! Misplaced \noalign.
\hline ->\noalign 
                  {\ifnum 0=`}\fi \hrule \@height \arrayrulewidth \futurelet...
l.180 ...en & 230 & TMLS auf Druckknopf  \\ \hline
                                                  
I expect to see \noalign only after the \cr of
an alignment. Proceed, and I'll ignore this case.


! LaTeX Error: \begin{center} on input line 163 ended by \end{tabularx}.

See the LaTeX manual or LaTeX Companion for explanation.
Type  H <return>  for immediate help.
 ...                                              
                                                  
l.182 		\end{tabularx}
                      
Your command was ignored.
Type  I <command> <return>  to replace it with another command,
or  <return>  to continue without it.

! Undefined control sequence.
l.183 		\captionof
                  {table}{Leitungen}	\label{Leittab}
The control sequence at the end of the top line
of your error message was never \def'ed. If you have
misspelled it (e.g., `\hobx'), type `I' and the correct
spelling (e.g., `I\hbox'). Otherwise just continue,
and I'll forget about whatever was undefined.


Overfull \hbox (55.36469pt too wide) in paragraph at lines 183--184
 []\OT1/cmr/m/n/8 tableLeitungen 
 []


! LaTeX Error: \begin{document} ended by \end{figure}.

See the LaTeX manual or LaTeX Companion for explanation.
Type  H <return>  for immediate help.
 ...                                              
                                                  
l.185 \end{figure}
                  
Your command was ignored.
Type  I <command> <return>  to replace it with another command,
or  <return>  to continue without it.

! Undefined control sequence.
l.187 \section
              {Schrauben und Muttern }
The control sequence at the end of the top line
of your error message was never \def'ed. If you have
misspelled it (e.g., `\hobx'), type `I' and the correct
spelling (e.g., `I\hbox'). Otherwise just continue,
and I'll forget about whatever was undefined.

Missing character: There is no S in font nullfont!
Missing character: There is no c in font nullfont!
Missing character: There is no h in font nullfont!
Missing character: There is no r in font nullfont!
Missing character: There is no a in font nullfont!
Missing character: There is no u in font nullfont!
Missing character: There is no b in font nullfont!
Missing character: There is no e in font nullfont!
Missing character: There is no n in font nullfont!
Missing character: There is no u in font nullfont!
Missing character: There is no n in font nullfont!
Missing character: There is no d in font nullfont!
Missing character: There is no M in font nullfont!
Missing character: There is no u in font nullfont!
Missing character: There is no t in font nullfont!
Missing character: There is no t in font nullfont!
Missing character: There is no e in font nullfont!
Missing character: There is no r in font nullfont!
Missing character: There is no n in font nullfont!

Overfull \hbox (20.0pt too wide) in paragraph at lines 187--188
[]
 []

Missing character: There is no I in font nullfont!
Missing character: There is no n in font nullfont!
Missing character: There is no d in font nullfont!
Missing character: There is no e in font nullfont!
Missing character: There is no r in font nullfont!
Missing character: There is no f in font nullfont!
Missing character: There is no o in font nullfont!
Missing character: There is no l in font nullfont!
Missing character: There is no g in font nullfont!
Missing character: There is no e in font nullfont!
Missing character: There is no n in font nullfont!
Missing character: There is no d in font nullfont!
Missing character: There is no e in font nullfont!
Missing character: There is no n in font nullfont!
Missing character: There is no T in font nullfont!
Missing character: There is no a in font nullfont!
Missing character: There is no b in font nullfont!
Missing character: There is no e in font nullfont!
Missing character: There is no l in font nullfont!
Missing character: There is no l in font nullfont!
Missing character: There is no e in font nullfont!
! Undefined control sequence.
<write> ...Reference `Verbrauch' on page \thepage 
                                                  \space undefined\on@line .
l.189 In der folgenden Tabelle \ref{Verbrauch}
                                               werden die benötigten Schrau...
The control sequence at the end of the top line
of your error message was never \def'ed. If you have
misspelled it (e.g., `\hobx'), type `I' and the correct
spelling (e.g., `I\hbox'). Otherwise just continue,
and I'll forget about whatever was undefined.


LaTeX Warning: Reference `Verbrauch' on page  undefined on input line 189.

Missing character: There is no w in font nullfont!
Missing character: There is no e in font nullfont!
Missing character: There is no r in font nullfont!
Missing character: There is no d in font nullfont!
Missing character: There is no e in font nullfont!
Missing character: There is no n in font nullfont!
Missing character: There is no d in font nullfont!
Missing character: There is no i in font nullfont!
Missing character: There is no e in font nullfont!
Missing character: There is no b in font nullfont!
Missing character: There is no e in font nullfont!
Missing character: There is no n in font nullfont!
Missing character: There is no t in font nullfont!
Missing character: There is no i in font nullfont!
Missing character: There is no g in font nullfont!
Missing character: There is no t in font nullfont!
Missing character: There is no e in font nullfont!
Missing character: There is no n in font nullfont!
Missing character: There is no S in font nullfont!
Missing character: There is no c in font nullfont!
Missing character: There is no h in font nullfont!
Missing character: There is no r in font nullfont!
Missing character: There is no a in font nullfont!
Missing character: There is no u in font nullfont!
Missing character: There is no b in font nullfont!
Missing character: There is no e in font nullfont!
Missing character: There is no n in font nullfont!
Missing character: There is no u in font nullfont!
Missing character: There is no n in font nullfont!
Missing character: There is no d in font nullfont!
Missing character: There is no M in font nullfont!
Missing character: There is no u in font nullfont!
Missing character: There is no t in font nullfont!
Missing character: There is no t in font nullfont!
Missing character: There is no e in font nullfont!
Missing character: There is no r in font nullfont!
Missing character: There is no n in font nullfont!
Missing character: There is no a in font nullfont!
Missing character: There is no u in font nullfont!
Missing character: There is no f in font nullfont!
Missing character: There is no g in font nullfont!
Missing character: There is no e in font nullfont!
Missing character: There is no l in font nullfont!
Missing character: There is no i in font nullfont!
Missing character: There is no s in font nullfont!
Missing character: There is no t in font nullfont!
Missing character: There is no e in font nullfont!
Missing character: There is no t in font nullfont!

Overfull \hbox (20.0pt too wide) in paragraph at lines 189--190
[]
 []


Overfull \hbox (10.86105pt too wide) in paragraph at lines 189--190
[]
 []


Overfull \hbox (5.00002pt too wide) in paragraph at lines 189--190
\/cmr/m/n/10 ^^?o
 []


! LaTeX Error: Environment figure undefined.

See the LaTeX manual or LaTeX Companion for explanation.
Type  H <return>  for immediate help.
 ...                                              
                                                  
l.191 \begin{figure}
                    [H]
Your command was ignored.
Type  I <command> <return>  to replace it with another command,
or  <return>  to continue without it.

Missing character: There is no [ in font nullfont!
Missing character: There is no H in font nullfont!
Missing character: There is no ] in font nullfont!

Overfull \hbox (20.0pt too wide) in paragraph at lines 191--192
[] 
 []


! LaTeX Error: Environment tabularx undefined.

See the LaTeX manual or LaTeX Companion for explanation.
Type  H <return>  for immediate help.
 ...                                              
                                                  
l.194 		\begin{tabularx}
                        {\textwidth}{|p{0.5cm}|p{0,8cm}|X|X|X|X|}
Your command was ignored.
Type  I <command> <return>  to replace it with another command,
or  <return>  to continue without it.

! Missing number, treated as zero.
<to be read again> 
                   }
l.194 		\begin{tabularx}{\textwidth}
                                    {|p{0.5cm}|p{0,8cm}|X|X|X|X|}
A number should have been here; I inserted `0'.
(If you can't figure out why I needed to see a number,
look up `weird error' in the index to The TeXbook.)

! Illegal unit of measure (pt inserted).
<to be read again> 
                   }
l.194 		\begin{tabularx}{\textwidth}
                                    {|p{0.5cm}|p{0,8cm}|X|X|X|X|}
Dimensions can be in units of em, ex, in, pt, pc,
cm, mm, dd, cc, nd, nc, bp, or sp; but yours is a new one!
I'll assume that you meant to say pt, for printer's points.
To recover gracefully from this error, it's best to
delete the erroneous units; e.g., type `2' to delete
two letters. (See Chapter 27 of The TeXbook.)

! Misplaced \noalign.
\hline ->\noalign 
                  {\ifnum 0=`}\fi \hrule \@height \arrayrulewidth \futurelet...
l.195 			\hline
               
I expect to see \noalign only after the \cr of
an alignment. Proceed, and I'll ignore this case.


Overfull \hbox (137.85754pt too wide) in paragraph at lines 194--195
 \OT1/cmr/m/n/8 |p0.5cm|p0,8cm|X|X|X|X| 
 []

! Misplaced alignment tab character &.
l.196 			\textbf{Pos.} &
                          \textbf{Anzahl} &  \textbf{Beschreibung}\\ \hline
I can't figure out why you would want to use a tab mark
here. If you just want an ampersand, the remedy is
simple: Just type `I\&' now. But if some right brace
up above has ended a previous alignment prematurely,
you're probably due for more error messages, and you
might try typing `S' now just to see what is salvageable.

! Misplaced alignment tab character &.
l.196 			\textbf{Pos.} &  \textbf{Anzahl} &
                                             \textbf{Beschreibung}\\ \hline
I can't figure out why you would want to use a tab mark
here. If you just want an ampersand, the remedy is
simple: Just type `I\&' now. But if some right brace
up above has ended a previous alignment prematurely,
you're probably due for more error messages, and you
might try typing `S' now just to see what is salvageable.


Overfull \hbox (17.89902pt too wide) in paragraph at lines 196--196
 []\OT1/cmr/bx/n/8 Pos. 
 []


Overfull \hbox (16.089pt too wide) in paragraph at lines 196--196
 \OT1/cmr/bx/n/8 An- 
 []


Overfull \hbox (17.28625pt too wide) in paragraph at lines 196--196
 \OT1/cmr/bx/n/8 zahl 
 []


Overfull \hbox (39.36586pt too wide) in paragraph at lines 196--196
 \OT1/cmr/bx/n/8 Beschrei- 
 []


Overfull \hbox (21.36961pt too wide) in paragraph at lines 196--196
 \OT1/cmr/bx/n/8 bung 
 []

! Misplaced \noalign.
\hline ->\noalign 
                  {\ifnum 0=`}\fi \hrule \@height \arrayrulewidth \futurelet...
l.196 ...Anzahl} &  \textbf{Beschreibung}\\ \hline
                                                  
I expect to see \noalign only after the \cr of
an alignment. Proceed, and I'll ignore this case.

! Misplaced alignment tab character &.
l.197 			1 &
             17 & M3 Hammermutter T-Schlitz Nut 6  \\ \hline
I can't figure out why you would want to use a tab mark
here. If you just want an ampersand, the remedy is
simple: Just type `I\&' now. But if some right brace
up above has ended a previous alignment prematurely,
you're probably due for more error messages, and you
might try typing `S' now just to see what is salvageable.

! Misplaced alignment tab character &.
l.197 			1 & 17 &
                  M3 Hammermutter T-Schlitz Nut 6  \\ \hline
I can't figure out why you would want to use a tab mark
here. If you just want an ampersand, the remedy is
simple: Just type `I\&' now. But if some right brace
up above has ended a previous alignment prematurely,
you're probably due for more error messages, and you
might try typing `S' now just to see what is salvageable.


Overfull \hbox (4.25006pt too wide) in paragraph at lines 197--197
 []\OT1/cmr/m/n/8 1 
 []


Overfull \hbox (8.50012pt too wide) in paragraph at lines 197--197
 \OT1/cmr/m/n/8 17 
 []


Overfull \hbox (12.03351pt too wide) in paragraph at lines 197--197
 \OT1/cmr/m/n/8 M3 
 []


Overfull \hbox (20.53363pt too wide) in paragraph at lines 197--197
 \OT1/cmr/m/n/8 Ham- 
 []


Overfull \hbox (17.00719pt too wide) in paragraph at lines 197--197
 \OT1/cmr/m/n/8 mer- 
 []


Overfull \hbox (17.70859pt too wide) in paragraph at lines 197--197
 \OT1/cmr/m/n/8 mut- 
 []


Overfull \hbox (10.39598pt too wide) in paragraph at lines 197--197
 \OT1/cmr/m/n/8 ter 
 []


Overfull \hbox (8.97235pt too wide) in paragraph at lines 197--197
 \OT1/cmr/m/n/8 T- 
 []


Overfull \hbox (24.79202pt too wide) in paragraph at lines 197--197
 \OT1/cmr/m/n/8 Schlitz 
 []


Overfull \hbox (14.39465pt too wide) in paragraph at lines 197--197
 \OT1/cmr/m/n/8 Nut 
 []


Overfull \hbox (4.25006pt too wide) in paragraph at lines 197--197
 \OT1/cmr/m/n/8 6 
 []

! Misplaced \noalign.
\hline ->\noalign 
                  {\ifnum 0=`}\fi \hrule \@height \arrayrulewidth \futurelet...
l.197 ...3 Hammermutter T-Schlitz Nut 6  \\ \hline
                                                  
I expect to see \noalign only after the \cr of
an alignment. Proceed, and I'll ignore this case.

! Misplaced alignment tab character &.
l.198 			2 &
             14 & Zylinderschrauben M3 6 \ mm Innensechskant DIN 912  \\ \hline
I can't figure out why you would want to use a tab mark
here. If you just want an ampersand, the remedy is
simple: Just type `I\&' now. But if some right brace
up above has ended a previous alignment prematurely,
you're probably due for more error messages, and you
might try typing `S' now just to see what is salvageable.

! Misplaced alignment tab character &.
l.198 			2 & 14 &
                  Zylinderschrauben M3 6 \ mm Innensechskant DIN 912  \\ \hline
I can't figure out why you would want to use a tab mark
here. If you just want an ampersand, the remedy is
simple: Just type `I\&' now. But if some right brace
up above has ended a previous alignment prematurely,
you're probably due for more error messages, and you
might try typing `S' now just to see what is salvageable.


Overfull \hbox (4.25006pt too wide) in paragraph at lines 198--198
 []\OT1/cmr/m/n/8 2 
 []


Overfull \hbox (8.50012pt too wide) in paragraph at lines 198--198
 \OT1/cmr/m/n/8 14 
 []


Overfull \hbox (21.95865pt too wide) in paragraph at lines 198--198
 \OT1/cmr/m/n/8 Zylin- 
 []


Overfull \hbox (14.64604pt too wide) in paragraph at lines 198--198
 \OT1/cmr/m/n/8 der- 
 []


Overfull \hbox (37.36026pt too wide) in paragraph at lines 198--198
 \OT1/cmr/m/n/8 schrauben 
 []


Overfull \hbox (12.03351pt too wide) in paragraph at lines 198--198
 \OT1/cmr/m/n/8 M3 
 []


Overfull \hbox (4.25006pt too wide) in paragraph at lines 198--198
 \OT1/cmr/m/n/8 6 
 []


Overfull \hbox (14.16687pt too wide) in paragraph at lines 198--198
 \OT1/cmr/m/n/8 mm 
 []


Overfull \hbox (10.61682pt too wide) in paragraph at lines 198--198
 \OT1/cmr/m/n/8 In- 
 []


Overfull \hbox (31.45045pt too wide) in paragraph at lines 198--198
 \OT1/cmr/m/n/8 nensech- 
 []


Overfull \hbox (19.40862pt too wide) in paragraph at lines 198--198
 \OT1/cmr/m/n/8 skant 
 []


Overfull \hbox (15.9169pt too wide) in paragraph at lines 198--198
 \OT1/cmr/m/n/8 DIN 
 []


Overfull \hbox (12.75018pt too wide) in paragraph at lines 198--198
 \OT1/cmr/m/n/8 912 
 []

! Misplaced \noalign.
\hline ->\noalign 
                  {\ifnum 0=`}\fi \hrule \@height \arrayrulewidth \futurelet...
l.198 ... 6 \ mm Innensechskant DIN 912  \\ \hline
                                                  
I expect to see \noalign only after the \cr of
an alignment. Proceed, and I'll ignore this case.

! Misplaced alignment tab character &.
l.199 			3 &
             16 & Zylinderschrauben M3 8 \ mm Innensechskant DIN 912 \\ \hline
I can't figure out why you would want to use a tab mark
here. If you just want an ampersand, the remedy is
simple: Just type `I\&' now. But if some right brace
up above has ended a previous alignment prematurely,
you're probably due for more error messages, and you
might try typing `S' now just to see what is salvageable.

! Misplaced alignment tab character &.
l.199 			3 & 16 &
                  Zylinderschrauben M3 8 \ mm Innensechskant DIN 912 \\ \hline
I can't figure out why you would want to use a tab mark
here. If you just want an ampersand, the remedy is
simple: Just type `I\&' now. But if some right brace
up above has ended a previous alignment prematurely,
you're probably due for more error messages, and you
might try typing `S' now just to see what is salvageable.


Overfull \hbox (4.25006pt too wide) in paragraph at lines 199--199
 []\OT1/cmr/m/n/8 3 
 []


Overfull \hbox (8.50012pt too wide) in paragraph at lines 199--199
 \OT1/cmr/m/n/8 16 
 []


Overfull \hbox (21.95865pt too wide) in paragraph at lines 199--199
 \OT1/cmr/m/n/8 Zylin- 
 []


Overfull \hbox (14.64604pt too wide) in paragraph at lines 199--199
 \OT1/cmr/m/n/8 der- 
 []


Overfull \hbox (37.36026pt too wide) in paragraph at lines 199--199
 \OT1/cmr/m/n/8 schrauben 
 []


Overfull \hbox (12.03351pt too wide) in paragraph at lines 199--199
 \OT1/cmr/m/n/8 M3 
 []


Overfull \hbox (4.25006pt too wide) in paragraph at lines 199--199
 \OT1/cmr/m/n/8 8 
 []


Overfull \hbox (14.16687pt too wide) in paragraph at lines 199--199
 \OT1/cmr/m/n/8 mm 
 []


Overfull \hbox (10.61682pt too wide) in paragraph at lines 199--199
 \OT1/cmr/m/n/8 In- 
 []


Overfull \hbox (31.45045pt too wide) in paragraph at lines 199--199
 \OT1/cmr/m/n/8 nensech- 
 []


Overfull \hbox (19.40862pt too wide) in paragraph at lines 199--199
 \OT1/cmr/m/n/8 skant 
 []


Overfull \hbox (15.9169pt too wide) in paragraph at lines 199--199
 \OT1/cmr/m/n/8 DIN 
 []


Overfull \hbox (12.75018pt too wide) in paragraph at lines 199--199
 \OT1/cmr/m/n/8 912 
 []

! Misplaced \noalign.
\hline ->\noalign 
                  {\ifnum 0=`}\fi \hrule \@height \arrayrulewidth \futurelet...
l.199 ...3 8 \ mm Innensechskant DIN 912 \\ \hline
                                                  
I expect to see \noalign only after the \cr of
an alignment. Proceed, and I'll ignore this case.

! Misplaced alignment tab character &.
l.200 			4 &
             21 & Zylinderschrauben M3 10 \ mm Innensechskant DIN 912\\ \hline
I can't figure out why you would want to use a tab mark
here. If you just want an ampersand, the remedy is
simple: Just type `I\&' now. But if some right brace
up above has ended a previous alignment prematurely,
you're probably due for more error messages, and you
might try typing `S' now just to see what is salvageable.

! Misplaced alignment tab character &.
l.200 			4 & 21 &
                  Zylinderschrauben M3 10 \ mm Innensechskant DIN 912\\ \hline
I can't figure out why you would want to use a tab mark
here. If you just want an ampersand, the remedy is
simple: Just type `I\&' now. But if some right brace
up above has ended a previous alignment prematurely,
you're probably due for more error messages, and you
might try typing `S' now just to see what is salvageable.


Overfull \hbox (4.25006pt too wide) in paragraph at lines 200--200
 []\OT1/cmr/m/n/8 4 
 []


Overfull \hbox (8.50012pt too wide) in paragraph at lines 200--200
 \OT1/cmr/m/n/8 21 
 []


Overfull \hbox (21.95865pt too wide) in paragraph at lines 200--200
 \OT1/cmr/m/n/8 Zylin- 
 []


Overfull \hbox (14.64604pt too wide) in paragraph at lines 200--200
 \OT1/cmr/m/n/8 der- 
 []


Overfull \hbox (37.36026pt too wide) in paragraph at lines 200--200
 \OT1/cmr/m/n/8 schrauben 
 []


Overfull \hbox (12.03351pt too wide) in paragraph at lines 200--200
 \OT1/cmr/m/n/8 M3 
 []


Overfull \hbox (8.50012pt too wide) in paragraph at lines 200--200
 \OT1/cmr/m/n/8 10 
 []


Overfull \hbox (14.16687pt too wide) in paragraph at lines 200--200
 \OT1/cmr/m/n/8 mm 
 []


Overfull \hbox (10.61682pt too wide) in paragraph at lines 200--200
 \OT1/cmr/m/n/8 In- 
 []


Overfull \hbox (31.45045pt too wide) in paragraph at lines 200--200
 \OT1/cmr/m/n/8 nensech- 
 []


Overfull \hbox (19.40862pt too wide) in paragraph at lines 200--200
 \OT1/cmr/m/n/8 skant 
 []


Overfull \hbox (15.9169pt too wide) in paragraph at lines 200--200
 \OT1/cmr/m/n/8 DIN 
 []


Overfull \hbox (12.75018pt too wide) in paragraph at lines 200--200
 \OT1/cmr/m/n/8 912 
 []

! Misplaced \noalign.
\hline ->\noalign 
                  {\ifnum 0=`}\fi \hrule \@height \arrayrulewidth \futurelet...
l.200 ...3 10 \ mm Innensechskant DIN 912\\ \hline
                                                  
I expect to see \noalign only after the \cr of
an alignment. Proceed, and I'll ignore this case.

! Misplaced alignment tab character &.
l.201 			5 &
             7  & Zylinderschrauben M3 14 \ mm Innensechskant DIN 912 \\ \hline
I can't figure out why you would want to use a tab mark
here. If you just want an ampersand, the remedy is
simple: Just type `I\&' now. But if some right brace
up above has ended a previous alignment prematurely,
you're probably due for more error messages, and you
might try typing `S' now just to see what is salvageable.

! Misplaced alignment tab character &.
l.201 			5 & 7  &
                  Zylinderschrauben M3 14 \ mm Innensechskant DIN 912 \\ \hline
I can't figure out why you would want to use a tab mark
here. If you just want an ampersand, the remedy is
simple: Just type `I\&' now. But if some right brace
up above has ended a previous alignment prematurely,
you're probably due for more error messages, and you
might try typing `S' now just to see what is salvageable.


Overfull \hbox (4.25006pt too wide) in paragraph at lines 201--201
 []\OT1/cmr/m/n/8 5 
 []


Overfull \hbox (4.25006pt too wide) in paragraph at lines 201--201
 \OT1/cmr/m/n/8 7 
 []


Overfull \hbox (21.95865pt too wide) in paragraph at lines 201--201
 \OT1/cmr/m/n/8 Zylin- 
 []


Overfull \hbox (14.64604pt too wide) in paragraph at lines 201--201
 \OT1/cmr/m/n/8 der- 
 []


Overfull \hbox (37.36026pt too wide) in paragraph at lines 201--201
 \OT1/cmr/m/n/8 schrauben 
 []


Overfull \hbox (12.03351pt too wide) in paragraph at lines 201--201
 \OT1/cmr/m/n/8 M3 
 []


Overfull \hbox (8.50012pt too wide) in paragraph at lines 201--201
 \OT1/cmr/m/n/8 14 
 []


Overfull \hbox (14.16687pt too wide) in paragraph at lines 201--201
 \OT1/cmr/m/n/8 mm 
 []


Overfull \hbox (10.61682pt too wide) in paragraph at lines 201--201
 \OT1/cmr/m/n/8 In- 
 []


Overfull \hbox (31.45045pt too wide) in paragraph at lines 201--201
 \OT1/cmr/m/n/8 nensech- 
 []


Overfull \hbox (19.40862pt too wide) in paragraph at lines 201--201
 \OT1/cmr/m/n/8 skant 
 []


Overfull \hbox (15.9169pt too wide) in paragraph at lines 201--201
 \OT1/cmr/m/n/8 DIN 
 []


Overfull \hbox (12.75018pt too wide) in paragraph at lines 201--201
 \OT1/cmr/m/n/8 912 
 []

! Misplaced \noalign.
\hline ->\noalign 
                  {\ifnum 0=`}\fi \hrule \@height \arrayrulewidth \futurelet...
l.201 ... 14 \ mm Innensechskant DIN 912 \\ \hline
                                                  
I expect to see \noalign only after the \cr of
an alignment. Proceed, and I'll ignore this case.

! Misplaced alignment tab character &.
l.202 			6 &
             7 & Sechskantmuttern M3 DIN 934  \\ \hline
I can't figure out why you would want to use a tab mark
here. If you just want an ampersand, the remedy is
simple: Just type `I\&' now. But if some right brace
up above has ended a previous alignment prematurely,
you're probably due for more error messages, and you
might try typing `S' now just to see what is salvageable.

! Misplaced alignment tab character &.
l.202 			6 & 7 &
                 Sechskantmuttern M3 DIN 934  \\ \hline
I can't figure out why you would want to use a tab mark
here. If you just want an ampersand, the remedy is
simple: Just type `I\&' now. But if some right brace
up above has ended a previous alignment prematurely,
you're probably due for more error messages, and you
might try typing `S' now just to see what is salvageable.


Overfull \hbox (4.25006pt too wide) in paragraph at lines 202--202
 []\OT1/cmr/m/n/8 6 
 []


Overfull \hbox (4.25006pt too wide) in paragraph at lines 202--202
 \OT1/cmr/m/n/8 7 
 []


Overfull \hbox (19.5975pt too wide) in paragraph at lines 202--202
 \OT1/cmr/m/n/8 Sech- 
 []


Overfull \hbox (22.24199pt too wide) in paragraph at lines 202--202
 \OT1/cmr/m/n/8 skant- 
 []


Overfull \hbox (17.70859pt too wide) in paragraph at lines 202--202
 \OT1/cmr/m/n/8 mut- 
 []


Overfull \hbox (15.11827pt too wide) in paragraph at lines 202--202
 \OT1/cmr/m/n/8 tern 
 []


Overfull \hbox (12.03351pt too wide) in paragraph at lines 202--202
 \OT1/cmr/m/n/8 M3 
 []


Overfull \hbox (15.9169pt too wide) in paragraph at lines 202--202
 \OT1/cmr/m/n/8 DIN 
 []


Overfull \hbox (12.75018pt too wide) in paragraph at lines 202--202
 \OT1/cmr/m/n/8 934 
 []

! Misplaced \noalign.
\hline ->\noalign 
                  {\ifnum 0=`}\fi \hrule \@height \arrayrulewidth \futurelet...
l.202 ... & Sechskantmuttern M3 DIN 934  \\ \hline
                                                  
I expect to see \noalign only after the \cr of
an alignment. Proceed, and I'll ignore this case.

! Misplaced alignment tab character &.
l.203 			7 &
             2 &  Senkschrauben M2.5 5 \ mm Kreuzschlitz Phillips  \\ \hline
I can't figure out why you would want to use a tab mark
here. If you just want an ampersand, the remedy is
simple: Just type `I\&' now. But if some right brace
up above has ended a previous alignment prematurely,
you're probably due for more error messages, and you
might try typing `S' now just to see what is salvageable.

! Misplaced alignment tab character &.
l.203 			7 & 2 &
                  Senkschrauben M2.5 5 \ mm Kreuzschlitz Phillips  \\ \hline
I can't figure out why you would want to use a tab mark
here. If you just want an ampersand, the remedy is
simple: Just type `I\&' now. But if some right brace
up above has ended a previous alignment prematurely,
you're probably due for more error messages, and you
might try typing `S' now just to see what is salvageable.


Overfull \hbox (4.25006pt too wide) in paragraph at lines 203--203
 []\OT1/cmr/m/n/8 7 
 []


Overfull \hbox (4.25006pt too wide) in paragraph at lines 203--203
 \OT1/cmr/m/n/8 2 
 []


Overfull \hbox (55.06885pt too wide) in paragraph at lines 203--203
 \OT1/cmr/m/n/8 Senkschrauben 
 []


Overfull \hbox (18.64471pt too wide) in paragraph at lines 203--203
 \OT1/cmr/m/n/8 M2.5 
 []


Overfull \hbox (4.25006pt too wide) in paragraph at lines 203--203
 \OT1/cmr/m/n/8 5 
 []


Overfull \hbox (14.16687pt too wide) in paragraph at lines 203--203
 \OT1/cmr/m/n/8 mm 
 []


Overfull \hbox (45.61594pt too wide) in paragraph at lines 203--203
 \OT1/cmr/m/n/8 Kreuzschlitz 
 []


Overfull \hbox (28.02263pt too wide) in paragraph at lines 203--203
 \OT1/cmr/m/n/8 Phillips 
 []

! Misplaced \noalign.
\hline ->\noalign 
                  {\ifnum 0=`}\fi \hrule \@height \arrayrulewidth \futurelet...
l.203 ...5 5 \ mm Kreuzschlitz Phillips  \\ \hline
                                                  
I expect to see \noalign only after the \cr of
an alignment. Proceed, and I'll ignore this case.


! LaTeX Error: \begin{center} on input line 192 ended by \end{tabularx}.

See the LaTeX manual or LaTeX Companion for explanation.
Type  H <return>  for immediate help.
 ...                                              
                                                  
l.205 		\end{tabularx}
                      
Your command was ignored.
Type  I <command> <return>  to replace it with another command,
or  <return>  to continue without it.

! Undefined control sequence.
l.206 		\captionof
                  {table}{Benötigte Schrauben und Muttern}	\label{Verbrauch}
The control sequence at the end of the top line
of your error message was never \def'ed. If you have
misspelled it (e.g., `\hobx'), type `I' and the correct
spelling (e.g., `I\hbox'). Otherwise just continue,
and I'll forget about whatever was undefined.


Overfull \hbox (54.18411pt too wide) in paragraph at lines 206--207
 []\OT1/cmr/m/n/8 tableBen^^?otigte 
 []


Overfull \hbox (38.72972pt too wide) in paragraph at lines 206--207
 \OT1/cmr/m/n/8 Schrauben 
 []


Overfull \hbox (14.16687pt too wide) in paragraph at lines 206--207
 \OT1/cmr/m/n/8 und 
 []


Overfull \hbox (18.64471pt too wide) in paragraph at lines 206--207
 \OT1/cmr/m/n/8 Mut- 
 []


Overfull \hbox (15.11827pt too wide) in paragraph at lines 206--207
 \OT1/cmr/m/n/8 tern 
 []


! LaTeX Error: \begin{document} ended by \end{figure}.

See the LaTeX manual or LaTeX Companion for explanation.
Type  H <return>  for immediate help.
 ...                                              
                                                  
l.208 \end{figure}
                  
Your command was ignored.
Type  I <command> <return>  to replace it with another command,
or  <return>  to continue without it.

! Undefined control sequence.
l.210 \section
              {Schaltplan}
The control sequence at the end of the top line
of your error message was never \def'ed. If you have
misspelled it (e.g., `\hobx'), type `I' and the correct
spelling (e.g., `I\hbox'). Otherwise just continue,
and I'll forget about whatever was undefined.

Missing character: There is no S in font nullfont!
Missing character: There is no c in font nullfont!
Missing character: There is no h in font nullfont!
Missing character: There is no a in font nullfont!
Missing character: There is no l in font nullfont!
Missing character: There is no t in font nullfont!
Missing character: There is no p in font nullfont!
Missing character: There is no l in font nullfont!
Missing character: There is no a in font nullfont!
Missing character: There is no n in font nullfont!

Overfull \hbox (20.0pt too wide) in paragraph at lines 210--211
[] 
 []

Missing character: There is no D in font nullfont!
Missing character: There is no e in font nullfont!
Missing character: There is no r in font nullfont!
Missing character: There is no S in font nullfont!
Missing character: There is no c in font nullfont!
Missing character: There is no h in font nullfont!
Missing character: There is no a in font nullfont!
Missing character: There is no l in font nullfont!
Missing character: There is no t in font nullfont!
Missing character: There is no p in font nullfont!
Missing character: There is no l in font nullfont!
Missing character: There is no a in font nullfont!
Missing character: There is no n in font nullfont!
Missing character: There is no z in font nullfont!
Missing character: There is no e in font nullfont!
Missing character: There is no i in font nullfont!
Missing character: There is no g in font nullfont!
Missing character: There is no t in font nullfont!
Missing character: There is no d in font nullfont!
Missing character: There is no i in font nullfont!
Missing character: There is no e in font nullfont!
Missing character: There is no e in font nullfont!
Missing character: There is no l in font nullfont!
Missing character: There is no e in font nullfont!
Missing character: There is no k in font nullfont!
Missing character: There is no t in font nullfont!
Missing character: There is no r in font nullfont!
Missing character: There is no i in font nullfont!
Missing character: There is no s in font nullfont!
Missing character: There is no c in font nullfont!
Missing character: There is no h in font nullfont!
Missing character: There is no e in font nullfont!
Missing character: There is no V in font nullfont!
Missing character: There is no e in font nullfont!
Missing character: There is no r in font nullfont!
Missing character: There is no b in font nullfont!
Missing character: There is no i in font nullfont!
Missing character: There is no n in font nullfont!
Missing character: There is no d in font nullfont!
Missing character: There is no u in font nullfont!
Missing character: There is no n in font nullfont!
Missing character: There is no g in font nullfont!
Missing character: There is no d in font nullfont!
Missing character: There is no e in font nullfont!
Missing character: There is no r in font nullfont!
Missing character: There is no e in font nullfont!
Missing character: There is no i in font nullfont!
Missing character: There is no n in font nullfont!
Missing character: There is no z in font nullfont!
Missing character: There is no e in font nullfont!
Missing character: There is no l in font nullfont!
Missing character: There is no n in font nullfont!
Missing character: There is no e in font nullfont!
Missing character: There is no n in font nullfont!
Missing character: There is no K in font nullfont!
Missing character: There is no o in font nullfont!
Missing character: There is no m in font nullfont!
Missing character: There is no p in font nullfont!
Missing character: There is no o in font nullfont!
Missing character: There is no n in font nullfont!
Missing character: There is no e in font nullfont!
Missing character: There is no n in font nullfont!
Missing character: There is no t in font nullfont!
Missing character: There is no e in font nullfont!
Missing character: There is no n in font nullfont!
Missing character: There is no . in font nullfont!
Missing character: There is no E in font nullfont!
Missing character: There is no r in font nullfont!
Missing character: There is no i in font nullfont!
Missing character: There is no s in font nullfont!
Missing character: There is no t in font nullfont!
Missing character: There is no i in font nullfont!
Missing character: There is no n in font nullfont!
Missing character: There is no A in font nullfont!
Missing character: There is no b in font nullfont!
Missing character: There is no b in font nullfont!
Missing character: There is no i in font nullfont!
Missing character: There is no l in font nullfont!
Missing character: There is no d in font nullfont!
Missing character: There is no u in font nullfont!
Missing character: There is no n in font nullfont!
Missing character: There is no g in font nullfont!
! Undefined control sequence.
<write> ...ng: Reference `Splan' on page \thepage 
                                                  \space undefined\on@line .
l.212 ...ponenten. Er ist in Abbildung \ref{Splan}
                                                   dargestellt.
The control sequence at the end of the top line
of your error message was never \def'ed. If you have
misspelled it (e.g., `\hobx'), type `I' and the correct
spelling (e.g., `I\hbox'). Otherwise just continue,
and I'll forget about whatever was undefined.


LaTeX Warning: Reference `Splan' on page  undefined on input line 212.

Missing character: There is no d in font nullfont!
Missing character: There is no a in font nullfont!
Missing character: There is no r in font nullfont!
Missing character: There is no g in font nullfont!
Missing character: There is no e in font nullfont!
Missing character: There is no s in font nullfont!
Missing character: There is no t in font nullfont!
Missing character: There is no e in font nullfont!
Missing character: There is no l in font nullfont!
Missing character: There is no l in font nullfont!
Missing character: There is no t in font nullfont!
Missing character: There is no . in font nullfont!

Overfull \hbox (20.0pt too wide) in paragraph at lines 212--213
[]
 []


Overfull \hbox (10.86105pt too wide) in paragraph at lines 212--213
[]
 []


! LaTeX Error: Environment figure undefined.

See the LaTeX manual or LaTeX Companion for explanation.
Type  H <return>  for immediate help.
 ...                                              
                                                  
l.214 \begin{figure}
                    [H]
Your command was ignored.
Type  I <command> <return>  to replace it with another command,
or  <return>  to continue without it.

Missing character: There is no [ in font nullfont!
Missing character: There is no H in font nullfont!
Missing character: There is no ] in font nullfont!

Overfull \hbox (20.0pt too wide) in paragraph at lines 214--215
[] 
 []

! Undefined control sequence.
l.216 		\includegraphics
                        [width=\textwidth]{Images/Schaltplan1.png}
The control sequence at the end of the top line
of your error message was never \def'ed. If you have
misspelled it (e.g., `\hobx'), type `I' and the correct
spelling (e.g., `I\hbox'). Otherwise just continue,
and I'll forget about whatever was undefined.

Missing character: There is no [ in font nullfont!
Missing character: There is no w in font nullfont!
Missing character: There is no i in font nullfont!
Missing character: There is no d in font nullfont!
Missing character: There is no t in font nullfont!
Missing character: There is no h in font nullfont!
Missing character: There is no = in font nullfont!
! Missing number, treated as zero.
<to be read again> 
                   ]
l.216 		\includegraphics[width=\textwidth]
                                          {Images/Schaltplan1.png}
A number should have been here; I inserted `0'.
(If you can't figure out why I needed to see a number,
look up `weird error' in the index to The TeXbook.)

! Illegal unit of measure (pt inserted).
<to be read again> 
                   ]
l.216 		\includegraphics[width=\textwidth]
                                          {Images/Schaltplan1.png}
Dimensions can be in units of em, ex, in, pt, pc,
cm, mm, dd, cc, nd, nc, bp, or sp; but yours is a new one!
I'll assume that you meant to say pt, for printer's points.
To recover gracefully from this error, it's best to
delete the erroneous units; e.g., type `2' to delete
two letters. (See Chapter 27 of The TeXbook.)

Missing character: There is no ] in font nullfont!
Missing character: There is no I in font nullfont!
Missing character: There is no m in font nullfont!
Missing character: There is no a in font nullfont!
Missing character: There is no g in font nullfont!
Missing character: There is no e in font nullfont!
Missing character: There is no s in font nullfont!
Missing character: There is no / in font nullfont!
Missing character: There is no S in font nullfont!
Missing character: There is no c in font nullfont!
Missing character: There is no h in font nullfont!
Missing character: There is no a in font nullfont!
Missing character: There is no l in font nullfont!
Missing character: There is no t in font nullfont!
Missing character: There is no p in font nullfont!
Missing character: There is no l in font nullfont!
Missing character: There is no a in font nullfont!
Missing character: There is no n in font nullfont!
Missing character: There is no 1 in font nullfont!
Missing character: There is no . in font nullfont!
Missing character: There is no p in font nullfont!
Missing character: There is no n in font nullfont!
Missing character: There is no g in font nullfont!

! LaTeX Error: \caption outside float.

See the LaTeX manual or LaTeX Companion for explanation.
Type  H <return>  for immediate help.
 ...                                              
                                                  
l.217 		\caption
                {Schaltplan} \label{Splan}
You're in trouble here.  Try typing  <return>  to proceed.
If that doesn't work, type  X <return>  to quit.

Missing character: There is no S in font nullfont!
Missing character: There is no c in font nullfont!
Missing character: There is no h in font nullfont!
Missing character: There is no a in font nullfont!
Missing character: There is no l in font nullfont!
Missing character: There is no t in font nullfont!
Missing character: There is no p in font nullfont!
Missing character: There is no l in font nullfont!
Missing character: There is no a in font nullfont!
Missing character: There is no n in font nullfont!

! LaTeX Error: \begin{document} ended by \end{figure}.

See the LaTeX manual or LaTeX Companion for explanation.
Type  H <return>  for immediate help.
 ...                                              
                                                  
l.219 \end{figure}
                  
Your command was ignored.
Type  I <command> <return>  to replace it with another command,
or  <return>  to continue without it.

)
! Emergency stop.
<*> Einleitung.tex
                  
*** (job aborted, no legal \end found)

 
Here is how much of TeX's memory you used:
 80 strings out of 469625
 1220 string characters out of 5477767
 446121 words of memory out of 5000000
 26988 multiletter control sequences out of 15000+600000
 628087 words of font info for 44 fonts, out of 8000000 for 9000
 1141 hyphenation exceptions out of 8191
 25i,5n,32p,677b,196s stack positions out of 10000i,1000n,20000p,200000b,200000s
!  ==> Fatal error occurred, no output PDF file produced!
