This is pdfTeX, Version 3.141592653-2.6-1.40.27 (TeX Live 2025) (preloaded format=pdflatex 2025.4.15)  12 JUL 2025 22:30
entering extended mode
 restricted \write18 enabled.
 %&-line parsing enabled.
**Nano33BLESense.tex
(./Nano33BLESense.tex
LaTeX2e <2024-11-01> patch level 2
L3 programming layer <2025-03-26>
(c:/texlive/texmf-dist/tex/latex/koma-script/scrbook.cls
Document Class: scrbook 2024/10/24 v3.43 KOMA-Script document class (book)
(c:/texlive/texmf-dist/tex/latex/koma-script/scrkbase.sty
Package: scrkbase 2024/10/24 v3.43 KOMA-Script package (KOMA-Script-dependent b
asics and keyval usage)

(c:/texlive/texmf-dist/tex/latex/koma-script/scrbase.sty
Package: scrbase 2024/10/24 v3.43 KOMA-Script package (KOMA-Script-independent 
basics and keyval usage)

(c:/texlive/texmf-dist/tex/latex/koma-script/scrlfile.sty
Package: scrlfile 2024/10/24 v3.43 KOMA-Script package (file load hooks)

(c:/texlive/texmf-dist/tex/latex/koma-script/scrlfile-hook.sty
Package: scrlfile-hook 2024/10/24 v3.43 KOMA-Script package (using LaTeX hooks)


(c:/texlive/texmf-dist/tex/latex/koma-script/scrlogo.sty
Package: scrlogo 2024/10/24 v3.43 KOMA-Script package (logo)
)))
(c:/texlive/texmf-dist/tex/latex/graphics/keyval.sty
Package: keyval 2022/05/29 v1.15 key=value parser (DPC)
\KV@toks@=\toks17
)
Applying: [2021/05/01] Usage of raw or classic option list on input line 254.
Already applied: [0000/00/00] Usage of raw or classic option list on input line
 370.
))
(c:/texlive/texmf-dist/tex/latex/koma-script/tocbasic.sty
Package: tocbasic 2024/10/24 v3.43 KOMA-Script package (handling toc-files)
\scr@dte@tocline@numberwidth=\skip49
\scr@dte@tocline@numbox=\box53
)
Package tocbasic Info: omitting babel extension for `toc'
(tocbasic)             because of feature `nobabel' available
(tocbasic)             for `toc' on input line 137.
Package scrbook Info: You've used standard option `10pt'.
(scrbook)             This is correct!
(scrbook)             Internally I'm using `fontsize=10pt'.
(scrbook)             If you'd like to set the option with \KOMAoptions,
(scrbook)             you'd have to use `fontsize=10pt' there
(scrbook)             instead of `10pt', too.
Class scrbook Info: File `scrsize10pt.clo' used to setup font sizes on input li
ne 2716.

(c:/texlive/texmf-dist/tex/latex/koma-script/scrsize10pt.clo
File: scrsize10pt.clo 2024/10/24 v3.43 KOMA-Script font size class option (10pt
)
)
(c:/texlive/texmf-dist/tex/latex/koma-script/typearea.sty
Package: typearea 2024/10/24 v3.43 KOMA-Script package (type area)
\ta@bcor=\skip50
\ta@div=\count197
Package typearea Info: You've used standard option `a4paper'.
(typearea)             This is correct!
(typearea)             Internally I'm using `paper=a4'.
(typearea)             If you'd like to set the option with \KOMAoptions,
(typearea)             you'd have to use `paper=a4' there
(typearea)             instead of `a4paper', too.
\ta@hblk=\skip51
\ta@vblk=\skip52
\ta@temp=\skip53
\footheight=\skip54
Package typearea Info: These are the values describing the layout:
(typearea)             DIV  = 8
(typearea)             BCOR = 0.0pt
(typearea)             \paperwidth      = 597.50793pt
(typearea)              \textwidth      = 373.44246pt
(typearea)              DIV departure   = -4%
(typearea)              \evensidemargin = 77.107pt
(typearea)              \oddsidemargin  = 2.4185pt
(typearea)             \paperheight     = 845.04694pt
(typearea)              \textheight     = 538.0pt
(typearea)              \topmargin      = 0.36087pt
(typearea)              \headheight     = 15.0pt
(typearea)              \headsep        = 18.0pt
(typearea)              \topskip        = 10.0pt
(typearea)              \footskip       = 42.0pt
(typearea)              \baselineskip   = 12.0pt
(typearea)              on input line 1802.
)
\c@part=\count198
\c@chapter=\count199
\c@section=\count266
\c@subsection=\count267
\c@subsubsection=\count268
\c@paragraph=\count269
\c@subparagraph=\count270
\scr@dte@chapter@maxnumwidth=\skip55
Class scrbook Info: using compatibility default `afterindent=bysign'
(scrbook)           for `\chapter on input line 6016.
\scr@dte@section@maxnumwidth=\skip56
Class scrbook Info: using compatibility default `runin=bysign'
(scrbook)           for `\section on input line 6027.
Class scrbook Info: using compatibility default `afterindent=bysign'
(scrbook)           for `\section on input line 6027.
\scr@dte@part@maxnumwidth=\skip57
Class scrbook Info: using compatibility default `afterindent=true'
(scrbook)           for `\part on input line 6036.
\scr@dte@subsection@maxnumwidth=\skip58
Class scrbook Info: using compatibility default `runin=bysign'
(scrbook)           for `\subsection on input line 6046.
Class scrbook Info: using compatibility default `afterindent=bysign'
(scrbook)           for `\subsection on input line 6046.
\scr@dte@subsubsection@maxnumwidth=\skip59
Class scrbook Info: using compatibility default `runin=bysign'
(scrbook)           for `\subsubsection on input line 6056.
Class scrbook Info: using compatibility default `afterindent=bysign'
(scrbook)           for `\subsubsection on input line 6056.
\scr@dte@paragraph@maxnumwidth=\skip60
Class scrbook Info: using compatibility default `runin=bysign'
(scrbook)           for `\paragraph on input line 6067.
Class scrbook Info: using compatibility default `afterindent=bysign'
(scrbook)           for `\paragraph on input line 6067.
\scr@dte@subparagraph@maxnumwidth=\skip61
Class scrbook Info: using compatibility default `runin=bysign'
(scrbook)           for `\subparagraph on input line 6077.
Class scrbook Info: using compatibility default `afterindent=bysign'
(scrbook)           for `\subparagraph on input line 6077.
\abovecaptionskip=\skip62
\belowcaptionskip=\skip63
\c@pti@nb@sid@b@x=\box54
Package tocbasic Info: omitting babel extension for `lof'
(tocbasic)             because of feature `nobabel' available
(tocbasic)             for `lof' on input line 7271.
\scr@dte@figure@maxnumwidth=\skip64
\c@figure=\count271
Package tocbasic Info: omitting babel extension for `lot'
(tocbasic)             because of feature `nobabel' available
(tocbasic)             for `lot' on input line 7288.
\scr@dte@table@maxnumwidth=\skip65
\c@table=\count272
Class scrbook Info: Redefining `\numberline' on input line 7459.
\bibindent=\dimen146
)
(../../General/packages.tex
(c:/texlive/texmf-dist/tex/latex/geometry/geometry.sty
Package: geometry 2020/01/02 v5.9 Page Geometry

(c:/texlive/texmf-dist/tex/generic/iftex/ifvtex.sty
Package: ifvtex 2019/10/25 v1.7 ifvtex legacy package. Use iftex instead.

(c:/texlive/texmf-dist/tex/generic/iftex/iftex.sty
Package: iftex 2024/12/12 v1.0g TeX engine tests
))
\Gm@cnth=\count273
\Gm@cntv=\count274
\c@Gm@tempcnt=\count275
\Gm@bindingoffset=\dimen147
\Gm@wd@mp=\dimen148
\Gm@odd@mp=\dimen149
\Gm@even@mp=\dimen150
\Gm@layoutwidth=\dimen151
\Gm@layoutheight=\dimen152
\Gm@layouthoffset=\dimen153
\Gm@layoutvoffset=\dimen154
\Gm@dimlist=\toks18
)
(c:/texlive/texmf-dist/tex/latex/lm/lmodern.sty
Package: lmodern 2015/05/01 v1.6.1 Latin Modern Fonts
LaTeX Font Info:    Overwriting symbol font `operators' in version `normal'
(Font)                  OT1/cmr/m/n --> OT1/lmr/m/n on input line 22.
LaTeX Font Info:    Overwriting symbol font `letters' in version `normal'
(Font)                  OML/cmm/m/it --> OML/lmm/m/it on input line 23.
LaTeX Font Info:    Overwriting symbol font `symbols' in version `normal'
(Font)                  OMS/cmsy/m/n --> OMS/lmsy/m/n on input line 24.
LaTeX Font Info:    Overwriting symbol font `largesymbols' in version `normal'
(Font)                  OMX/cmex/m/n --> OMX/lmex/m/n on input line 25.
LaTeX Font Info:    Overwriting symbol font `operators' in version `bold'
(Font)                  OT1/cmr/bx/n --> OT1/lmr/bx/n on input line 26.
LaTeX Font Info:    Overwriting symbol font `letters' in version `bold'
(Font)                  OML/cmm/b/it --> OML/lmm/b/it on input line 27.
LaTeX Font Info:    Overwriting symbol font `symbols' in version `bold'
(Font)                  OMS/cmsy/b/n --> OMS/lmsy/b/n on input line 28.
LaTeX Font Info:    Overwriting symbol font `largesymbols' in version `bold'
(Font)                  OMX/cmex/m/n --> OMX/lmex/m/n on input line 29.
LaTeX Font Info:    Overwriting math alphabet `\mathbf' in version `normal'
(Font)                  OT1/cmr/bx/n --> OT1/lmr/bx/n on input line 31.
LaTeX Font Info:    Overwriting math alphabet `\mathsf' in version `normal'
(Font)                  OT1/cmss/m/n --> OT1/lmss/m/n on input line 32.
LaTeX Font Info:    Overwriting math alphabet `\mathit' in version `normal'
(Font)                  OT1/cmr/m/it --> OT1/lmr/m/it on input line 33.
LaTeX Font Info:    Overwriting math alphabet `\mathtt' in version `normal'
(Font)                  OT1/cmtt/m/n --> OT1/lmtt/m/n on input line 34.
LaTeX Font Info:    Overwriting math alphabet `\mathbf' in version `bold'
(Font)                  OT1/cmr/bx/n --> OT1/lmr/bx/n on input line 35.
LaTeX Font Info:    Overwriting math alphabet `\mathsf' in version `bold'
(Font)                  OT1/cmss/bx/n --> OT1/lmss/bx/n on input line 36.
LaTeX Font Info:    Overwriting math alphabet `\mathit' in version `bold'
(Font)                  OT1/cmr/bx/it --> OT1/lmr/bx/it on input line 37.
LaTeX Font Info:    Overwriting math alphabet `\mathtt' in version `bold'
(Font)                  OT1/cmtt/m/n --> OT1/lmtt/m/n on input line 38.
)
(c:/texlive/texmf-dist/tex/latex/base/inputenc.sty
Package: inputenc 2024/02/08 v1.3d Input encoding file
\inpenc@prehook=\toks19
\inpenc@posthook=\toks20
)
(c:/texlive/texmf-dist/tex/generic/babel/babel.sty
Package: babel 2025/03/27 v25.6 The multilingual framework for pdfLaTeX, LuaLaT
eX and XeLaTeX
\babel@savecnt=\count276
\U@D=\dimen155
\l@unhyphenated=\language90

(c:/texlive/texmf-dist/tex/generic/babel/txtbabel.def)
\bbl@readstream=\read2
\bbl@dirlevel=\count277

(c:/texlive/texmf-dist/tex/generic/babel-english/english.ldf
Language: english 2017/06/06 v3.3r English support from the babel system
Package babel Info: Hyphen rules for 'canadian' set to \l@english
(babel)             (\language0). Reported on input line 102.
Package babel Info: Hyphen rules for 'australian' set to \l@ukenglish
(babel)             (\language22). Reported on input line 105.
Package babel Info: Hyphen rules for 'newzealand' set to \l@ukenglish
(babel)             (\language22). Reported on input line 108.
))
(c:/texlive/texmf-dist/tex/generic/babel/locale/en/babel-english.tex
Package babel Info: Importing font and identification data for english
(babel)             from babel-en.ini. Reported on input line 11.
)
(c:/texlive/texmf-dist/tex/latex/base/fontenc.sty
Package: fontenc 2021/04/29 v2.0v Standard LaTeX package
LaTeX Font Info:    Trying to load font information for T1+lmr on input line 11
6.

(c:/texlive/texmf-dist/tex/latex/lm/t1lmr.fd
File: t1lmr.fd 2015/05/01 v1.6.1 Font defs for Latin Modern
))
(c:/texlive/texmf-dist/tex/latex/xcolor/xcolor.sty
Package: xcolor 2024/09/29 v3.02 LaTeX color extensions (UK)

(c:/texlive/texmf-dist/tex/latex/graphics-cfg/color.cfg
File: color.cfg 2016/01/02 v1.6 sample color configuration
)
Package xcolor Info: Driver file: pdftex.def on input line 274.

(c:/texlive/texmf-dist/tex/latex/graphics-def/pdftex.def
File: pdftex.def 2024/04/13 v1.2c Graphics/color driver for pdftex
)
(c:/texlive/texmf-dist/tex/latex/graphics/mathcolor.ltx)
Package xcolor Info: Model `cmy' substituted by `cmy0' on input line 1349.
Package xcolor Info: Model `hsb' substituted by `rgb' on input line 1353.
Package xcolor Info: Model `RGB' extended on input line 1365.
Package xcolor Info: Model `HTML' substituted by `rgb' on input line 1367.
Package xcolor Info: Model `Hsb' substituted by `hsb' on input line 1368.
Package xcolor Info: Model `tHsb' substituted by `hsb' on input line 1369.
Package xcolor Info: Model `HSB' substituted by `hsb' on input line 1370.
Package xcolor Info: Model `Gray' substituted by `gray' on input line 1371.
Package xcolor Info: Model `wave' substituted by `hsb' on input line 1372.
)
(c:/texlive/texmf-dist/tex/latex/base/alltt.sty
Package: alltt 2024/07/07 v2.0g defines alltt environment
)
(c:/texlive/texmf-dist/tex/generic/soul/soul.sty
Package: soul 2023-06-14 v3.1 Permit use of UTF-8 characters in soul (HO)

(c:/texlive/texmf-dist/tex/generic/soul/soul-ori.sty
Package: soul-ori 2023-06-14 v3.1 letterspacing/underlining (mf)
\SOUL@word=\toks21
\SOUL@lasttoken=\toks22
\SOUL@syllable=\toks23
\SOUL@cmds=\toks24
\SOUL@buffer=\toks25
\SOUL@token=\toks26
\SOUL@syllgoal=\dimen156
\SOUL@syllwidth=\dimen157
\SOUL@charkern=\dimen158
\SOUL@hyphkern=\dimen159
\SOUL@dimen=\dimen160
\SOUL@dimeni=\dimen161
\SOUL@minus=\count278
\SOUL@comma=\count279
\SOUL@apo=\count280
\SOUL@grave=\count281
\SOUL@spaceskip=\skip66
\SOUL@ttwidth=\dimen162
\SOUL@uldp=\dimen163
\SOUL@ulht=\dimen164
)
(c:/texlive/texmf-dist/tex/generic/infwarerr/infwarerr.sty
Package: infwarerr 2019/12/03 v1.5 Providing info/warning/error messages (HO)
)
(c:/texlive/texmf-dist/tex/generic/etexcmds/etexcmds.sty
Package: etexcmds 2019/12/15 v1.7 Avoid name clashes with e-TeX commands (HO)
))
(c:/texlive/texmf-dist/tex/latex/amsmath/amsmath.sty
Package: amsmath 2024/11/05 v2.17t AMS math features
\@mathmargin=\skip67

For additional information on amsmath, use the `?' option.
(c:/texlive/texmf-dist/tex/latex/amsmath/amstext.sty
Package: amstext 2021/08/26 v2.01 AMS text

(c:/texlive/texmf-dist/tex/latex/amsmath/amsgen.sty
File: amsgen.sty 1999/11/30 v2.0 generic functions
\@emptytoks=\toks27
\ex@=\dimen165
))
(c:/texlive/texmf-dist/tex/latex/amsmath/amsbsy.sty
Package: amsbsy 1999/11/29 v1.2d Bold Symbols
\pmbraise@=\dimen166
)
(c:/texlive/texmf-dist/tex/latex/amsmath/amsopn.sty
Package: amsopn 2022/04/08 v2.04 operator names
)
\inf@bad=\count282
LaTeX Info: Redefining \frac on input line 233.
\uproot@=\count283
\leftroot@=\count284
LaTeX Info: Redefining \overline on input line 398.
LaTeX Info: Redefining \colon on input line 409.
\classnum@=\count285
\DOTSCASE@=\count286
LaTeX Info: Redefining \ldots on input line 495.
LaTeX Info: Redefining \dots on input line 498.
LaTeX Info: Redefining \cdots on input line 619.
\Mathstrutbox@=\box55
\strutbox@=\box56
LaTeX Info: Redefining \big on input line 721.
LaTeX Info: Redefining \Big on input line 722.
LaTeX Info: Redefining \bigg on input line 723.
LaTeX Info: Redefining \Bigg on input line 724.
\big@size=\dimen167
LaTeX Font Info:    Redeclaring font encoding OML on input line 742.
LaTeX Font Info:    Redeclaring font encoding OMS on input line 743.
\macc@depth=\count287
LaTeX Info: Redefining \bmod on input line 904.
LaTeX Info: Redefining \pmod on input line 909.
LaTeX Info: Redefining \smash on input line 939.
LaTeX Info: Redefining \relbar on input line 969.
LaTeX Info: Redefining \Relbar on input line 970.
\c@MaxMatrixCols=\count288
\dotsspace@=\muskip17
\c@parentequation=\count289
\dspbrk@lvl=\count290
\tag@help=\toks28
\row@=\count291
\column@=\count292
\maxfields@=\count293
\andhelp@=\toks29
\eqnshift@=\dimen168
\alignsep@=\dimen169
\tagshift@=\dimen170
\tagwidth@=\dimen171
\totwidth@=\dimen172
\lineht@=\dimen173
\@envbody=\toks30
\multlinegap=\skip68
\multlinetaggap=\skip69
\mathdisplay@stack=\toks31
LaTeX Info: Redefining \[ on input line 2953.
LaTeX Info: Redefining \] on input line 2954.
)
(c:/texlive/texmf-dist/tex/latex/amsfonts/amsfonts.sty
Package: amsfonts 2013/01/14 v3.01 Basic AMSFonts support
\symAMSa=\mathgroup4
\symAMSb=\mathgroup5
LaTeX Font Info:    Redeclaring math symbol \hbar on input line 98.
LaTeX Font Info:    Overwriting math alphabet `\mathfrak' in version `bold'
(Font)                  U/euf/m/n --> U/euf/b/n on input line 106.
)
(c:/texlive/texmf-dist/tex/latex/amsfonts/amssymb.sty
Package: amssymb 2013/01/14 v3.01 AMS font symbols
)
(c:/texlive/texmf-dist/tex/latex/mathtools/mathtools.sty
Package: mathtools 2024/10/04 v1.31 mathematical typesetting tools

(c:/texlive/texmf-dist/tex/latex/tools/calc.sty
Package: calc 2023/07/08 v4.3 Infix arithmetic (KKT,FJ)
\calc@Acount=\count294
\calc@Bcount=\count295
\calc@Adimen=\dimen174
\calc@Bdimen=\dimen175
\calc@Askip=\skip70
\calc@Bskip=\skip71
LaTeX Info: Redefining \setlength on input line 80.
LaTeX Info: Redefining \addtolength on input line 81.
\calc@Ccount=\count296
\calc@Cskip=\skip72
)
(c:/texlive/texmf-dist/tex/latex/mathtools/mhsetup.sty
Package: mhsetup 2021/03/18 v1.4 programming setup (MH)
)
\g_MT_multlinerow_int=\count297
\l_MT_multwidth_dim=\dimen176
\origjot=\skip73
\l_MT_shortvdotswithinadjustabove_dim=\dimen177
\l_MT_shortvdotswithinadjustbelow_dim=\dimen178
\l_MT_above_intertext_sep=\dimen179
\l_MT_below_intertext_sep=\dimen180
\l_MT_above_shortintertext_sep=\dimen181
\l_MT_below_shortintertext_sep=\dimen182
\xmathstrut@box=\box57
\xmathstrut@dim=\dimen183
)
(c:/texlive/texmf-dist/tex/latex/hyperref/hyperref.sty
Package: hyperref 2024-11-05 v7.01l Hypertext links for LaTeX

(c:/texlive/texmf-dist/tex/latex/kvsetkeys/kvsetkeys.sty
Package: kvsetkeys 2022-10-05 v1.19 Key value parser (HO)
)
(c:/texlive/texmf-dist/tex/generic/kvdefinekeys/kvdefinekeys.sty
Package: kvdefinekeys 2019-12-19 v1.6 Define keys (HO)
)
(c:/texlive/texmf-dist/tex/generic/pdfescape/pdfescape.sty
Package: pdfescape 2019/12/09 v1.15 Implements pdfTeX's escape features (HO)

(c:/texlive/texmf-dist/tex/generic/ltxcmds/ltxcmds.sty
Package: ltxcmds 2023-12-04 v1.26 LaTeX kernel commands for general use (HO)
)
(c:/texlive/texmf-dist/tex/generic/pdftexcmds/pdftexcmds.sty
Package: pdftexcmds 2020-06-27 v0.33 Utility functions of pdfTeX for LuaTeX (HO
)
Package pdftexcmds Info: \pdf@primitive is available.
Package pdftexcmds Info: \pdf@ifprimitive is available.
Package pdftexcmds Info: \pdfdraftmode found.
))
(c:/texlive/texmf-dist/tex/latex/hycolor/hycolor.sty
Package: hycolor 2020-01-27 v1.10 Color options for hyperref/bookmark (HO)
)
(c:/texlive/texmf-dist/tex/latex/hyperref/nameref.sty
Package: nameref 2023-11-26 v2.56 Cross-referencing by name of section

(c:/texlive/texmf-dist/tex/latex/refcount/refcount.sty
Package: refcount 2019/12/15 v3.6 Data extraction from label references (HO)
)
(c:/texlive/texmf-dist/tex/generic/gettitlestring/gettitlestring.sty
Package: gettitlestring 2019/12/15 v1.6 Cleanup title references (HO)

(c:/texlive/texmf-dist/tex/latex/kvoptions/kvoptions.sty
Package: kvoptions 2022-06-15 v3.15 Key value format for package options (HO)
))
\c@section@level=\count298
)
(c:/texlive/texmf-dist/tex/latex/etoolbox/etoolbox.sty
Package: etoolbox 2025/02/11 v2.5l e-TeX tools for LaTeX (JAW)
\etb@tempcnta=\count299
)
(c:/texlive/texmf-dist/tex/generic/stringenc/stringenc.sty
Package: stringenc 2019/11/29 v1.12 Convert strings between diff. encodings (HO
)
)
\@linkdim=\dimen184
\Hy@linkcounter=\count300
\Hy@pagecounter=\count301

(c:/texlive/texmf-dist/tex/latex/hyperref/pd1enc.def
File: pd1enc.def 2024-11-05 v7.01l Hyperref: PDFDocEncoding definition (HO)
Now handling font encoding PD1 ...
... no UTF-8 mapping file for font encoding PD1
)
(c:/texlive/texmf-dist/tex/generic/intcalc/intcalc.sty
Package: intcalc 2019/12/15 v1.3 Expandable calculations with integers (HO)
)
\Hy@SavedSpaceFactor=\count302

(c:/texlive/texmf-dist/tex/latex/hyperref/puenc.def
File: puenc.def 2024-11-05 v7.01l Hyperref: PDF Unicode definition (HO)
Now handling font encoding PU ...
... no UTF-8 mapping file for font encoding PU
)
Package hyperref Info: Hyper figures OFF on input line 4157.
Package hyperref Info: Link nesting OFF on input line 4162.
Package hyperref Info: Hyper index ON on input line 4165.
Package hyperref Info: Plain pages OFF on input line 4172.
Package hyperref Info: Backreferencing OFF on input line 4177.
Package hyperref Info: Implicit mode ON; LaTeX internals redefined.
Package hyperref Info: Bookmarks ON on input line 4424.
\c@Hy@tempcnt=\count303

(c:/texlive/texmf-dist/tex/latex/url/url.sty
\Urlmuskip=\muskip18
Package: url 2013/09/16  ver 3.4  Verb mode for urls, etc.
)
LaTeX Info: Redefining \url on input line 4763.
\XeTeXLinkMargin=\dimen185

(c:/texlive/texmf-dist/tex/generic/bitset/bitset.sty
Package: bitset 2019/12/09 v1.3 Handle bit-vector datatype (HO)

(c:/texlive/texmf-dist/tex/generic/bigintcalc/bigintcalc.sty
Package: bigintcalc 2019/12/15 v1.5 Expandable calculations on big integers (HO
)
))
\Fld@menulength=\count304
\Field@Width=\dimen186
\Fld@charsize=\dimen187
Package hyperref Info: Hyper figures OFF on input line 6042.
Package hyperref Info: Link nesting OFF on input line 6047.
Package hyperref Info: Hyper index ON on input line 6050.
Package hyperref Info: backreferencing OFF on input line 6057.
Package hyperref Info: Link coloring OFF on input line 6062.
Package hyperref Info: Link coloring with OCG OFF on input line 6067.
Package hyperref Info: PDF/A mode OFF on input line 6072.

(c:/texlive/texmf-dist/tex/latex/base/atbegshi-ltx.sty
Package: atbegshi-ltx 2021/01/10 v1.0c Emulation of the original atbegshi
package with kernel methods
)
\Hy@abspage=\count305
\c@Item=\count306
\c@Hfootnote=\count307
)
Package hyperref Info: Driver (autodetected): hpdftex.

(c:/texlive/texmf-dist/tex/latex/hyperref/hpdftex.def
File: hpdftex.def 2024-11-05 v7.01l Hyperref driver for pdfTeX

(c:/texlive/texmf-dist/tex/latex/base/atveryend-ltx.sty
Package: atveryend-ltx 2020/08/19 v1.0a Emulation of the original atveryend pac
kage
with kernel methods
)
\Fld@listcount=\count308
\c@bookmark@seq@number=\count309

(c:/texlive/texmf-dist/tex/latex/rerunfilecheck/rerunfilecheck.sty
Package: rerunfilecheck 2022-07-10 v1.10 Rerun checks for auxiliary files (HO)

(c:/texlive/texmf-dist/tex/generic/uniquecounter/uniquecounter.sty
Package: uniquecounter 2019/12/15 v1.4 Provide unlimited unique counter (HO)
)
Package uniquecounter Info: New unique counter `rerunfilecheck' on input line 2
85.
)
\Hy@SectionHShift=\skip74
)
(c:/texlive/texmf-dist/tex/latex/imakeidx/imakeidx.sty
Package: imakeidx 2016/10/15 v1.3e Package for typesetting indices in a synchro
nous mode

(c:/texlive/texmf-dist/tex/latex/xkeyval/xkeyval.sty
Package: xkeyval 2022/06/16 v2.9 package option processing (HA)

(c:/texlive/texmf-dist/tex/generic/xkeyval/xkeyval.tex
(c:/texlive/texmf-dist/tex/generic/xkeyval/xkvutils.tex
\XKV@toks=\toks32
\XKV@tempa@toks=\toks33
)
\XKV@depth=\count310
File: xkeyval.tex 2014/12/03 v2.7a key=value parser (HA)
))
(c:/texlive/texmf-dist/tex/generic/iftex/ifxetex.sty
Package: ifxetex 2019/10/25 v0.7 ifxetex legacy package. Use iftex instead.
)
(c:/texlive/texmf-dist/tex/generic/iftex/ifluatex.sty
Package: ifluatex 2019/10/25 v1.5 ifluatex legacy package. Use iftex instead.
)
(c:/texlive/texmf-dist/tex/latex/tools/multicol.sty
Package: multicol 2024/09/14 v1.9i multicolumn formatting (FMi)
\c@tracingmulticols=\count311
\mult@box=\box58
\multicol@leftmargin=\dimen188
\c@unbalance=\count312
\c@collectmore=\count313
\doublecol@number=\count314
\multicoltolerance=\count315
\multicolpretolerance=\count316
\full@width=\dimen189
\page@free=\dimen190
\premulticols=\dimen191
\postmulticols=\dimen192
\multicolsep=\skip75
\multicolbaselineskip=\skip76
\partial@page=\box59
\last@line=\box60
\mc@boxedresult=\box61
\maxbalancingoverflow=\dimen193
\mult@rightbox=\box62
\mult@grightbox=\box63
\mult@firstbox=\box64
\mult@gfirstbox=\box65
\@tempa=\box66
\@tempa=\box67
\@tempa=\box68
\@tempa=\box69
\@tempa=\box70
\@tempa=\box71
\@tempa=\box72
\@tempa=\box73
\@tempa=\box74
\@tempa=\box75
\@tempa=\box76
\@tempa=\box77
\@tempa=\box78
\@tempa=\box79
\@tempa=\box80
\@tempa=\box81
\@tempa=\box82
\@tempa=\box83
\@tempa=\box84
\@tempa=\box85
\@tempa=\box86
\@tempa=\box87
\@tempa=\box88
\@tempa=\box89
\@tempa=\box90
\@tempa=\box91
\@tempa=\box92
\@tempa=\box93
\@tempa=\box94
\@tempa=\box95
\@tempa=\box96
\@tempa=\box97
\@tempa=\box98
\@tempa=\box99
\@tempa=\box100
\@tempa=\box101
\c@minrows=\count317
\c@columnbadness=\count318
\c@finalcolumnbadness=\count319
\last@try=\dimen194
\multicolovershoot=\dimen195
\multicolundershoot=\dimen196
\mult@nat@firstbox=\box102
\colbreak@box=\box103
\mc@col@check@num=\count320
))
\Nano33BLESense@idxfile=\write3
\openout3 = `Nano33BLESense.idx'.


Writing index file Nano33BLESense.idx
(c:/texlive/texmf-dist/tex/latex/graphics/graphicx.sty
Package: graphicx 2021/09/16 v1.2d Enhanced LaTeX Graphics (DPC,SPQR)

(c:/texlive/texmf-dist/tex/latex/graphics/graphics.sty
Package: graphics 2024/08/06 v1.4g Standard LaTeX Graphics (DPC,SPQR)

(c:/texlive/texmf-dist/tex/latex/graphics/trig.sty
Package: trig 2023/12/02 v1.11 sin cos tan (DPC)
)
(c:/texlive/texmf-dist/tex/latex/graphics-cfg/graphics.cfg
File: graphics.cfg 2016/06/04 v1.11 sample graphics configuration
)
Package graphics Info: Driver file: pdftex.def on input line 106.
)
\Gin@req@height=\dimen197
\Gin@req@width=\dimen198
)
(c:/texlive/texmf-dist/tex/latex/listings/listings.sty
\lst@mode=\count321
\lst@gtempboxa=\box104
\lst@token=\toks34
\lst@length=\count322
\lst@currlwidth=\dimen199
\lst@column=\count323
\lst@pos=\count324
\lst@lostspace=\dimen256
\lst@width=\dimen257
\lst@newlines=\count325
\lst@lineno=\count326
\lst@maxwidth=\dimen258

(c:/texlive/texmf-dist/tex/latex/listings/lstpatch.sty
File: lstpatch.sty 2024/09/23 1.10c (Carsten Heinz)
)
(c:/texlive/texmf-dist/tex/latex/listings/lstmisc.sty
File: lstmisc.sty 2024/09/23 1.10c (Carsten Heinz)
\c@lstnumber=\count327
\lst@skipnumbers=\count328
\lst@framebox=\box105
)
(c:/texlive/texmf-dist/tex/latex/listings/listings.cfg
File: listings.cfg 2024/09/23 1.10c listings configuration
))
Package: listings 2024/09/23 1.10c (Carsten Heinz)

(c:/texlive/texmf-dist/tex/latex/cleveref/cleveref.sty
Package: cleveref 2018/03/27 v0.21.4 Intelligent cross-referencing
Package cleveref Info: `hyperref' support loaded on input line 2370.
LaTeX Info: Redefining \cref on input line 2370.
LaTeX Info: Redefining \Cref on input line 2370.
LaTeX Info: Redefining \crefrange on input line 2370.
LaTeX Info: Redefining \Crefrange on input line 2370.
LaTeX Info: Redefining \cpageref on input line 2370.
LaTeX Info: Redefining \Cpageref on input line 2370.
LaTeX Info: Redefining \cpagerefrange on input line 2370.
LaTeX Info: Redefining \Cpagerefrange on input line 2370.
LaTeX Info: Redefining \labelcref on input line 2370.
LaTeX Info: Redefining \labelcpageref on input line 2370.
Package cleveref Info: `listings' support loaded on input line 3131.
)
(c:/texlive/texmf-dist/tex/latex/hyphenat/hyphenat.sty
Package: hyphenat 2009/09/02 v2.3c hyphenation utilities


Package hyphenat Warning: *******************************
(hyphenat)                * You have used the htt option.
(hyphenat)                * You are likely to get many Font Warning messages.
(hyphenat)                * These can usually be ignored.
(hyphenat)                *******************************.

\langwohyphens=\language91
LaTeX Info: Redefining \_ on input line 43.
) (c:/texlive/texmf-dist/tex/latex/acro/acro.sty
(c:/texlive/texmf-dist/tex/latex/l3packages/l3keys2e/l3keys2e.sty
(c:/texlive/texmf-dist/tex/latex/l3kernel/expl3.sty
Package: expl3 2025-03-26 L3 programming layer (loader) 

(c:/texlive/texmf-dist/tex/latex/l3backend/l3backend-pdftex.def
File: l3backend-pdftex.def 2025-03-14 L3 backend support: PDF output (pdfTeX)
\l__color_backend_stack_int=\count329
))
Package: l3keys2e 2024-08-16 LaTeX2e option processing using LaTeX3 keys
)
Package: acro 2022/04/01 v3.8 typeset acronyms and other abbreviations (CN)


Package acro Warning: Unknown option `tooltip'
(acro)                I don't know the option `tooltip'. Please make sure
(acro)                there is no typo. Check the manual for help.

\l__acro_tmpa_int=\count330
\l__acro_tmpb_int=\count331
\l__acro_tmpc_int=\count332
\l__acro_tmpd_int=\count333
Loading module `base' ...
Loading module `interface' ...
Loading module `aux' ...
Loading module `properties' ...
Loading module `acronyms' ...
Loading module `formatting' ...
Loading module `ppfixes' ...
Loading module `tools' ...
\l__acro_minimal_usage_int=\count334
\l__acro_nest_int=\count335
\g_acro_barrier_int=\count336
\g_acro_barrier_total_int=\count337
Loading module `commands' ...
\l_acro_nest_level_int=\count338
Loading module `templates' ...
Loading module `list' ...
Loading module `pages' ...
\l__acro_pages_seq_threshold_int=\count339
Loading module `locale' ...
(c:/texlive/texmf-dist/tex/latex/translations/translations.sty
Package: translations 2022/02/05 v1.12 internationalization of LaTeX2e packages
 (CN)
)
Loading module `pdfsupport' ...
Loading module `patch' ...
Loading module `definitions' ...
Loading module `upgrade' ...
)
(c:/texlive/texmf-dist/tex/latex/float/float.sty
Package: float 2001/11/08 v1.3d Float enhancements (AL)
\c@float@type=\count340
\float@exts=\toks35
\float@box=\box106
\@float@everytoks=\toks36
\@floatcapt=\box107
)
(c:/texlive/texmf-dist/tex/latex/caption/subcaption.sty
Package: subcaption 2023/07/28 v1.6b Sub-captions (AR)

(c:/texlive/texmf-dist/tex/latex/caption/caption.sty
Package: caption 2023/08/05 v3.6o Customizing captions (AR)

(c:/texlive/texmf-dist/tex/latex/caption/caption3.sty
Package: caption3 2023/07/31 v2.4d caption3 kernel (AR)
\caption@tempdima=\dimen259
\captionmargin=\dimen260
\caption@leftmargin=\dimen261
\caption@rightmargin=\dimen262
\caption@width=\dimen263
\caption@indent=\dimen264
\caption@parindent=\dimen265
\caption@hangindent=\dimen266
Package caption Info: KOMA-Script document class detected.

(c:/texlive/texmf-dist/tex/latex/caption/caption-koma.sto
File: caption-koma.sto 2023/09/08 v2.0e Adaption of the caption package to the 
KOMA-Script document classes (AR)
))
\c@caption@flags=\count341
\c@continuedfloat=\count342
Package caption Info: float package is loaded.
Package caption Info: hyperref package is loaded.
Package caption Info: listings package is loaded.
Package caption Info: KOMA-Script scrextend package detected.
\caption@addmargin@hsize=\dimen267
\caption@addmargin@linewidth=\dimen268
)
Package caption Info: New subtype `subfigure' on input line 238.
\c@subfigure=\count343
Package caption Info: New subtype `subtable' on input line 238.
\c@subtable=\count344
)
(c:/texlive/texmf-dist/tex/latex/tools/array.sty
Package: array 2024/10/17 v2.6g Tabular extension package (FMi)
\col@sep=\dimen269
\ar@mcellbox=\box108
\extrarowheight=\dimen270
\NC@list=\toks37
\extratabsurround=\skip77
\backup@length=\skip78
\ar@cellbox=\box109
)
(c:/texlive/texmf-dist/tex/latex/overpic/overpic.sty
Package: overpic 2024/01/06 2.1 picture overlays (RN)

(c:/texlive/texmf-dist/tex/latex/eepic/epic.sty
Enhancements to Picture Environment. Version 1.2 - Released June 1, 1986
\@@multicnt=\count345
\d@lta=\count346
\@delta=\dimen271
\@@delta=\dimen272
\@gridcnt=\count347
\@joinkind=\count348
\@dotgap=\dimen273
\@ddotgap=\dimen274
\@x@diff=\count349
\@y@diff=\count350
\x@diff=\dimen275
\y@diff=\dimen276
\@dotbox=\box110
\num@segments=\count351
\num@segmentsi=\count352
\@datafile=\read3
)
\OVP@box=\box111
) (c:/texlive/texmf-dist/tex/latex/colortbl/colortbl.sty
Package: colortbl 2024/07/06 v1.0i Color table columns (DPC)
\everycr=\toks38
\minrowclearance=\skip79
\rownum=\count353
)
(c:/texlive/texmf-dist/tex/latex/marginnote/marginnote.sty
Package: marginnote 2018/08/09 1.4b non floating margin notes for LaTeX
\c@mn@abspage=\count354
)
(c:/texlive/texmf-dist/tex/latex/base/textcomp.sty
Package: textcomp 2024/04/24 v2.1b Standard LaTeX package
)
(c:/texlive/texmf-dist/tex/latex/biblatex/biblatex.sty
Package: biblatex 2024/03/21 v3.20 programmable bibliographies (PK/MW)

(c:/texlive/texmf-dist/tex/latex/logreq/logreq.sty
Package: logreq 2010/08/04 v1.0 xml request logger
\lrq@indent=\count355

(c:/texlive/texmf-dist/tex/latex/logreq/logreq.def
File: logreq.def 2010/08/04 v1.0 logreq spec v1.0
))
(c:/texlive/texmf-dist/tex/latex/base/ifthen.sty
Package: ifthen 2024/03/16 v1.1e Standard LaTeX ifthen package (DPC)
)
\c@tabx@nest=\count356
\c@listtotal=\count357
\c@listcount=\count358
\c@liststart=\count359
\c@liststop=\count360
\c@citecount=\count361
\c@citetotal=\count362
\c@multicitecount=\count363
\c@multicitetotal=\count364
\c@instcount=\count365
\c@maxnames=\count366
\c@minnames=\count367
\c@maxitems=\count368
\c@minitems=\count369
\c@citecounter=\count370
\c@maxcitecounter=\count371
\c@savedcitecounter=\count372
\c@uniquelist=\count373
\c@uniquename=\count374
\c@refsection=\count375
\c@refsegment=\count376
\c@maxextratitle=\count377
\c@maxextratitleyear=\count378
\c@maxextraname=\count379
\c@maxextradate=\count380
\c@maxextraalpha=\count381
\c@abbrvpenalty=\count382
\c@highnamepenalty=\count383
\c@lownamepenalty=\count384
\c@maxparens=\count385
\c@parenlevel=\count386
\blx@tempcnta=\count387
\blx@tempcntb=\count388
\blx@tempcntc=\count389
\c@blx@maxsection=\count390
\blx@maxsegment@0=\count391
\blx@notetype=\count392
\blx@parenlevel@text=\count393
\blx@parenlevel@foot=\count394
\blx@sectionciteorder@0=\count395
\blx@sectionciteorderinternal@0=\count396
\blx@entrysetcounter=\count397
\blx@biblioinstance=\count398
\labelnumberwidth=\skip80
\labelalphawidth=\skip81
\biblabelsep=\skip82
\bibitemsep=\skip83
\bibnamesep=\skip84
\bibinitsep=\skip85
\bibparsep=\skip86
\bibhang=\skip87
\blx@bcfin=\read4
\blx@bcfout=\write4
\blx@langwohyphens=\language92
\c@mincomprange=\count399
\c@maxcomprange=\count400
\c@mincompwidth=\count401
Package biblatex Info: Trying to load biblatex default data model...
Package biblatex Info: ... file 'blx-dm.def' found.

(c:/texlive/texmf-dist/tex/latex/biblatex/blx-dm.def
File: blx-dm.def 2024/03/21 v3.20 biblatex datamodel (PK/MW)
)
Package biblatex Info: Trying to load biblatex style data model...
Package biblatex Info: ... file 'alphabetic.dbx' not found.
Package biblatex Info: Trying to load biblatex custom data model...
Package biblatex Info: ... file 'biblatex-dm.cfg' not found.
\c@afterword=\count402
\c@savedafterword=\count403
\c@annotator=\count404
\c@savedannotator=\count405
\c@author=\count406
\c@savedauthor=\count407
\c@bookauthor=\count408
\c@savedbookauthor=\count409
\c@commentator=\count410
\c@savedcommentator=\count411
\c@editor=\count412
\c@savededitor=\count413
\c@editora=\count414
\c@savededitora=\count415
\c@editorb=\count416
\c@savededitorb=\count417
\c@editorc=\count418
\c@savededitorc=\count419
\c@foreword=\count420
\c@savedforeword=\count421
\c@holder=\count422
\c@savedholder=\count423
\c@introduction=\count424
\c@savedintroduction=\count425
\c@namea=\count426
\c@savednamea=\count427
\c@nameb=\count428
\c@savednameb=\count429
\c@namec=\count430
\c@savednamec=\count431
\c@translator=\count432
\c@savedtranslator=\count433
\c@shortauthor=\count434
\c@savedshortauthor=\count435
\c@shorteditor=\count436
\c@savedshorteditor=\count437
\c@labelname=\count438
\c@savedlabelname=\count439
\c@institution=\count440
\c@savedinstitution=\count441
\c@lista=\count442
\c@savedlista=\count443
\c@listb=\count444
\c@savedlistb=\count445
\c@listc=\count446
\c@savedlistc=\count447
\c@listd=\count448
\c@savedlistd=\count449
\c@liste=\count450
\c@savedliste=\count451
\c@listf=\count452
\c@savedlistf=\count453
\c@location=\count454
\c@savedlocation=\count455
\c@organization=\count456
\c@savedorganization=\count457
\c@origlocation=\count458
\c@savedoriglocation=\count459
\c@origpublisher=\count460
\c@savedorigpublisher=\count461
\c@publisher=\count462
\c@savedpublisher=\count463
\c@language=\count464
\c@savedlanguage=\count465
\c@origlanguage=\count466
\c@savedoriglanguage=\count467
\c@pageref=\count468
\c@savedpageref=\count469
\shorthandwidth=\skip88
\shortjournalwidth=\skip89
\shortserieswidth=\skip90
\shorttitlewidth=\skip91
\shortauthorwidth=\skip92
\shorteditorwidth=\skip93
\locallabelnumberwidth=\skip94
\locallabelalphawidth=\skip95
\localshorthandwidth=\skip96
\localshortjournalwidth=\skip97
\localshortserieswidth=\skip98
\localshorttitlewidth=\skip99
\localshortauthorwidth=\skip100
\localshorteditorwidth=\skip101
Package biblatex Info: Trying to load compatibility code...
Package biblatex Info: ... file 'blx-compat.def' found.

(c:/texlive/texmf-dist/tex/latex/biblatex/blx-compat.def
File: blx-compat.def 2024/03/21 v3.20 biblatex compatibility (PK/MW)
)
Package biblatex Info: Trying to load BibTeX backend compatibility...
Package biblatex Info: ... file 'blx-bibtex.def' found.

(c:/texlive/texmf-dist/tex/latex/biblatex/blx-bibtex.def
File: blx-bibtex.def 2024/03/21 v3.20 biblatex compatibility (PK/MW)


Package biblatex Warning: Using fall-back bibtex backend:
(biblatex)                functionality may be reduced/unavailable.

)
Package biblatex Info: Trying to load generic definitions...
Package biblatex Info: ... file 'biblatex.def' found.
 (c:/texlive/texmf-dist/tex/latex/biblatex/biblatex.def
File: biblatex.def 2024/03/21 v3.20 biblatex compatibility (PK/MW)
\c@textcitecount=\count470
\c@textcitetotal=\count471
\c@textcitemaxnames=\count472
\c@biburlbigbreakpenalty=\count473
\c@biburlbreakpenalty=\count474
\c@biburlnumpenalty=\count475
\c@biburlucpenalty=\count476
\c@biburllcpenalty=\count477
\biburlbigskip=\muskip19
\biburlnumskip=\muskip20
\biburlucskip=\muskip21
\biburllcskip=\muskip22
\c@smartand=\count478
)
Package biblatex Info: Trying to load bibliography style 'alphabetic'...
Package biblatex Info: ... file 'alphabetic.bbx' found.

(c:/texlive/texmf-dist/tex/latex/biblatex/bbx/alphabetic.bbx
File: alphabetic.bbx 2024/03/21 v3.20 biblatex bibliography style (PK/MW)
Package biblatex Info: Trying to load bibliography style 'standard'...
Package biblatex Info: ... file 'standard.bbx' found.

(c:/texlive/texmf-dist/tex/latex/biblatex/bbx/standard.bbx
File: standard.bbx 2024/03/21 v3.20 biblatex bibliography style (PK/MW)
\c@bbx:relatedcount=\count479
\c@bbx:relatedtotal=\count480
))
Package biblatex Info: Trying to load citation style 'alphabetic'...
Package biblatex Info: ... file 'alphabetic.cbx' found.

(c:/texlive/texmf-dist/tex/latex/biblatex/cbx/alphabetic.cbx
File: alphabetic.cbx 2024/03/21 v3.20 biblatex citation style (PK/MW)
Package biblatex Info: Redefining '\cite'.
Package biblatex Info: Redefining '\parencite'.
Package biblatex Info: Redefining '\footcite'.
Package biblatex Info: Redefining '\footcitetext'.
Package biblatex Info: Redefining '\smartcite'.
Package biblatex Info: Redefining '\textcite'.
Package biblatex Info: Redefining '\textcites'.
Package biblatex Info: Redefining '\cites'.
Package biblatex Info: Redefining '\parencites'.
Package biblatex Info: Redefining '\smartcites'.
)
Package biblatex Info: Trying to load configuration file...
Package biblatex Info: ... file 'biblatex.cfg' found.

(c:/texlive/texmf-dist/tex/latex/biblatex/biblatex.cfg
File: biblatex.cfg 
)

Package biblatex Warning: 'firstinits' option is deprecated.
(biblatex)                Please use 'giveninits' instead.

Package biblatex Info: Input encoding 'utf8' detected.
Package biblatex Info: Document encoding is UTF8 ....
Package biblatex Info: ... and expl3
(biblatex)             2025-03-26 L3 programming layer (loader) 
(biblatex)             is new enough (at least 2020/04/06),
(biblatex)             setting 'casechanger=expl3'.
(c:/texlive/texmf-dist/tex/latex/biblatex/blx-case-expl3.sty
(c:/texlive/texmf-dist/tex/latex/l3packages/xparse/xparse.sty
Package: xparse 2024-08-16 L3 Experimental document command parser
)
Package: blx-case-expl3 2024/03/21 v3.20 expl3 case changing code for biblatex
))
(c:/texlive/texmf-dist/tex/latex/tools/tabularx.sty
Package: tabularx 2023/12/11 v2.12a `tabularx' package (DPC)
\TX@col@width=\dimen277
\TX@old@table=\dimen278
\TX@old@col=\dimen279
\TX@target=\dimen280
\TX@delta=\dimen281
\TX@cols=\count481
\TX@ftn=\toks39
)
(c:/texlive/texmf-dist/tex/latex/tools/longtable.sty
Package: longtable 2024-10-27 v4.22 Multi-page Table package (DPC)
\LTleft=\skip102
\LTright=\skip103
\LTpre=\skip104
\LTpost=\skip105
\LTchunksize=\count482
\LTcapwidth=\dimen282
\LT@head=\box112
\LT@firsthead=\box113
\LT@foot=\box114
\LT@lastfoot=\box115
\LT@gbox=\box116
\LT@cols=\count483
\LT@rows=\count484
\c@LT@tables=\count485
\c@LT@chunks=\count486
\LT@p@ftn=\toks40
)
Class scrbook Info: longtable captions redefined on input line 125.

(c:/texlive/texmf-dist/tex/latex/framed/framed.sty
Package: framed 2011/10/22 v 0.96: framed or shaded text with page breaks
\OuterFrameSep=\skip106
\fb@frw=\dimen283
\fb@frh=\dimen284
\FrameRule=\dimen285
\FrameSep=\dimen286
)

Class scrbook Warning: Usage of package `tocbibind' together
(scrbook)              with a KOMA-Script class is not recommended.
(scrbook)              I'd suggest to use options like `listof=totoc'
(scrbook)              or `bibliography=totoc', or commands like
(scrbook)              `\setuptoc{toc}{totoc}' instead of this package,
(scrbook)              because it breaks several KOMA-Script features of
(scrbook)              the list of figures, list of tables, bibliography,
(scrbook)              index and the running head.
(scrbook)              Nevertheless, using requested
(scrbook)              package `tocbibind' on input line 127.

(c:/texlive/texmf-dist/tex/latex/tocbibind/tocbibind.sty
Package: tocbibind 2010/10/13 v1.5k extra ToC listings
Package tocbibind Info: The document has chapter divisions on input line 50.


Package tocbibind Note: Using chapter style headings, unless overridden.

) (c:/texlive/texmf-dist/tex/latex/eurosym/eurosym.sty
Package: eurosym 1998/08/06 v1.1 European currency symbol ``Euro''
\@eurobox=\box117
)
(c:/texlive/texmf-dist/tex/latex/menukeys/menukeys.sty
Package: menukeys 2022/07/01 v1.6.2 -- A package to format menus, paths and sho
rtcuts

(c:/texlive/texmf-dist/tex/generic/xstring/xstring.sty
(c:/texlive/texmf-dist/tex/generic/xstring/xstring.tex
\xs_counta=\count487
\xs_countb=\count488
)
Package: xstring 2023/08/22 v1.86 String manipulations (CT)
)
(c:/texlive/texmf-dist/tex/latex/pgf/frontendlayer/tikz.sty
(c:/texlive/texmf-dist/tex/latex/pgf/basiclayer/pgf.sty
(c:/texlive/texmf-dist/tex/latex/pgf/utilities/pgfrcs.sty
(c:/texlive/texmf-dist/tex/generic/pgf/utilities/pgfutil-common.tex
\pgfutil@everybye=\toks41
\pgfutil@tempdima=\dimen287
\pgfutil@tempdimb=\dimen288
)
(c:/texlive/texmf-dist/tex/generic/pgf/utilities/pgfutil-latex.def
\pgfutil@abb=\box118
)
(c:/texlive/texmf-dist/tex/generic/pgf/utilities/pgfrcs.code.tex
(c:/texlive/texmf-dist/tex/generic/pgf/pgf.revision.tex)
Package: pgfrcs 2023-01-15 v3.1.10 (3.1.10)
))
Package: pgf 2023-01-15 v3.1.10 (3.1.10)

(c:/texlive/texmf-dist/tex/latex/pgf/basiclayer/pgfcore.sty
(c:/texlive/texmf-dist/tex/latex/pgf/systemlayer/pgfsys.sty
(c:/texlive/texmf-dist/tex/generic/pgf/systemlayer/pgfsys.code.tex
Package: pgfsys 2023-01-15 v3.1.10 (3.1.10)

(c:/texlive/texmf-dist/tex/generic/pgf/utilities/pgfkeys.code.tex
\pgfkeys@pathtoks=\toks42
\pgfkeys@temptoks=\toks43

(c:/texlive/texmf-dist/tex/generic/pgf/utilities/pgfkeyslibraryfiltered.code.te
x
\pgfkeys@tmptoks=\toks44
))
\pgf@x=\dimen289
\pgf@y=\dimen290
\pgf@xa=\dimen291
\pgf@ya=\dimen292
\pgf@xb=\dimen293
\pgf@yb=\dimen294
\pgf@xc=\dimen295
\pgf@yc=\dimen296
\pgf@xd=\dimen297
\pgf@yd=\dimen298
\w@pgf@writea=\write5
\r@pgf@reada=\read5
\c@pgf@counta=\count489
\c@pgf@countb=\count490
\c@pgf@countc=\count491
\c@pgf@countd=\count492
\t@pgf@toka=\toks45
\t@pgf@tokb=\toks46
\t@pgf@tokc=\toks47
\pgf@sys@id@count=\count493
 (c:/texlive/texmf-dist/tex/generic/pgf/systemlayer/pgf.cfg
File: pgf.cfg 2023-01-15 v3.1.10 (3.1.10)
)
Driver file for pgf: pgfsys-pdftex.def

(c:/texlive/texmf-dist/tex/generic/pgf/systemlayer/pgfsys-pdftex.def
File: pgfsys-pdftex.def 2023-01-15 v3.1.10 (3.1.10)

(c:/texlive/texmf-dist/tex/generic/pgf/systemlayer/pgfsys-common-pdf.def
File: pgfsys-common-pdf.def 2023-01-15 v3.1.10 (3.1.10)
)))
(c:/texlive/texmf-dist/tex/generic/pgf/systemlayer/pgfsyssoftpath.code.tex
File: pgfsyssoftpath.code.tex 2023-01-15 v3.1.10 (3.1.10)
\pgfsyssoftpath@smallbuffer@items=\count494
\pgfsyssoftpath@bigbuffer@items=\count495
)
(c:/texlive/texmf-dist/tex/generic/pgf/systemlayer/pgfsysprotocol.code.tex
File: pgfsysprotocol.code.tex 2023-01-15 v3.1.10 (3.1.10)
))
(c:/texlive/texmf-dist/tex/generic/pgf/basiclayer/pgfcore.code.tex
Package: pgfcore 2023-01-15 v3.1.10 (3.1.10)

(c:/texlive/texmf-dist/tex/generic/pgf/math/pgfmath.code.tex
(c:/texlive/texmf-dist/tex/generic/pgf/math/pgfmathutil.code.tex)
(c:/texlive/texmf-dist/tex/generic/pgf/math/pgfmathparser.code.tex
\pgfmath@dimen=\dimen299
\pgfmath@count=\count496
\pgfmath@box=\box119
\pgfmath@toks=\toks48
\pgfmath@stack@operand=\toks49
\pgfmath@stack@operation=\toks50
)
(c:/texlive/texmf-dist/tex/generic/pgf/math/pgfmathfunctions.code.tex)
(c:/texlive/texmf-dist/tex/generic/pgf/math/pgfmathfunctions.basic.code.tex)
(c:/texlive/texmf-dist/tex/generic/pgf/math/pgfmathfunctions.trigonometric.code
.tex)
(c:/texlive/texmf-dist/tex/generic/pgf/math/pgfmathfunctions.random.code.tex)
(c:/texlive/texmf-dist/tex/generic/pgf/math/pgfmathfunctions.comparison.code.te
x) (c:/texlive/texmf-dist/tex/generic/pgf/math/pgfmathfunctions.base.code.tex)
(c:/texlive/texmf-dist/tex/generic/pgf/math/pgfmathfunctions.round.code.tex)
(c:/texlive/texmf-dist/tex/generic/pgf/math/pgfmathfunctions.misc.code.tex)
(c:/texlive/texmf-dist/tex/generic/pgf/math/pgfmathfunctions.integerarithmetics
.code.tex) (c:/texlive/texmf-dist/tex/generic/pgf/math/pgfmathcalc.code.tex)
(c:/texlive/texmf-dist/tex/generic/pgf/math/pgfmathfloat.code.tex
\c@pgfmathroundto@lastzeros=\count497
))
(c:/texlive/texmf-dist/tex/generic/pgf/math/pgfint.code.tex)
(c:/texlive/texmf-dist/tex/generic/pgf/basiclayer/pgfcorepoints.code.tex
File: pgfcorepoints.code.tex 2023-01-15 v3.1.10 (3.1.10)
\pgf@picminx=\dimen300
\pgf@picmaxx=\dimen301
\pgf@picminy=\dimen302
\pgf@picmaxy=\dimen303
\pgf@pathminx=\dimen304
\pgf@pathmaxx=\dimen305
\pgf@pathminy=\dimen306
\pgf@pathmaxy=\dimen307
\pgf@xx=\dimen308
\pgf@xy=\dimen309
\pgf@yx=\dimen310
\pgf@yy=\dimen311
\pgf@zx=\dimen312
\pgf@zy=\dimen313
)
(c:/texlive/texmf-dist/tex/generic/pgf/basiclayer/pgfcorepathconstruct.code.tex
File: pgfcorepathconstruct.code.tex 2023-01-15 v3.1.10 (3.1.10)
\pgf@path@lastx=\dimen314
\pgf@path@lasty=\dimen315
) (c:/texlive/texmf-dist/tex/generic/pgf/basiclayer/pgfcorepathusage.code.tex
File: pgfcorepathusage.code.tex 2023-01-15 v3.1.10 (3.1.10)
\pgf@shorten@end@additional=\dimen316
\pgf@shorten@start@additional=\dimen317
)
(c:/texlive/texmf-dist/tex/generic/pgf/basiclayer/pgfcorescopes.code.tex
File: pgfcorescopes.code.tex 2023-01-15 v3.1.10 (3.1.10)
\pgfpic=\box120
\pgf@hbox=\box121
\pgf@layerbox@main=\box122
\pgf@picture@serial@count=\count498
)
(c:/texlive/texmf-dist/tex/generic/pgf/basiclayer/pgfcoregraphicstate.code.tex
File: pgfcoregraphicstate.code.tex 2023-01-15 v3.1.10 (3.1.10)
\pgflinewidth=\dimen318
)
(c:/texlive/texmf-dist/tex/generic/pgf/basiclayer/pgfcoretransformations.code.t
ex
File: pgfcoretransformations.code.tex 2023-01-15 v3.1.10 (3.1.10)
\pgf@pt@x=\dimen319
\pgf@pt@y=\dimen320
\pgf@pt@temp=\dimen321
) (c:/texlive/texmf-dist/tex/generic/pgf/basiclayer/pgfcorequick.code.tex
File: pgfcorequick.code.tex 2023-01-15 v3.1.10 (3.1.10)
)
(c:/texlive/texmf-dist/tex/generic/pgf/basiclayer/pgfcoreobjects.code.tex
File: pgfcoreobjects.code.tex 2023-01-15 v3.1.10 (3.1.10)
)
(c:/texlive/texmf-dist/tex/generic/pgf/basiclayer/pgfcorepathprocessing.code.te
x
File: pgfcorepathprocessing.code.tex 2023-01-15 v3.1.10 (3.1.10)
) (c:/texlive/texmf-dist/tex/generic/pgf/basiclayer/pgfcorearrows.code.tex
File: pgfcorearrows.code.tex 2023-01-15 v3.1.10 (3.1.10)
\pgfarrowsep=\dimen322
)
(c:/texlive/texmf-dist/tex/generic/pgf/basiclayer/pgfcoreshade.code.tex
File: pgfcoreshade.code.tex 2023-01-15 v3.1.10 (3.1.10)
\pgf@max=\dimen323
\pgf@sys@shading@range@num=\count499
\pgf@shadingcount=\count500
)
(c:/texlive/texmf-dist/tex/generic/pgf/basiclayer/pgfcoreimage.code.tex
File: pgfcoreimage.code.tex 2023-01-15 v3.1.10 (3.1.10)
)
(c:/texlive/texmf-dist/tex/generic/pgf/basiclayer/pgfcoreexternal.code.tex
File: pgfcoreexternal.code.tex 2023-01-15 v3.1.10 (3.1.10)
\pgfexternal@startupbox=\box123
)
(c:/texlive/texmf-dist/tex/generic/pgf/basiclayer/pgfcorelayers.code.tex
File: pgfcorelayers.code.tex 2023-01-15 v3.1.10 (3.1.10)
)
(c:/texlive/texmf-dist/tex/generic/pgf/basiclayer/pgfcoretransparency.code.tex
File: pgfcoretransparency.code.tex 2023-01-15 v3.1.10 (3.1.10)
) (c:/texlive/texmf-dist/tex/generic/pgf/basiclayer/pgfcorepatterns.code.tex
File: pgfcorepatterns.code.tex 2023-01-15 v3.1.10 (3.1.10)
)
(c:/texlive/texmf-dist/tex/generic/pgf/basiclayer/pgfcorerdf.code.tex
File: pgfcorerdf.code.tex 2023-01-15 v3.1.10 (3.1.10)
)))
(c:/texlive/texmf-dist/tex/generic/pgf/modules/pgfmoduleshapes.code.tex
File: pgfmoduleshapes.code.tex 2023-01-15 v3.1.10 (3.1.10)
\pgfnodeparttextbox=\box124
)
(c:/texlive/texmf-dist/tex/generic/pgf/modules/pgfmoduleplot.code.tex
File: pgfmoduleplot.code.tex 2023-01-15 v3.1.10 (3.1.10)
)
(c:/texlive/texmf-dist/tex/latex/pgf/compatibility/pgfcomp-version-0-65.sty
Package: pgfcomp-version-0-65 2023-01-15 v3.1.10 (3.1.10)
\pgf@nodesepstart=\dimen324
\pgf@nodesepend=\dimen325
)
(c:/texlive/texmf-dist/tex/latex/pgf/compatibility/pgfcomp-version-1-18.sty
Package: pgfcomp-version-1-18 2023-01-15 v3.1.10 (3.1.10)
))
(c:/texlive/texmf-dist/tex/latex/pgf/utilities/pgffor.sty
(c:/texlive/texmf-dist/tex/latex/pgf/utilities/pgfkeys.sty
(c:/texlive/texmf-dist/tex/generic/pgf/utilities/pgfkeys.code.tex))
(c:/texlive/texmf-dist/tex/latex/pgf/math/pgfmath.sty
(c:/texlive/texmf-dist/tex/generic/pgf/math/pgfmath.code.tex))
(c:/texlive/texmf-dist/tex/generic/pgf/utilities/pgffor.code.tex
Package: pgffor 2023-01-15 v3.1.10 (3.1.10)
\pgffor@iter=\dimen326
\pgffor@skip=\dimen327
\pgffor@stack=\toks51
\pgffor@toks=\toks52
))
(c:/texlive/texmf-dist/tex/generic/pgf/frontendlayer/tikz/tikz.code.tex
Package: tikz 2023-01-15 v3.1.10 (3.1.10)

(c:/texlive/texmf-dist/tex/generic/pgf/libraries/pgflibraryplothandlers.code.te
x
File: pgflibraryplothandlers.code.tex 2023-01-15 v3.1.10 (3.1.10)
\pgf@plot@mark@count=\count501
\pgfplotmarksize=\dimen328
)
\tikz@lastx=\dimen329
\tikz@lasty=\dimen330
\tikz@lastxsaved=\dimen331
\tikz@lastysaved=\dimen332
\tikz@lastmovetox=\dimen333
\tikz@lastmovetoy=\dimen334
\tikzleveldistance=\dimen335
\tikzsiblingdistance=\dimen336
\tikz@figbox=\box125
\tikz@figbox@bg=\box126
\tikz@tempbox=\box127
\tikz@tempbox@bg=\box128
\tikztreelevel=\count502
\tikznumberofchildren=\count503
\tikznumberofcurrentchild=\count504
\tikz@fig@count=\count505
 (c:/texlive/texmf-dist/tex/generic/pgf/modules/pgfmodulematrix.code.tex
File: pgfmodulematrix.code.tex 2023-01-15 v3.1.10 (3.1.10)
\pgfmatrixcurrentrow=\count506
\pgfmatrixcurrentcolumn=\count507
\pgf@matrix@numberofcolumns=\count508
)
\tikz@expandcount=\count509

(c:/texlive/texmf-dist/tex/generic/pgf/frontendlayer/tikz/libraries/tikzlibrary
topaths.code.tex
File: tikzlibrarytopaths.code.tex 2023-01-15 v3.1.10 (3.1.10)
)))
(c:/texlive/texmf-dist/tex/generic/pgf/frontendlayer/tikz/libraries/tikzlibrary
calc.code.tex
File: tikzlibrarycalc.code.tex 2023-01-15 v3.1.10 (3.1.10)
)
(c:/texlive/texmf-dist/tex/generic/pgf/frontendlayer/tikz/libraries/tikzlibrary
shapes.symbols.code.tex
File: tikzlibraryshapes.symbols.code.tex 2023-01-15 v3.1.10 (3.1.10)

(c:/texlive/texmf-dist/tex/generic/pgf/libraries/shapes/pgflibraryshapes.symbol
s.code.tex
File: pgflibraryshapes.symbols.code.tex 2023-01-15 v3.1.10 (3.1.10)
))
(c:/texlive/texmf-dist/tex/generic/pgf/frontendlayer/tikz/libraries/tikzlibrary
shadows.code.tex
File: tikzlibraryshadows.code.tex 2023-01-15 v3.1.10 (3.1.10)

(c:/texlive/texmf-dist/tex/generic/pgf/frontendlayer/tikz/libraries/tikzlibrary
fadings.code.tex
File: tikzlibraryfadings.code.tex 2023-01-15 v3.1.10 (3.1.10)

(c:/texlive/texmf-dist/tex/generic/pgf/libraries/pgflibraryfadings.code.tex
File: pgflibraryfadings.code.tex 2023-01-15 v3.1.10 (3.1.10)
)))
(c:/texlive/texmf-dist/tex/latex/adjustbox/adjustbox.sty
Package: adjustbox 2025/02/26 v1.3c Adjusting TeX boxes (trim, clip, ...)

(c:/texlive/texmf-dist/tex/latex/adjustbox/adjcalc.sty
Package: adjcalc 2012/05/16 v1.1 Provides advanced setlength with multiple back
-ends (calc, etex, pgfmath)
)
(c:/texlive/texmf-dist/tex/latex/adjustbox/trimclip.sty
Package: trimclip 2025/02/21 v1.2a Trim and clip general TeX material

(c:/texlive/texmf-dist/tex/latex/collectbox/collectbox.sty
Package: collectbox 2022/10/17 v0.4c Collect macro arguments as boxes
\collectedbox=\box129
)
\tc@llx=\dimen337
\tc@lly=\dimen338
\tc@urx=\dimen339
\tc@ury=\dimen340
Package trimclip Info: Using driver 'tc-pdftex.def'.

(c:/texlive/texmf-dist/tex/latex/adjustbox/tc-pdftex.def
File: tc-pdftex.def 2025/02/26 v2.3 Clipping driver for pdftex
))
\adjbox@Width=\dimen341
\adjbox@Height=\dimen342
\adjbox@Depth=\dimen343
\adjbox@Totalheight=\dimen344
\adjbox@pwidth=\dimen345
\adjbox@pheight=\dimen346
\adjbox@pdepth=\dimen347
\adjbox@ptotalheight=\dimen348

(c:/texlive/texmf-dist/tex/latex/ifoddpage/ifoddpage.sty
Package: ifoddpage 2022/10/18 v1.2 Conditionals for odd/even page detection
\c@checkoddpage=\count510
)
(c:/texlive/texmf-dist/tex/latex/varwidth/varwidth.sty
Package: varwidth 2009/03/30 ver 0.92;  Variable-width minipages
\@vwid@box=\box130
\sift@deathcycles=\count511
\@vwid@loff=\dimen349
\@vwid@roff=\dimen350
))
(c:/texlive/texmf-dist/tex/latex/relsize/relsize.sty
Package: relsize 2013/03/29 ver 4.1
)
\l__twmk_indris_int=\count512
\c@tw@hyphen@char@num=\count513
)

Class scrbook Warning: Usage of package `fancyhdr' together
(scrbook)              with a KOMA-Script class is not recommended.
(scrbook)              I'd suggest to use 
(scrbook)              package `scrlayer' or `scrlayer-scrpage', because
(scrbook)              they support KOMA-Script classes.
(scrbook)              With `fancyhdr' several features of class `scrbook'
(scrbook)              like options `headsepline', `footsepline' or command
(scrbook)              `\MakeMarkcase' and the commands `\setkomafont' and
(scrbook)              `\addtokomafont' for the page style elements need
(scrbook)              explicite user intervention to work.
(scrbook)              Nevertheless, using requested
(scrbook)              package `fancyhdr' on input line 148.

(c:/texlive/texmf-dist/tex/latex/fancyhdr/fancyhdr.sty
Package: fancyhdr 2025/02/07 v5.2 Extensive control of page headers and footers

\f@nch@headwidth=\skip107
\f@nch@offset@elh=\skip108
\f@nch@offset@erh=\skip109
\f@nch@offset@olh=\skip110
\f@nch@offset@orh=\skip111
\f@nch@offset@elf=\skip112
\f@nch@offset@erf=\skip113
\f@nch@offset@olf=\skip114
\f@nch@offset@orf=\skip115
\f@nch@height=\skip116
\f@nch@footalignment=\skip117
\f@nch@widthL=\skip118
\f@nch@widthC=\skip119
\f@nch@widthR=\skip120
\@temptokenb=\toks53
)
(c:/texlive/texmf-dist/tex/latex/media9/media9.sty
Package: media9 2024/09/16 v1.29 acrobat-9/X compatible media
\g_mix_pkgresizeflag_int=\count514

(c:/texlive/texmf-dist/tex/latex/media9/pdfbase.sty
Package: pdfbase 2024/09/16 v0.59 driver independent access to low-level PDF fe
atures
\g_pbs_page_int=\count515
\g_pbs_oc_int=\count516
)
(c:/texlive/texmf-dist/tex/latex/ocgx2/ocgbase.sty
Package: ocgbase 2024/09/15 v0.24 support package for ocgx2.sty
)
\l_mix_poster_box=\box131
\g_mix_wd_dim=\dimen351
\g_mix_ht_dim=\dimen352
\g_mix_dp_dim=\dimen353
\g_mix_rmcnt_int=\count517
\l_mix_viewcnt_int=\count518
\g@mix@page@int=\count519
\g_mix_resizeflag_int=\count520
\l_mix_lineno_int=\count521
\l_mix_pbtn_box=\box132
\g_mix_mbtncnt_int=\count522
\mix@btn@dim=\dimen354
)
(c:/texlive/texmf-dist/tex/latex/animate/animate.sty
Package: animate 2024/10/14 PDF & SVG animations from files and inline graphics


(c:/texlive/texmf-dist/tex/latex/oberdiek/ifdraft.sty
Package: ifdraft 2016/05/16 v1.4 Detect class options draft and final (HO)
)
(c:/texlive/texmf-dist/tex/latex/zref/zref-abspage.sty
Package: zref-abspage 2023-09-14 v2.35 Module abspage for zref (HO)

(c:/texlive/texmf-dist/tex/latex/zref/zref-base.sty
Package: zref-base 2023-09-14 v2.35 Module base for zref (HO)

(c:/texlive/texmf-dist/tex/latex/auxhook/auxhook.sty
Package: auxhook 2019-12-17 v1.6 Hooks for auxiliary files (HO)
)
Package zref Info: New property list: main on input line 767.
Package zref Info: New property: default on input line 768.
Package zref Info: New property: page on input line 769.
)
\c@abspage=\count523
Package zref Info: New property: abspage on input line 67.
)
\@anim@box=\box133
\@anim@measbox=\box134
\@anim@tmpdima=\dimen355
\@anim@tmpdimb=\dimen356
\@anim@num=\count524
\@anim@curframe=\count525
\@anim@curframe@zb=\count526
\@anim@resizeflags=\count527
\@anim@skipfram=\count528
\@anim@mulframecnt=\count529
\@anim@@tmlnfile=\read6
\@anim@tmpcnt=\count530
\c@@anim@ltxcnt=\count531
\@anim@curlayer=\count532
\@anim@lineno=\count533
\@anim@curfield=\count534
\@anim@@resizeflags=\count535
)
\c@AnimateAngle=\count536
\c@AnimateStepFactor=\count537
\c@AnimateSteps=\count538

(c:/texlive/texmf-dist/tex/latex/multirow/multirow.sty
Package: multirow 2024/11/12 v2.9 Span multiple rows of a table
\multirow@colwidth=\skip121
\multirow@cntb=\count539
\multirow@dima=\skip122
\bigstrutjot=\dimen357
)
(c:/texlive/texmf-dist/tex/latex/graphics/rotating.sty
Package: rotating 2016/08/11 v2.16d rotated objects in LaTeX
\c@r@tfl@t=\count540
\rotFPtop=\skip123
\rotFPbot=\skip124
\rot@float@box=\box135
\rot@mess@toks=\toks54
)
(c:/texlive/texmf-dist/tex/latex/enumitem/enumitem.sty
Package: enumitem 2025/02/06 v3.11 Customized lists
\labelindent=\skip125
\enit@outerparindent=\dimen358
\enit@toks=\toks55
\enit@inbox=\box136
\enit@count@id=\count541
\enitdp@description=\count542
)
(c:/texlive/texmf-dist/tex/latex/spverbatim/spverbatim.sty
Package: spverbatim 2009/08/10 v1.0 Verbatim with breakable spaces
)
(c:/texlive/texmf-dist/tex/latex/siunitx/siunitx.sty
Package: siunitx 2025-03-26 v3.4.8 A comprehensive (SI) units package
\l__siunitx_number_uncert_offset_int=\count543
\l__siunitx_number_exponent_fixed_int=\count544
\l__siunitx_number_min_decimal_int=\count545
\l__siunitx_number_min_integer_int=\count546
\l__siunitx_number_round_precision_int=\count547
\l__siunitx_number_lower_threshold_int=\count548
\l__siunitx_number_upper_threshold_int=\count549
\l__siunitx_number_group_first_int=\count550
\l__siunitx_number_group_size_int=\count551
\l__siunitx_number_group_minimum_int=\count552
\l__siunitx_angle_tmp_dim=\dimen359
\l__siunitx_angle_marker_box=\box137
\l__siunitx_angle_unit_box=\box138
\l__siunitx_compound_count_int=\count553
\l__siunitx_table_tmp_box=\box139
\l__siunitx_table_tmp_dim=\dimen360
\l__siunitx_table_column_width_dim=\dimen361
\l__siunitx_table_integer_box=\box140
\l__siunitx_table_decimal_box=\box141
\l__siunitx_table_uncert_box=\box142
\l__siunitx_table_before_box=\box143
\l__siunitx_table_after_box=\box144
\l__siunitx_table_before_dim=\dimen362
\l__siunitx_table_carry_dim=\dimen363
\l__siunitx_unit_tmp_int=\count554
\l__siunitx_unit_position_int=\count555
\l__siunitx_unit_total_int=\count556


Package siunitx Warning: Option "binary-units" has been removed in this
(siunitx)                release.

) (c:/texlive/texmf-dist/tex/latex/todonotes/todonotes.sty
Package: todonotes 2024/01/05 v1.1.7 Todonotes source and documentation.
Package: todonotes 2024/01/05

(c:/texlive/texmf-dist/tex/generic/pgf/frontendlayer/tikz/libraries/tikzlibrary
positioning.code.tex
File: tikzlibrarypositioning.code.tex 2023-01-15 v3.1.10 (3.1.10)
)
\c@@todonotes@numberoftodonotes=\count557
) (c:/texlive/texmf-dist/tex/latex/makecell/makecell.sty
Package: makecell 2009/08/03 V0.1e Managing of Tab Column Heads and Cells
\rotheadsize=\dimen364
\c@nlinenum=\count558
\TeXr@lab=\toks56
)
(c:/texlive/texmf-dist/tex/latex/bera/beramono.sty
Package: beramono 2004/01/31 (WaS)
)
(c:/texlive/texmf-dist/tex/latex/nomencl/nomencl.sty
Package: nomencl 2021/11/10 v5.6 Nomenclature package
Package tocbasic Info: setting babel extension for `nlo' on input line 187.
Package tocbasic Info: setting babel extension for `nls' on input line 188.
\nomlabelwidth=\dimen365
\nom@tempdim=\dimen366
\nomitemsep=\skip126
)
\@nomenclaturefile=\write6
\openout6 = `Nano33BLESense.nlo'.

Package nomencl Info: Writing nomenclature file Nano33BLESense.nlo on input lin
e 277.
\enitdp@todolist=\count559
)
(c:/texlive/texmf-dist/tex/latex/blindtext/blindtext.sty
Package: blindtext 2012/01/06 V2.0 blindtext-Package

(c:/texlive/texmf-dist/tex/latex/tools/xspace.sty
Package: xspace 2014/10/28 v1.13 Space after command names (DPC,MH)
)
\c@blindtext=\count560
\c@Blindtext=\count561
\c@blind@countparstart=\count562
\blind@countxx=\count563
\blindtext@numBlindtext=\count564
\blind@countyy=\count565
\c@blindlist=\count566
\c@blindlistlevel=\count567
\c@blindlist@level=\count568
\blind@listitem=\count569
\c@blind@listcount=\count570
\c@blind@levelcount=\count571
\blind@mathformula=\count572
\blind@Mathformula=\count573
\c@blind@randomcount=\count574
\c@blind@randommax=\count575
\c@blind@pangramcount=\count576
\c@blind@pangrammax=\count577
) (../../General/commands.tex
LaTeX Info: Redefining \Atan2 on input line 79.
\c@notesi=\count578
\enitdp@notes=\count579
\c@fehlernummer=\count580
\c@FortlaufendeNummer=\count581
\c@LetztesKapitel=\count582
\c@BeamerChapter=\count583
(c:/texlive/texmf-dist/tex/latex/listings/lstlang1.sty
File: lstlang1.sty 2024/09/23 1.10c listings language file
)
(c:/texlive/texmf-dist/tex/latex/listings/lstlang1.sty
File: lstlang1.sty 2024/09/23 1.10c listings language file
)
(c:/texlive/texmf-dist/tex/latex/listings/lstlang1.sty
File: lstlang1.sty 2024/09/23 1.10c listings language file
)
(c:/texlive/texmf-dist/tex/latex/listings/lstmisc.sty
File: lstmisc.sty 2024/09/23 1.10c (Carsten Heinz)
)
Package caption Info: Option `declare type' requires the `newfloat' package on 
input line 665.

(c:/texlive/texmf-dist/tex/latex/newfloat/newfloat.sty
Package: newfloat 2023/10/01 v1.2 Defining new floating environments (AR)
Package newfloat Info: `rotating' package detected.
)
Package newfloat Info: New float `code' with options `' on input line 665.
\c@code=\count584
Package newfloat Info: float type `code'=4 on input line 665.
Package tocbasic Info: setting babel extension for `locode' on input line 665.
Package caption Info: New subtype `subcode' on input line 665.
\c@subcode=\count585
)
(../../General/tikzdefs.tex
(c:/texlive/texmf-dist/tex/latex/pgfplots/pgfplots.sty
(c:/texlive/texmf-dist/tex/generic/pgfplots/pgfplots.revision.tex)
Package: pgfplots 2021/05/15 v1.18.1 Data Visualization (1.18.1)

(c:/texlive/texmf-dist/tex/generic/pgfplots/pgfplots.code.tex
(c:/texlive/texmf-dist/tex/generic/pgfplots/pgfplotscore.code.tex
\t@pgfplots@toka=\toks57
\t@pgfplots@tokb=\toks58
\t@pgfplots@tokc=\toks59
\pgfplots@tmpa=\dimen367
\c@pgfplots@coordindex=\count586
\c@pgfplots@scanlineindex=\count587

(c:/texlive/texmf-dist/tex/generic/pgfplots/sys/pgfplotssysgeneric.code.tex))
(c:/texlive/texmf-dist/tex/generic/pgfplots/libs/pgfplotslibrary.code.tex)
(c:/texlive/texmf-dist/tex/generic/pgfplots/oldpgfcompatib/pgfplotsoldpgfsupp_l
oader.code.tex
(c:/texlive/texmf-dist/tex/generic/pgf/libraries/pgflibraryfpu.code.tex)
Package pgfplots: loading complementary utilities for your pgf version...
\t@pgf@toka=\toks60
\t@pgf@tokb=\toks61
\t@pgf@tokc=\toks62

(c:/texlive/texmf-dist/tex/generic/pgfplots/oldpgfcompatib/pgfplotsoldpgfsupp_p
gfutil-common-lists.tex))
(c:/texlive/texmf-dist/tex/generic/pgfplots/util/pgfplotsutil.code.tex
(c:/texlive/texmf-dist/tex/generic/pgfplots/liststructure/pgfplotsliststructure
.code.tex)
(c:/texlive/texmf-dist/tex/generic/pgfplots/liststructure/pgfplotsliststructure
ext.code.tex)
(c:/texlive/texmf-dist/tex/generic/pgfplots/liststructure/pgfplotsarray.code.te
x
\c@pgfplotsarray@tmp=\count588
)
(c:/texlive/texmf-dist/tex/generic/pgfplots/liststructure/pgfplotsmatrix.code.t
ex)
(c:/texlive/texmf-dist/tex/generic/pgfplots/numtable/pgfplotstableshared.code.t
ex
\c@pgfplotstable@counta=\count589
\t@pgfplotstable@a=\toks63
)
(c:/texlive/texmf-dist/tex/generic/pgfplots/liststructure/pgfplotsdeque.code.te
x) (c:/texlive/texmf-dist/tex/generic/pgfplots/util/pgfplotsbinary.code.tex
(c:/texlive/texmf-dist/tex/generic/pgfplots/util/pgfplotsbinary.data.code.tex))
(c:/texlive/texmf-dist/tex/generic/pgfplots/util/pgfplotsutil.verb.code.tex)
(c:/texlive/texmf-dist/tex/generic/pgfplots/libs/pgflibrarypgfplots.surfshading
.code.tex
\c@pgfplotslibrarysurf@no=\count590

(c:/texlive/texmf-dist/tex/generic/pgfplots/sys/pgflibrarypgfplots.surfshading.
pgfsys-pdftex.def)))
(c:/texlive/texmf-dist/tex/generic/pgfplots/util/pgfplotscolormap.code.tex
(c:/texlive/texmf-dist/tex/generic/pgfplots/util/pgfplotscolor.code.tex))
(c:/texlive/texmf-dist/tex/generic/pgfplots/pgfplotsstackedplots.code.tex)
(c:/texlive/texmf-dist/tex/generic/pgfplots/pgfplotsplothandlers.code.tex
(c:/texlive/texmf-dist/tex/generic/pgfplots/pgfplotsmeshplothandler.code.tex
(c:/texlive/texmf-dist/tex/generic/pgfplots/pgfplotsmeshplotimage.code.tex)))
(c:/texlive/texmf-dist/tex/generic/pgfplots/pgfplots.scaling.code.tex)
(c:/texlive/texmf-dist/tex/generic/pgfplots/pgfplotscoordprocessing.code.tex)
(c:/texlive/texmf-dist/tex/generic/pgfplots/pgfplots.errorbars.code.tex)
(c:/texlive/texmf-dist/tex/generic/pgfplots/pgfplots.markers.code.tex)
(c:/texlive/texmf-dist/tex/generic/pgfplots/pgfplotsticks.code.tex)
(c:/texlive/texmf-dist/tex/generic/pgfplots/pgfplots.paths.code.tex)
(c:/texlive/texmf-dist/tex/generic/pgf/frontendlayer/tikz/libraries/tikzlibrary
decorations.code.tex
(c:/texlive/texmf-dist/tex/generic/pgf/modules/pgfmoduledecorations.code.tex
\pgfdecoratedcompleteddistance=\dimen368
\pgfdecoratedremainingdistance=\dimen369
\pgfdecoratedinputsegmentcompleteddistance=\dimen370
\pgfdecoratedinputsegmentremainingdistance=\dimen371
\pgf@decorate@distancetomove=\dimen372
\pgf@decorate@repeatstate=\count591
\pgfdecorationsegmentamplitude=\dimen373
\pgfdecorationsegmentlength=\dimen374
)
\tikz@lib@dec@box=\box145
)
(c:/texlive/texmf-dist/tex/generic/pgf/frontendlayer/tikz/libraries/tikzlibrary
decorations.pathmorphing.code.tex
(c:/texlive/texmf-dist/tex/generic/pgf/libraries/decorations/pgflibrarydecorati
ons.pathmorphing.code.tex))
(c:/texlive/texmf-dist/tex/generic/pgf/frontendlayer/tikz/libraries/tikzlibrary
decorations.pathreplacing.code.tex
(c:/texlive/texmf-dist/tex/generic/pgf/libraries/decorations/pgflibrarydecorati
ons.pathreplacing.code.tex))
(c:/texlive/texmf-dist/tex/generic/pgfplots/libs/tikzlibrarypgfplots.contourlua
.code.tex)
\pgfplots@numplots=\count592
\pgfplots@xmin@reg=\dimen375
\pgfplots@xmax@reg=\dimen376
\pgfplots@ymin@reg=\dimen377
\pgfplots@ymax@reg=\dimen378
\pgfplots@zmin@reg=\dimen379
\pgfplots@zmax@reg=\dimen380
)
(c:/texlive/texmf-dist/tex/generic/pgf/frontendlayer/tikz/libraries/tikzlibrary
plotmarks.code.tex
File: tikzlibraryplotmarks.code.tex 2023-01-15 v3.1.10 (3.1.10)

(c:/texlive/texmf-dist/tex/generic/pgf/libraries/pgflibraryplotmarks.code.tex
File: pgflibraryplotmarks.code.tex 2023-01-15 v3.1.10 (3.1.10)
))) (c:/texlive/texmf-dist/tex/latex/jknapltx/mathrsfs.sty
Package: mathrsfs 1996/01/01 Math RSFS package v1.0 (jk)
\symrsfs=\mathgroup6
)
(c:/texlive/texmf-dist/tex/latex/circuitikz/circuitikz.sty
Package: circuitikz 2025/03/21{} The CircuiTikz circuit drawing package version
 1.7.2

(c:/texlive/texmf-dist/tex/generic/pgf/libraries/pgflibraryarrows.meta.code.tex
File: pgflibraryarrows.meta.code.tex 2023-01-15 v3.1.10 (3.1.10)
\pgfarrowinset=\dimen381
\pgfarrowlength=\dimen382
\pgfarrowwidth=\dimen383
\pgfarrowlinewidth=\dimen384
)
(c:/texlive/texmf-dist/tex/generic/pgf/frontendlayer/tikz/libraries/tikzlibrary
bending.code.tex
File: tikzlibrarybending.code.tex 2023-01-15 v3.1.10 (3.1.10)

(c:/texlive/texmf-dist/tex/generic/pgf/modules/pgfmodulebending.code.tex
File: pgfmodulebending.code.tex 2023-01-15 v3.1.10 (3.1.10)

(c:/texlive/texmf-dist/tex/generic/pgf/modules/pgfmodulenonlineartransformation
s.code.tex
File: pgfmodulenonlineartransformations.code.tex 2023-01-15 v3.1.10 (3.1.10)
\pgftransformnonlinearflatness=\dimen385
)
(c:/texlive/texmf-dist/tex/generic/pgf/libraries/pgflibrarycurvilinear.code.tex
File: pgflibrarycurvilinear.code.tex 2023-01-15 v3.1.10 (3.1.10)
\pgf@curvilinear@time@a=\dimen386
\pgf@curvilinear@length@a=\dimen387
\pgf@curvilinear@length@b=\dimen388
\pgf@curvilinear@length@c=\dimen389
\pgf@curvilinear@length@d=\dimen390
)
\pgf@arrows@the@rigidity=\dimen391
))
(c:/texlive/texmf-dist/tex/generic/pgf/frontendlayer/tikz/libraries/tikzlibrary
fpu.code.tex) (c:/texlive/texmf-dist/tex/generic/circuitikz/pgfcirc.defines.tex
\pgf@circ@count@a=\count593
\pgf@circ@count@b=\count594
\pgf@circ@count@c=\count595
\pgf@circ@res@up=\dimen392
\pgf@circ@res@down=\dimen393
\pgf@circ@res@zero=\dimen394
\pgf@circ@res@left=\dimen395
\pgf@circ@res@right=\dimen396
\pgf@circ@res@other=\dimen397
\pgf@circ@res@step=\dimen398
\pgf@circ@res@temp=\dimen399
\pgf@circ@Rlen=\dimen400
\pgf@circ@scaled@Rlen=\dimen401
\pgfstartlinewidth=\dimen402
) (c:/texlive/texmf-dist/tex/generic/circuitikz/pgfcircutils.tex
\ctikz@scratchbox=\box146
)
(c:/texlive/texmf-dist/tex/generic/circuitikz/pgfcircpath.tex)
(c:/texlive/texmf-dist/tex/generic/circuitikz/pgfcircshapes.tex)
(c:/texlive/texmf-dist/tex/generic/circuitikz/pgfcircmonopoles.tex)
(c:/texlive/texmf-dist/tex/generic/circuitikz/pgfcircbipoles.tex)
(c:/texlive/texmf-dist/tex/generic/circuitikz/pgfcirctripoles.tex
\pgf@circ@res@count=\count596
)
(c:/texlive/texmf-dist/tex/generic/circuitikz/pgfcircquadpoles.tex)
(c:/texlive/texmf-dist/tex/generic/circuitikz/pgfcircmultipoles.tex)
(c:/texlive/texmf-dist/tex/generic/circuitikz/pgfcirclabel.tex)
(c:/texlive/texmf-dist/tex/generic/circuitikz/pgfcircvoltage.tex
\pgfcirc@labelshift=\dimen403
)
(c:/texlive/texmf-dist/tex/generic/circuitikz/pgfcirccurrent.tex)
(c:/texlive/texmf-dist/tex/generic/circuitikz/pgfcircflow.tex))
(c:/texlive/texmf-dist/tex/generic/pgf/frontendlayer/tikz/libraries/tikzlibrary
shapes.code.tex
File: tikzlibraryshapes.code.tex 2023-01-15 v3.1.10 (3.1.10)

(c:/texlive/texmf-dist/tex/generic/pgf/frontendlayer/tikz/libraries/tikzlibrary
shapes.geometric.code.tex
File: tikzlibraryshapes.geometric.code.tex 2023-01-15 v3.1.10 (3.1.10)

(c:/texlive/texmf-dist/tex/generic/pgf/libraries/shapes/pgflibraryshapes.geomet
ric.code.tex
File: pgflibraryshapes.geometric.code.tex 2023-01-15 v3.1.10 (3.1.10)
))
(c:/texlive/texmf-dist/tex/generic/pgf/frontendlayer/tikz/libraries/tikzlibrary
shapes.misc.code.tex
File: tikzlibraryshapes.misc.code.tex 2023-01-15 v3.1.10 (3.1.10)

(c:/texlive/texmf-dist/tex/generic/pgf/libraries/shapes/pgflibraryshapes.misc.c
ode.tex
File: pgflibraryshapes.misc.code.tex 2023-01-15 v3.1.10 (3.1.10)
))
(c:/texlive/texmf-dist/tex/generic/pgf/frontendlayer/tikz/libraries/tikzlibrary
shapes.arrows.code.tex
File: tikzlibraryshapes.arrows.code.tex 2023-01-15 v3.1.10 (3.1.10)

(c:/texlive/texmf-dist/tex/generic/pgf/libraries/shapes/pgflibraryshapes.arrows
.code.tex
File: pgflibraryshapes.arrows.code.tex 2023-01-15 v3.1.10 (3.1.10)
))
(c:/texlive/texmf-dist/tex/generic/pgf/frontendlayer/tikz/libraries/tikzlibrary
shapes.callouts.code.tex
(c:/texlive/texmf-dist/tex/generic/pgf/libraries/shapes/pgflibraryshapes.callou
ts.code.tex))
(c:/texlive/texmf-dist/tex/generic/pgf/frontendlayer/tikz/libraries/tikzlibrary
shapes.multipart.code.tex
File: tikzlibraryshapes.multipart.code.tex 2023-01-15 v3.1.10 (3.1.10)

(c:/texlive/texmf-dist/tex/generic/pgf/libraries/shapes/pgflibraryshapes.multip
art.code.tex
File: pgflibraryshapes.multipart.code.tex 2023-01-15 v3.1.10 (3.1.10)
\pgfnodepartlowerbox=\box147
\pgfnodeparttwobox=\box148
\pgfnodepartthreebox=\box149
\pgfnodepartfourbox=\box150
\pgfnodeparttwentybox=\box151
\pgfnodepartnineteenbox=\box152
\pgfnodeparteighteenbox=\box153
\pgfnodepartseventeenbox=\box154
\pgfnodepartsixteenbox=\box155
\pgfnodepartfifteenbox=\box156
\pgfnodepartfourteenbox=\box157
\pgfnodepartthirteenbox=\box158
\pgfnodeparttwelvebox=\box159
\pgfnodepartelevenbox=\box160
\pgfnodeparttenbox=\box161
\pgfnodepartninebox=\box162
\pgfnodeparteightbox=\box163
\pgfnodepartsevenbox=\box164
\pgfnodepartsixbox=\box165
\pgfnodepartfivebox=\box166
)))
(c:/texlive/texmf-dist/tex/generic/pgf/frontendlayer/tikz/libraries/tikzlibrary
arrows.code.tex
File: tikzlibraryarrows.code.tex 2023-01-15 v3.1.10 (3.1.10)

(c:/texlive/texmf-dist/tex/generic/pgf/libraries/pgflibraryarrows.code.tex
File: pgflibraryarrows.code.tex 2023-01-15 v3.1.10 (3.1.10)
\arrowsize=\dimen404
))
(c:/texlive/texmf-dist/tex/generic/pgf/frontendlayer/tikz/libraries/tikzlibrary
angles.code.tex
File: tikzlibraryangles.code.tex 2023-01-15 v3.1.10 (3.1.10)
)
(c:/texlive/texmf-dist/tex/generic/pgf/frontendlayer/tikz/libraries/tikzlibrary
quotes.code.tex
File: tikzlibraryquotes.code.tex 2023-01-15 v3.1.10 (3.1.10)
)
(c:/texlive/texmf-dist/tex/generic/pgf/frontendlayer/tikz/libraries/tikzlibrary
babel.code.tex
File: tikzlibrarybabel.code.tex 2023-01-15 v3.1.10 (3.1.10)
)
(c:/texlive/texmf-dist/tex/generic/pgf/frontendlayer/tikz/libraries/tikzlibrary
math.code.tex
\tikz@math@for@depth=\count597
\tikz@math@dimen=\dimen405
\tikz@math@toks=\toks64
)
(c:/texlive/texmf-dist/tex/generic/pgf/frontendlayer/tikz/libraries/tikzlibrary
matrix.code.tex
File: tikzlibrarymatrix.code.tex 2023-01-15 v3.1.10 (3.1.10)
)
(c:/texlive/texmf-dist/tex/generic/pgf/frontendlayer/tikz/libraries/tikzlibrary
backgrounds.code.tex
File: tikzlibrarybackgrounds.code.tex 2023-01-15 v3.1.10 (3.1.10)
\pgf@layerbox@background=\box167
\pgf@layerboxsaved@background=\box168
)
(c:/texlive/texmf-dist/tex/generic/pgf/frontendlayer/tikz/libraries/tikzlibrary
through.code.tex
File: tikzlibrarythrough.code.tex 2023-01-15 v3.1.10 (3.1.10)
) (c:/texlive/texmf-dist/tex/latex/tikz-3dplot/tikz-3dplot.sty
(c:/texlive/texmf-dist/tex/generic/pgf/frontendlayer/tikz/libraries/tikzlibrary
3d.code.tex
File: tikzlibrary3d.code.tex 2023-01-15 v3.1.10 (3.1.10)
))) (../../General/ArduinoFormatting.tex
(c:/texlive/texmf-dist/tex/latex/psnfss/courier.sty
Package: courier 2020/03/25 PSNFSS-v9.3 (WaS) 
))
(../../General/acronyms.tex
\c@g@acro@aar@int=\count598
\c@g@acro@adc@int=\count599
\c@g@acro@aes@int=\count600
\c@g@acro@ai@int=\count601
\c@g@acro@aop@int=\count602
\c@g@acro@ap@int=\count603
\c@g@acro@api@int=\count604
\c@g@acro@ARM@int=\count605
\c@g@acro@bc@int=\count606
\c@g@acro@ble@int=\count607
\c@g@acro@bpm@int=\count608
\c@g@acro@bs@int=\count609
\c@g@acro@cad@int=\count610
\c@g@acro@ccd@int=\count611
\c@g@acro@cci@int=\count612
\c@g@acro@ccm@int=\count613
\c@g@acro@CIE@int=\count614
\c@g@acro@cifar@int=\count615
\c@g@acro@cg@int=\count616
\c@g@acro@cli@int=\count617
\c@g@acro@cmos@int=\count618
\c@g@acro@cnc@int=\count619
\c@g@acro@cnn@int=\count620
\c@g@acro@coco@int=\count621
\c@g@acro@cpu@int=\count622
\c@g@acro@csi@int=\count623
\c@g@acro@csp@int=\count624
\c@g@acro@cuda@int=\count625
\c@g@acro@cudnn@int=\count626
\c@g@acro@dac@int=\count627
\c@g@acro@diy@int=\count628
\c@g@acro@dll@int=\count629
\c@g@acro@dma@int=\count630
\c@g@acro@dnn@int=\count631
\c@g@acro@ean@int=\count632
\c@g@acro@ecb@int=\count633
\c@g@acro@emi@int=\count634
\c@g@acro@esp32@int=\count635
\c@g@acro@esp32cam@int=\count636
\c@g@acro@espidf@int=\count637
\c@g@acro@fp32@int=\count638
\c@g@acro@flops@int=\count639
\c@g@acro@fp16@int=\count640
\c@g@acro@fpga@int=\count641
\c@g@acro@fps@int=\count642
\c@g@acro@fpu@int=\count643
\c@g@acro@gnd@int=\count644
\c@g@acro@gpio@int=\count645
\c@g@acro@gpgpu@int=\count646
\c@g@acro@gpu@int=\count647
\c@g@acro@gtin@int=\count648
\c@g@acro@hdmi@int=\count649
\c@g@acro@hr@int=\count650
\c@g@acro@hw@int=\count651
\c@g@acro@hy@int=\count652
\c@g@acro@ic@int=\count653
\c@g@acro@i2c@int=\count654
\c@g@acro@i2s@int=\count655
\c@g@acro@ide@int=\count656
\c@g@acro@imu@int=\count657
\c@g@acro@int8@int=\count658
\c@g@acro@iot@int=\count659
\c@g@acro@ir@int=\count660
\c@g@acro@isbn@int=\count661
\c@g@acro@jst@int=\count662
\c@g@acro@kdd@int=\count663
\c@g@acro@ki@int=\count664
\c@g@acro@knn@int=\count665
\c@g@acro@led@int=\count666
\c@g@acro@mcd@int=\count667
\c@g@acro@MFCC@int=\count668
\c@g@acro@mimd@int=\count669
\c@g@acro@ml@int=\count670
\c@g@acro@mp@int=\count671
\c@g@acro@musb@int=\count672
\c@g@acro@nafc@int=\count673
\c@g@acro@nn@int=\count674
\c@g@acro@nfc@int=\count675
\c@g@acro@NumPy@int=\count676
\c@g@acro@ocr@int=\count677
\c@g@acro@opencl@int=\count678
\c@g@acro@oled@int=\count679
\c@g@acro@ov2640@int=\count680
\c@g@acro@pan@int=\count681
\c@g@acro@pc@int=\count682
\c@g@acro@pcb@int=\count683
\c@g@acro@ppg@int=\count684
\c@g@acro@PIL@int=\count685
\c@g@acro@pdm@int=\count686
\c@g@acro@pla@int=\count687
\c@g@acro@ppa@int=\count688
\c@g@acro@pip@int=\count689
\c@g@acro@pypi@int=\count690
\c@g@acro@pwm@int=\count691
\c@g@acro@qr@int=\count692
\c@g@acro@ram@int=\count693
\c@g@acro@relu@int=\count694
\c@g@acro@resnets@int=\count695
\c@g@acro@rle@int=\count696
\c@g@acro@rgb@int=\count697
\c@g@acro@roi@int=\count698
\c@g@acro@rtos@int=\count699
\c@g@acro@rpc@int=\count700
\c@g@acro@RTOS@int=\count701
\c@g@acro@sd@int=\count702
\c@g@acro@sda@int=\count703
\c@g@acro@sd-1@int=\count704
\c@g@acro@sd-3@int=\count705
\c@g@acro@scl@int=\count706
\c@g@acro@ssh@int=\count707
\c@g@acro@spi@int=\count708
\c@g@acro@sbc@int=\count709
\c@g@acro@simd@int=\count710
\c@g@acro@sm@int=\count711
\c@g@acro@smd@int=\count712
\c@g@acro@sp@int=\count713
\c@g@acro@spp@int=\count714
\c@g@acro@sps@int=\count715
\c@g@acro@sram@int=\count716
\c@g@acro@sw@int=\count717
\c@g@acro@soc@int=\count718
\c@g@acro@tf@int=\count719
\c@g@acro@tfcard@int=\count720
\c@g@acro@tfl@int=\count721
\c@g@acro@tpu@int=\count722
\c@g@acro@uart@int=\count723
\c@g@acro@ui@int=\count724
\c@g@acro@uma@int=\count725
\c@g@acro@upc@int=\count726
\c@g@acro@usb@int=\count727
\c@g@acro@uv@int=\count728
\c@g@acro@vcc@int=\count729
\c@g@acro@venv@int=\count730
\c@g@acro@vin@int=\count731
\c@g@acro@vpu@int=\count732
\c@g@acro@vm@int=\count733
\c@g@acro@vnc@int=\count734
\c@g@acro@vscode@int=\count735
\c@g@acro@wifi@int=\count736
\c@g@acro@wppls@int=\count737
) (../../General/Hyphenations.tex
(c:/texlive/texmf-dist/tex/latex/microtype/microtype.sty
Package: microtype 2025/02/11 v3.2a Micro-typographical refinements (RS)
\MT@toks=\toks65
\MT@tempbox=\box169
\MT@count=\count738
LaTeX Info: Redefining \noprotrusionifhmode on input line 1087.
LaTeX Info: Redefining \leftprotrusion on input line 1088.
\MT@prot@toks=\toks66
LaTeX Info: Redefining \rightprotrusion on input line 1107.
LaTeX Info: Redefining \textls on input line 1449.
\MT@outer@kern=\dimen406
LaTeX Info: Redefining \microtypecontext on input line 2053.
LaTeX Info: Redefining \textmicrotypecontext on input line 2070.
\MT@listname@count=\count739

(c:/texlive/texmf-dist/tex/latex/microtype/microtype-pdftex.def
File: microtype-pdftex.def 2025/02/11 v3.2a Definitions specific to pdftex (RS)

LaTeX Info: Redefining \lsstyle on input line 944.
LaTeX Info: Redefining \lslig on input line 944.
\MT@outer@space=\skip127
)
Package microtype Info: Loading configuration file microtype.cfg.

(c:/texlive/texmf-dist/tex/latex/microtype/microtype.cfg
File: microtype.cfg 2025/02/11 v3.2a microtype main configuration file (RS)
)
LaTeX Info: Redefining \microtypesetup on input line 3065.
))

Package biblatex Warning: 'babel/polyglossia' detected but 'csquotes' missing.
(biblatex)                Loading 'csquotes' recommended.

\@quotelevel=\count740
\@quotereset=\count741
(./Nano33BLESense.aux

LaTeX Warning: Label `fig:ArduinoNano33BLESenseResetButton' multiply defined.


LaTeX Warning: Label `fig:ArduinoNano33BLESenseResetButton@cref' multiply defin
ed.

(./tikz/AufbauSchrittmotor.aux))
\openout1 = `Nano33BLESense.aux'.

LaTeX Font Info:    Checking defaults for OML/cmm/m/it on input line 42.
LaTeX Font Info:    ... okay on input line 42.
LaTeX Font Info:    Checking defaults for OMS/cmsy/m/n on input line 42.
LaTeX Font Info:    ... okay on input line 42.
LaTeX Font Info:    Checking defaults for OT1/cmr/m/n on input line 42.
LaTeX Font Info:    ... okay on input line 42.
LaTeX Font Info:    Checking defaults for T1/cmr/m/n on input line 42.
LaTeX Font Info:    ... okay on input line 42.
LaTeX Font Info:    Checking defaults for TS1/cmr/m/n on input line 42.
LaTeX Font Info:    ... okay on input line 42.
LaTeX Font Info:    Checking defaults for OMX/cmex/m/n on input line 42.
LaTeX Font Info:    ... okay on input line 42.
LaTeX Font Info:    Checking defaults for U/cmr/m/n on input line 42.
LaTeX Font Info:    ... okay on input line 42.
LaTeX Font Info:    Checking defaults for PD1/pdf/m/n on input line 42.
LaTeX Font Info:    ... okay on input line 42.
LaTeX Font Info:    Checking defaults for PU/pdf/m/n on input line 42.
LaTeX Font Info:    ... okay on input line 42.
Package scrbase Info: activating english \partname on input line 42.
Package scrbase Info: activating english \chaptername on input line 42.
Package scrbase Info: activating english \appendixname on input line 42.
Package scrbase Info: activating english \figurename on input line 42.
Package scrbase Info: activating english \tablename on input line 42.
Package scrbase Info: activating english \contentsname on input line 42.
Package scrbase Info: activating english \listfigurename on input line 42.
Package scrbase Info: activating english \listtablename on input line 42.
Package scrbase Info: activating english \bibname on input line 42.
Package scrbase Info: activating english \indexname on input line 42.
Package tocbasic Info: usage of `tocbibind' detected on input line 42.


Package tocbasic Warning: `tocbibind' redefinition of `\tableofcontents'
(tocbasic)                detected.
(tocbasic)                Note: Loading `tocbibind' without option `nottoc'
(tocbasic)                can break several features of `tocbasic'.


Package tocbasic Warning: `tocbibind' redefinition of `\listoffigures'
(tocbasic)                detected.
(tocbasic)                Note: Loading `tocbibind' without option `notlof'
(tocbasic)                can break several features of `tocbasic'.


Package tocbasic Warning: `tocbibind' redefinition of `\listoftables'
(tocbasic)                detected.
(tocbasic)                Note: Loading `tocbibind' without option `notlot'
(tocbasic)                can break several features of `tocbasic'.

*geometry* driver: auto-detecting
*geometry* detected driver: pdftex
*geometry* verbose mode - [ preamble ] result:
* driver: pdftex
* paper: a4paper
* layout: <same size as paper>
* layoutoffset:(h,v)=(0.0pt,0.0pt)
* modes: includehead includefoot twoside 
* h-part:(L,W,R)=(113.81102pt, 369.88583pt, 113.81102pt)
* v-part:(T,H,B)=(56.9055pt, 731.23584pt, 56.9055pt)
* \paperwidth=597.50787pt
* \paperheight=845.04684pt
* \textwidth=369.88583pt
* \textheight=656.23584pt
* \oddsidemargin=41.54103pt
* \evensidemargin=41.54103pt
* \topmargin=-15.36449pt
* \headheight=1.0pt
* \headsep=18.0pt
* \topskip=10.0pt
* \footskip=42.0pt
* \marginparwidth=112.03273pt
* \marginparsep=12.8401pt
* \columnsep=10.0pt
* \skip\footins=9.0pt plus 4.0pt minus 2.0pt
* \hoffset=0.0pt
* \voffset=0.0pt
* \mag=1000
* \@twocolumnfalse
* \@twosidetrue
* \@mparswitchtrue
* \@reversemarginfalse
* (1in=72.27pt=25.4mm, 1cm=28.453pt)

(c:/texlive/texmf-dist/tex/context/base/mkii/supp-pdf.mkii
[Loading MPS to PDF converter (version 2006.09.02).]
\scratchcounter=\count742
\scratchdimen=\dimen407
\scratchbox=\box170
\nofMPsegments=\count743
\nofMParguments=\count744
\everyMPshowfont=\toks67
\MPscratchCnt=\count745
\MPscratchDim=\dimen408
\MPnumerator=\count746
\makeMPintoPDFobject=\count747
\everyMPtoPDFconversion=\toks68
) (c:/texlive/texmf-dist/tex/latex/epstopdf-pkg/epstopdf-base.sty
Package: epstopdf-base 2020-01-24 v2.11 Base part for package epstopdf
Package epstopdf-base Info: Redefining graphics rule for `.eps' on input line 4
85.

(c:/texlive/texmf-dist/tex/latex/latexconfig/epstopdf-sys.cfg
File: epstopdf-sys.cfg 2010/07/13 v1.3 Configuration of (r)epstopdf for TeX Liv
e
))
Package hyperref Info: Link coloring OFF on input line 42.

(./Nano33BLESense.out) (./Nano33BLESense.out)
\@outlinefile=\write7
\openout7 = `Nano33BLESense.out'.

Class scrbook Info: loading recommended package `bookmark'.
(scrbook)           Using `bookmark' together with `hyperref' is recommended,
(scrbook)           because of handling of possible bookmark level gaps.
(scrbook)           You can avoid loading `bookmark' with KOMA-Script option
(scrbook)           `bookmarkpackage=false' before \begin{document} and
(scrbook)           you can avoid this message adding:
(scrbook)             \usepackage{bookmark}
(scrbook)           before \begin{document} on input line 42.

(c:/texlive/texmf-dist/tex/latex/bookmark/bookmark.sty
Package: bookmark 2023-12-10 v1.31 PDF bookmarks (HO)

(c:/texlive/texmf-dist/tex/latex/bookmark/bkm-pdftex.def
File: bkm-pdftex.def 2023-12-10 v1.31 bookmark driver for pdfTeX and luaTeX (HO
)
\BKM@id=\count748
))
\c@lstlisting=\count749
Package tocbasic Info: setting babel extension for `lol' on input line 42.
\scr@dte@lstlisting@maxnumwidth=\skip128
LaTeX Font Info:    Trying to load font information for T1+pcr on input line 42
.

(c:/texlive/texmf-dist/tex/latex/psnfss/t1pcr.fd
File: t1pcr.fd 2001/06/04 font definitions for T1/pcr.
)
LaTeX Font Info:    Font shape `T1/pcr/m/it' in size <10> not available
(Font)              Font shape `T1/pcr/m/sl' tried instead on input line 42.


LaTeX Font Warning: Font shape `T1/pcr/m/scsl' undefined
(Font)              using `T1/pcr/m/sc' instead on input line 42.

LaTeX Font Info:    Font shape `T1/pcr/b/it' in size <10> not available
(Font)              Font shape `T1/pcr/b/sl' tried instead on input line 42.

LaTeX Font Warning: Font shape `T1/pcr/b/scsl' undefined
(Font)              using `T1/pcr/b/sc' instead on input line 42.

LaTeX Font Info:    Font shape `T1/pcr/bx/n' in size <10> not available
(Font)              Font shape `T1/pcr/b/n' tried instead on input line 42.
LaTeX Font Info:    Font shape `T1/pcr/bx/it' in size <10> not available
(Font)              Font shape `T1/pcr/b/it' tried instead on input line 42.
LaTeX Font Info:    Font shape `T1/pcr/b/it' in size <10> not available
(Font)              Font shape `T1/pcr/b/sl' tried instead on input line 42.
LaTeX Font Info:    Font shape `T1/pcr/bx/sl' in size <10> not available
(Font)              Font shape `T1/pcr/b/sl' tried instead on input line 42.

LaTeX Font Warning: Font shape `T1/pcr/bx/scsl' undefined
(Font)              using `T1/pcr/bx/sc' instead on input line 42.

LaTeX Font Info:    Font shape `T1/pcr/bx/sc' in size <10> not available
(Font)              Font shape `T1/pcr/b/sc' tried instead on input line 42.

LaTeX Font Warning: Font shape `T1/pcr/sbx/sc' undefined
(Font)              using `T1/pcr/sb/sc' instead on input line 42.


LaTeX Font Warning: Font shape `T1/pcr/sb/n' undefined
(Font)              using `T1/pcr/m/n' instead on input line 42.


LaTeX Font Warning: Font shape `T1/pcr/sb/it' undefined
(Font)              using `T1/pcr/sb/n' instead on input line 42.


LaTeX Font Warning: Font shape `T1/pcr/sb/sl' undefined
(Font)              using `T1/pcr/sb/it' instead on input line 42.


LaTeX Font Warning: Font shape `T1/pcr/sb/scit' undefined
(Font)              using `T1/pcr/sb/sc' instead on input line 42.


LaTeX Font Warning: Font shape `T1/pcr/sb/sc' undefined
(Font)              using `T1/pcr/sb/n' instead on input line 42.


LaTeX Font Warning: Font shape `T1/pcr/sbc/sc' undefined
(Font)              using `T1/pcr/c/sc' instead on input line 42.


LaTeX Font Warning: Font shape `T1/pcr/c/n' undefined
(Font)              using `T1/pcr/m/n' instead on input line 42.


LaTeX Font Warning: Font shape `T1/pcr/c/it' undefined
(Font)              using `T1/pcr/c/n' instead on input line 42.


LaTeX Font Warning: Font shape `T1/pcr/c/sl' undefined
(Font)              using `T1/pcr/c/it' instead on input line 42.


LaTeX Font Warning: Font shape `T1/pcr/c/scit' undefined
(Font)              using `T1/pcr/c/sc' instead on input line 42.


LaTeX Font Warning: Font shape `T1/pcr/c/sc' undefined
(Font)              using `T1/pcr/c/n' instead on input line 42.


LaTeX Font Warning: Font shape `T1/pcr/lc/sc' undefined
(Font)              using `T1/pcr/l/sc' instead on input line 42.


LaTeX Font Warning: Font shape `T1/pcr/l/n' undefined
(Font)              using `T1/pcr/m/n' instead on input line 42.


LaTeX Font Warning: Font shape `T1/pcr/l/it' undefined
(Font)              using `T1/pcr/l/n' instead on input line 42.


LaTeX Font Warning: Font shape `T1/pcr/l/sl' undefined
(Font)              using `T1/pcr/l/it' instead on input line 42.


LaTeX Font Warning: Font shape `T1/pcr/l/scit' undefined
(Font)              using `T1/pcr/l/sc' instead on input line 42.


LaTeX Font Warning: Font shape `T1/pcr/l/sc' undefined
(Font)              using `T1/pcr/l/n' instead on input line 42.


LaTeX Font Warning: Font shape `T1/pcr/m/ui' undefined
(Font)              using `T1/pcr/m/n' instead on input line 42.


LaTeX Font Warning: Font shape `T1/pcr/bx/ui' undefined
(Font)              using `T1/pcr/bx/n' instead on input line 42.


LaTeX Font Warning: Font shape `T1/pcr/m/In' undefined
(Font)              using `T1/pcr/m/n' instead on input line 42.


(c:/texlive/texmf-dist/tex/latex/translations/translations-basic-dictionary-eng
lish.trsl
File: translations-basic-dictionary-english.trsl (english translation file `tra
nslations-basic-dictionary')
)
Package translations Info: loading dictionary `translations-basic-dictionary' f
or `english'. on input line 42.
Package caption Info: Begin \AtBeginDocument code.
Package caption Info: longtable package is loaded.
 (c:/texlive/texmf-dist/tex/latex/caption/ltcaption.sty
Package: ltcaption 2021/01/08 v1.4c longtable captions (AR)
)
Package caption Info: rotating package is loaded.
Package caption Info: End \AtBeginDocument code.
Package biblatex Info: Trying to load language 'english'...
Package biblatex Info: ... file 'english.lbx' found.

(c:/texlive/texmf-dist/tex/latex/biblatex/lbx/english.lbx
File: english.lbx 2024/03/21 v3.20 biblatex localization (PK/MW)
)
Package biblatex Info: Input encoding 'utf8' detected.
Package biblatex Info: Automatic encoding selection.
(biblatex)             Assuming data encoding 'utf8'.
Package biblatex Info: Input encoding 'ascii' forced by
(biblatex)             'safeinputenc' option.
Package biblatex Info: Input encoding 'utf8' detected.
Package biblatex Info: Data encoding 'utf8' specified.
(biblatex)             No need to reencode data.
Package biblatex Info: Input encoding 'ascii' forced by
(biblatex)             'safeinputenc' option.
\openout4 = `Nano33BLESense-blx.bib'.

Package biblatex Info: Trying to load bibliographic data...
Package biblatex Info: ... file 'Nano33BLESense.bbl' found.

(./Nano33BLESense.bbl

Package biblatex Warning: BibTeX reported the following issues
(biblatex)                with 'AT.2015':
(biblatex)                - Invalid format of field 'urldate'.


Package biblatex Warning: BibTeX reported the following issues
(biblatex)                with 'Basler:2016':
(biblatex)                - Invalid format of field 'urldate'.


Package biblatex Warning: BibTeX reported the following issues
(biblatex)                with 'FaulhaberDriveSystems.2020':
(biblatex)                - Invalid format of field 'urldate'.


Package biblatex Warning: BibTeX reported the following issues
(biblatex)                with 'NEMA17':
(biblatex)                - Invalid format of field 'urldate'.


Package biblatex Warning: BibTeX reported the following issues
(biblatex)                with 'NrdSem3.2023':
(biblatex)                - Invalid format of field 'urldate'.


Package biblatex Warning: BibTeX reported the following issues
(biblatex)                with 'NrdSem4.2024':
(biblatex)                - Invalid format of field 'urldate'.


Package biblatex Warning: BibTeX reported the following issues
(biblatex)                with 'NrdSem2.2024':
(biblatex)                - Invalid format of field 'urldate'.


Package biblatex Warning: BibTeX reported the following issues
(biblatex)                with 'NrdSem.2024':
(biblatex)                - Invalid format of field 'urldate'.


Package biblatex Warning: BibTeX reported the following issues
(biblatex)                with 'PetrFilipi.2022':
(biblatex)                - Invalid format of field 'urldate'.


Package biblatex Warning: BibTeX reported the following issues
(biblatex)                with 'LM393.2':
(biblatex)                - Invalid format of field 'urldate'.


Package biblatex Warning: BibTeX reported the following issues
(biblatex)                with 'OLED.1':
(biblatex)                - Invalid format of field 'urldate'.


Package biblatex Warning: BibTeX reported the following issues
(biblatex)                with 'OLED.2':
(biblatex)                - Invalid format of field 'urldate'.


Package biblatex Warning: BibTeX reported the following issues
(biblatex)                with 'LM393.3':
(biblatex)                - Invalid format of field 'urldate'.


Package biblatex Warning: BibTeX reported the following issues
(biblatex)                with 'Goethel':
(biblatex)                - Invalid format of field 'urldate'.


Package biblatex Warning: BibTeX reported the following issues
(biblatex)                with 'Simac:2019c':
(biblatex)                - Invalid format of field 'urldate'.


Package biblatex Warning: BibTeX reported the following issues
(biblatex)                with 'Stoffregen:2024':
(biblatex)                - Invalid format of field 'urldate'.


Package biblatex Warning: BibTeX reported the following issues
(biblatex)                with 'DRV8825.2':
(biblatex)                - Invalid format of field 'urldate'.


Package biblatex Warning: BibTeX reported the following issues
(biblatex)                with 'DRV8825.1':
(biblatex)                - Invalid format of field 'urldate'.


Package biblatex Warning: BibTeX reported the following issues
(biblatex)                with 'LM393.1':
(biblatex)                - Invalid format of field 'urldate'.

)
Package biblatex Info: Reference section=0 on input line 42.
Package biblatex Info: Reference segment=0 on input line 42.
Package newfloat Info: `float' package detected.


Package pgfplots Warning: running in backwards compatibility mode (unsuitable t
ick labels; missing features). Consider writing \pgfplotsset{compat=1.18} into 
your preamble.
 on input line 42.

Package microtype Info: Patching varwidth to enable character protrusion.
\MT@vwid@leftmargin=\dimen409
\MT@vwid@rightmargin=\dimen410
LaTeX Info: Redefining \microtypecontext on input line 42.
Package microtype Info: Applying patch `item' on input line 42.
Package microtype Info: Applying patch `toc' on input line 42.
Package microtype Info: Applying patch `eqnum' on input line 42.
Package microtype Info: Applying patch `footnote' on input line 42.
Package microtype Info: Applying patch `verbatim' on input line 42.
LaTeX Info: Redefining \microtypesetup on input line 42.
Package microtype Info: Generating PDF output.
Package microtype Info: Character protrusion enabled (level 2).
Package microtype Info: Using default protrusion set `alltext'.
Package microtype Info: Automatic font expansion enabled (level 2),
(microtype)             stretch: 20, shrink: 20, step: 1, non-selected.
Package microtype Info: Using default expansion set `alltext-nott'.
LaTeX Info: Redefining \showhyphens on input line 42.
Package microtype Info: No adjustment of tracking.
Package microtype Info: No adjustment of interword spacing.
Package microtype Info: No adjustment of character kerning.
Package microtype Info: Redefining babel's language switching commands.
(c:/texlive/texmf-dist/tex/latex/microtype/mt-cmr.cfg
File: mt-cmr.cfg 2013/05/19 v2.2 microtype config. file: Computer Modern Roman 
(RS)
)
(../../Contents/Nano33BLESense/Titelseite.tex
<../../Images/Allgemein/LogoHochschule.png, id=31, 390.45876pt x 129.48375pt>
File: ../../Images/Allgemein/LogoHochschule.png Graphic file (type png)
<use ../../Images/Allgemein/LogoHochschule.png>
Package pdftex.def Info: ../../Images/Allgemein/LogoHochschule.png  used on inp
ut line 31.
(pdftex.def)             Requested size: 284.53801pt x 113.81563pt.

Overfull \hbox (58.24815pt too wide) in paragraph at lines 31--32
[] []\T1/lmr/m/n/10 (-20) ; 
 []

<../../Images/Allgemein/Schrittmotor.jpg, id=32, 1606.0pt x 1204.5pt>
File: ../../Images/Allgemein/Schrittmotor.jpg Graphic file (type jpg)
<use ../../Images/Allgemein/Schrittmotor.jpg>
Package pdftex.def Info: ../../Images/Allgemein/Schrittmotor.jpg  used on input
 line 35.
(pdftex.def)             Requested size: 369.88583pt x 277.41513pt.
LaTeX Font Info:    Trying to load font information for T1+lmss on input line 4
4.
(c:/texlive/texmf-dist/tex/latex/lm/t1lmss.fd
File: t1lmss.fd 2015/05/01 v1.6.1 Font defs for Latin Modern
)
Package microtype Info: Loading generic protrusion settings for font family
(microtype)             `lmss' (encoding: T1).
(microtype)             For optimal results, create family-specific settings.
(microtype)             See the microtype manual for details.

Overfull \hbox (55.7657pt too wide) in paragraph at lines 39--50
[] []
 []


Underfull \hbox (badness 10000) in paragraph at lines 39--50

 []

LaTeX Font Info:    Trying to load font information for OT1+lmr on input line 6
1.
(c:/texlive/texmf-dist/tex/latex/lm/ot1lmr.fd
File: ot1lmr.fd 2015/05/01 v1.6.1 Font defs for Latin Modern
)
LaTeX Font Info:    Trying to load font information for OML+lmm on input line 6
1.

(c:/texlive/texmf-dist/tex/latex/lm/omllmm.fd
File: omllmm.fd 2015/05/01 v1.6.1 Font defs for Latin Modern
)
LaTeX Font Info:    Trying to load font information for OMS+lmsy on input line 
61.

(c:/texlive/texmf-dist/tex/latex/lm/omslmsy.fd
File: omslmsy.fd 2015/05/01 v1.6.1 Font defs for Latin Modern
)
LaTeX Font Info:    Trying to load font information for OMX+lmex on input line 
61.

(c:/texlive/texmf-dist/tex/latex/lm/omxlmex.fd
File: omxlmex.fd 2015/05/01 v1.6.1 Font defs for Latin Modern
)
LaTeX Font Info:    External font `lmex10' loaded for size
(Font)              <10> on input line 61.
LaTeX Font Info:    External font `lmex10' loaded for size
(Font)              <7> on input line 61.
LaTeX Font Info:    External font `lmex10' loaded for size
(Font)              <5> on input line 61.
LaTeX Font Info:    Trying to load font information for U+msa on input line 61.


(c:/texlive/texmf-dist/tex/latex/amsfonts/umsa.fd
File: umsa.fd 2013/01/14 v3.01 AMS symbols A
)
(c:/texlive/texmf-dist/tex/latex/microtype/mt-msa.cfg
File: mt-msa.cfg 2006/02/04 v1.1 microtype config. file: AMS symbols (a) (RS)
)
LaTeX Font Info:    Trying to load font information for U+msb on input line 61.


(c:/texlive/texmf-dist/tex/latex/amsfonts/umsb.fd
File: umsb.fd 2013/01/14 v3.01 AMS symbols B
)
(c:/texlive/texmf-dist/tex/latex/microtype/mt-msb.cfg
File: mt-msb.cfg 2005/06/01 v1.0 microtype config. file: AMS symbols (b) (RS)
)
LaTeX Font Info:    Trying to load font information for U+rsfs on input line 61
.

(c:/texlive/texmf-dist/tex/latex/jknapltx/ursfs.fd
File: ursfs.fd 1998/03/24 rsfs font definition file (jk)
)

[1



{c:/texlive/texmf-var/fonts/map/pdftex/updmap/pdftex.map}{c:/texlive/texmf-dist
/fonts/enc/dvips/lm/lm-ec.enc} <../../Images/Allgemein/LogoHochschule.png> <../
../Images/Allgemein/Schrittmotor.jpg>])

[2


] (./Nano33BLESense.toc
Package microtype Info: Loading generic protrusion settings for font family
(microtype)             `pcr' (encoding: T1).
(microtype)             For optimal results, create family-specific settings.
(microtype)             See the microtype manual for details.


[3{c:/texlive/texmf-dist/fonts/enc/dvips/base/8r.enc}]
LaTeX Font Info:    Trying to load font information for TS1+lmr on input line 4
5.

(c:/texlive/texmf-dist/tex/latex/lm/ts1lmr.fd
File: ts1lmr.fd 2015/05/01 v1.6.1 Font defs for Latin Modern
)


Package fancyhdr Warning: \headheight is too small (1.0pt): 
(fancyhdr)                Make it at least 12.0pt, for example:
(fancyhdr)                \setlength{\headheight}{12.0pt}.
(fancyhdr)                You might also make \topmargin smaller:
(fancyhdr)                \addtolength{\topmargin}{-11.0pt}.

[4{c:/texlive/texmf-dist/fonts/enc/dvips/lm/lm-ts1.enc}])
\tf@toc=\write8
\openout8 = `Nano33BLESense.toc'.




Package fancyhdr Warning: \headheight is too small (1.0pt): 
(fancyhdr)                Make it at least 12.0pt, for example:
(fancyhdr)                \setlength{\headheight}{12.0pt}.
(fancyhdr)                You might also make \topmargin smaller:
(fancyhdr)                \addtolength{\topmargin}{-11.0pt}.

[5]

[6


] (./Nano33BLESense.lof)
\tf@lof=\write9
\openout9 = `Nano33BLESense.lof'.



[7


]

[8


] (./Nano33BLESense.locode)
\tf@locode=\write10
\openout10 = `Nano33BLESense.locode'.



[9


]

[10


] (../../Contents/General/en/Acronymlist.tex)

[11


]

[12


] (../../Contents/General/Projektbeschreibung.tex
chapter 1.
Package biblatex Info: Reference segment=1 on input line 12.
Package biblatex Info: Setting label 'refsegment:01' on input line 12.
Package biblatex Info: Reference segment=2 on input line 16.
Package biblatex Info: Setting label 'refsegment:02' on input line 16.
Package biblatex Info: Reference segment=3 on input line 20.
Package biblatex Info: Setting label 'refsegment:03' on input line 20.
Package biblatex Info: Reference segment=4 on input line 55.
Package biblatex Info: Setting label 'refsegment:04' on input line 55.
)

[13


]


Package fancyhdr Warning: \headheight is too small (1.0pt): 
(fancyhdr)                Make it at least 12.0pt, for example:
(fancyhdr)                \setlength{\headheight}{12.0pt}.
(fancyhdr)                You might also make \topmargin smaller:
(fancyhdr)                \addtolength{\topmargin}{-11.0pt}.

[14]
part I.
Package scrkbase Info: You've told me to use the font selection of the element
(scrkbase)             `partprefix' that is an alias of element `partnumber'
(scrkbase)              on input line 68.


[15


]

[16] (../../Contents/General/ArduinoIDE2.tex
chapter 2.
Package biblatex Info: Reference segment=5 on input line 24.
Package biblatex Info: Setting label 'refsegment:05' on input line 24.
<../../Images/Arduino/ArdiunoIDE2/menuboard.png, id=391, 959.585pt x 51.69313pt
>
File: ../../Images/Arduino/ArdiunoIDE2/menuboard.png Graphic file (type png)
<use ../../Images/Arduino/ArdiunoIDE2/menuboard.png>
Package pdftex.def Info: ../../Images/Arduino/ArdiunoIDE2/menuboard.png  used o
n input line 37.
(pdftex.def)             Requested size: 369.88583pt x 19.92596pt.

Package caption Warning: The option `hypcap=true' will be ignored for this
(caption)                particular \caption on input line 39.
See the caption package documentation for explanation.

Package biblatex Info: Reference segment=6 on input line 53.
Package biblatex Info: Setting label 'refsegment:06' on input line 53.
Package biblatex Info: Reference segment=7 on input line 59.
Package biblatex Info: Setting label 'refsegment:07' on input line 59.


[17


 <../../Images/Arduino/ArdiunoIDE2/menuboard.png>]
<../../Images/Arduino/ArdiunoIDE2/ide2Overview.png, id=403, 893.3375pt x 502.87
875pt>
File: ../../Images/Arduino/ArdiunoIDE2/ide2Overview.png Graphic file (type png)

<use ../../Images/Arduino/ArdiunoIDE2/ide2Overview.png>
Package pdftex.def Info: ../../Images/Arduino/ArdiunoIDE2/ide2Overview.png  use
d on input line 76.
(pdftex.def)             Requested size: 369.88583pt x 208.21504pt.


Package caption Warning: The option `hypcap=true' will be ignored for this
(caption)                particular \caption on input line 77.
See the caption package documentation for explanation.

Package biblatex Info: Reference segment=8 on input line 81.
Package biblatex Info: Setting label 'refsegment:08' on input line 81.



Package fancyhdr Warning: \headheight is too small (1.0pt): 
(fancyhdr)                Make it at least 12.0pt, for example:
(fancyhdr)                \setlength{\headheight}{12.0pt}.
(fancyhdr)                You might also make \topmargin smaller:
(fancyhdr)                \addtolength{\topmargin}{-11.0pt}.

[18 <../../Images/Arduino/ArdiunoIDE2/ide2Overview.png>]
<../../Images/Arduino/ArdiunoIDE2/localSketchbook.png, id=412, 893.3375pt x 501
.875pt>
File: ../../Images/Arduino/ArdiunoIDE2/localSketchbook.png Graphic file (type p
ng)
<use ../../Images/Arduino/ArdiunoIDE2/localSketchbook.png>
Package pdftex.def Info: ../../Images/Arduino/ArdiunoIDE2/localSketchbook.png  
used on input line 92.
(pdftex.def)             Requested size: 258.91895pt x 145.46344pt.


Package caption Warning: The option `hypcap=true' will be ignored for this
(caption)                particular \caption on input line 93.
See the caption package documentation for explanation.

<../../Images/Arduino/ArdiunoIDE2/boardManager.png, id=414, 893.3375pt x 502.87
875pt>
File: ../../Images/Arduino/ArdiunoIDE2/boardManager.png Graphic file (type png)

<use ../../Images/Arduino/ArdiunoIDE2/boardManager.png>
Package pdftex.def Info: ../../Images/Arduino/ArdiunoIDE2/boardManager.png  use
d on input line 106.
(pdftex.def)             Requested size: 258.91895pt x 145.75436pt.

Package caption Warning: The option `hypcap=true' will be ignored for this
(caption)                particular \caption on input line 107.
See the caption package documentation for explanation.


Overfull \hbox (13.83598pt too wide) in paragraph at lines 112--113
\T1/lmr/m/n/10 (-20) Der Li^^?brary Man^^?ager ist über fol^^?gen^^?den Pfad in
 der IDE er^^?re^^?ich^^?bar: []  []. 
 []




Package fancyhdr Warning: \headheight is too small (1.0pt): 
(fancyhdr)                Make it at least 12.0pt, for example:
(fancyhdr)                \setlength{\headheight}{12.0pt}.
(fancyhdr)                You might also make \topmargin smaller:
(fancyhdr)                \addtolength{\topmargin}{-11.0pt}.

[19 <../../Images/Arduino/ArdiunoIDE2/localSketchbook.png> <../../Images/Arduin
o/ArdiunoIDE2/boardManager.png>]
<../../Images/Arduino/ArdiunoIDE2/libraryManager.png, id=425, 893.3375pt x 502.
87875pt>
File: ../../Images/Arduino/ArdiunoIDE2/libraryManager.png Graphic file (type pn
g)
<use ../../Images/Arduino/ArdiunoIDE2/libraryManager.png>
Package pdftex.def Info: ../../Images/Arduino/ArdiunoIDE2/libraryManager.png  u
sed on input line 118.
(pdftex.def)             Requested size: 258.91895pt x 145.75436pt.


Package caption Warning: The option `hypcap=true' will be ignored for this
(caption)                particular \caption on input line 119.
See the caption package documentation for explanation.

Package biblatex Info: Reference segment=9 on input line 124.
Package biblatex Info: Setting label 'refsegment:09' on input line 124.
<../../Images/Arduino/ArdiunoIDE2/examplesketches.png, id=426, 446.66875pt x 28
9.58188pt>
File: ../../Images/Arduino/ArdiunoIDE2/examplesketches.png Graphic file (type p
ng)
<use ../../Images/Arduino/ArdiunoIDE2/examplesketches.png>
Package pdftex.def Info: ../../Images/Arduino/ArdiunoIDE2/examplesketches.png  
used on input line 130.
(pdftex.def)             Requested size: 258.91895pt x 167.8648pt.

Package caption Warning: The option `hypcap=true' will be ignored for this
(caption)                particular \caption on input line 131.
See the caption package documentation for explanation.

Package biblatex Info: Reference segment=10 on input line 139.
Package biblatex Info: Setting label 'refsegment:010' on input line 139.
)


Package fancyhdr Warning: \headheight is too small (1.0pt): 
(fancyhdr)                Make it at least 12.0pt, for example:
(fancyhdr)                \setlength{\headheight}{12.0pt}.
(fancyhdr)                You might also make \topmargin smaller:
(fancyhdr)                \addtolength{\topmargin}{-11.0pt}.

[20 <../../Images/Arduino/ArdiunoIDE2/libraryManager.png> <../../Images/Arduino
/ArdiunoIDE2/examplesketches.png>]
(../../Contents/General/ArduinoIDESetupNano33.tex


Package fancyhdr Warning: \headheight is too small (1.0pt): 
(fancyhdr)                Make it at least 12.0pt, for example:
(fancyhdr)                \setlength{\headheight}{12.0pt}.
(fancyhdr)                You might also make \topmargin smaller:
(fancyhdr)                \addtolength{\topmargin}{-11.0pt}.

[21]

[22


]
chapter 3.
Package biblatex Info: Reference segment=11 on input line 17.
Package biblatex Info: Setting label 'refsegment:011' on input line 17.
Package biblatex Info: Reference segment=12 on input line 30.
Package biblatex Info: Setting label 'refsegment:012' on input line 30.
<../../Images/Arduino/ArdiunoIDE2/boardmanager1.png, id=445, 739.26187pt x 450.
18187pt>
File: ../../Images/Arduino/ArdiunoIDE2/boardmanager1.png Graphic file (type png
)
<use ../../Images/Arduino/ArdiunoIDE2/boardmanager1.png>
Package pdftex.def Info: ../../Images/Arduino/ArdiunoIDE2/boardmanager1.png  us
ed on input line 46.
(pdftex.def)             Requested size: 227.62204pt x 138.61385pt.

Package caption Warning: The option `hypcap=true' will be ignored for this
(caption)                particular \caption on input line 55.
See the caption package documentation for explanation.



[23]
<../../Images/Arduino/ArdiunoIDE2/SelectTheConnectedBoardArduinoNano33BLESense.
png, id=458, 1440.13031pt x 772.38562pt>
File: ../../Images/Arduino/ArdiunoIDE2/SelectTheConnectedBoardArduinoNano33BLES
ense.png Graphic file (type png)
<use ../../Images/Arduino/ArdiunoIDE2/SelectTheConnectedBoardArduinoNano33BLESe
nse.png>
Package pdftex.def Info: ../../Images/Arduino/ArdiunoIDE2/SelectTheConnectedBoa
rdArduinoNano33BLESense.png  used on input line 80.
(pdftex.def)             Requested size: 227.62204pt x 122.07565pt.
<../../Images/Arduino/ArdiunoIDE2/resetbutton.png, id=460, 283.0575pt x 439.642
5pt>
File: ../../Images/Arduino/ArdiunoIDE2/resetbutton.png Graphic file (type png)
<use ../../Images/Arduino/ArdiunoIDE2/resetbutton.png>
Package pdftex.def Info: ../../Images/Arduino/ArdiunoIDE2/resetbutton.png  used
 on input line 95.
(pdftex.def)             Requested size: 227.62204pt x 353.55257pt.


Package caption Warning: The option `hypcap=true' will be ignored for this
(caption)                particular \caption on input line 100.
See the caption package documentation for explanation.


Underfull \vbox (badness 1127) has occurred while \output is active []




Package fancyhdr Warning: \headheight is too small (1.0pt): 
(fancyhdr)                Make it at least 12.0pt, for example:
(fancyhdr)                \setlength{\headheight}{12.0pt}.
(fancyhdr)                You might also make \topmargin smaller:
(fancyhdr)                \addtolength{\topmargin}{-11.0pt}.

[24 <../../Images/Arduino/ArdiunoIDE2/boardmanager1.png> <../../Images/Arduino/
ArdiunoIDE2/SelectTheConnectedBoardArduinoNano33BLESense.png>]
File: ../../Images/Arduino/ArdiunoIDE2/resetbutton.png Graphic file (type png)
<use ../../Images/Arduino/ArdiunoIDE2/resetbutton.png>
Package pdftex.def Info: ../../Images/Arduino/ArdiunoIDE2/resetbutton.png  used
 on input line 110.
(pdftex.def)             Requested size: 227.62204pt x 353.55257pt.


Package caption Warning: The option `hypcap=true' will be ignored for this
(caption)                particular \caption on input line 121.
See the caption package documentation for explanation.


Underfull \vbox (badness 10000) has occurred while \output is active []




Package fancyhdr Warning: \headheight is too small (1.0pt): 
(fancyhdr)                Make it at least 12.0pt, for example:
(fancyhdr)                \setlength{\headheight}{12.0pt}.
(fancyhdr)                You might also make \topmargin smaller:
(fancyhdr)                \addtolength{\topmargin}{-11.0pt}.

[25 <../../Images/Arduino/ArdiunoIDE2/resetbutton.png>]
<../../Images/Arduino/ArdiunoIDE2/SelectAvailablePortForUploadingArduinoSketch.
png, id=481, 1440.13031pt x 776.14969pt>
File: ../../Images/Arduino/ArdiunoIDE2/SelectAvailablePortForUploadingArduinoSk
etch.png Graphic file (type png)
<use ../../Images/Arduino/ArdiunoIDE2/SelectAvailablePortForUploadingArduinoSke
tch.png>
Package pdftex.def Info: ../../Images/Arduino/ArdiunoIDE2/SelectAvailablePortFo
rUploadingArduinoSketch.png  used on input line 130.
(pdftex.def)             Requested size: 227.62204pt x 122.67056pt.



Package fancyhdr Warning: \headheight is too small (1.0pt): 
(fancyhdr)                Make it at least 12.0pt, for example:
(fancyhdr)                \setlength{\headheight}{12.0pt}.
(fancyhdr)                You might also make \topmargin smaller:
(fancyhdr)                \addtolength{\topmargin}{-11.0pt}.

[26 <../../Images/Arduino/ArdiunoIDE2/SelectAvailablePortForUploadingArduinoSke
tch.png>]
<../../Images/Arduino/ArdiunoIDE2/UploadTheProgramInArduinoBoard.png, id=489, 1
445.4pt x 775.39688pt>
File: ../../Images/Arduino/ArdiunoIDE2/UploadTheProgramInArduinoBoard.png Graph
ic file (type png)
<use ../../Images/Arduino/ArdiunoIDE2/UploadTheProgramInArduinoBoard.png>
Package pdftex.def Info: ../../Images/Arduino/ArdiunoIDE2/UploadTheProgramInArd
uinoBoard.png  used on input line 146.
(pdftex.def)             Requested size: 227.62204pt x 122.10199pt.
<../../Images/Arduino/ArdiunoIDE2/SettingThePort.png, id=490, 1440.13031pt x 77
4.64406pt>
File: ../../Images/Arduino/ArdiunoIDE2/SettingThePort.png Graphic file (type pn
g)
<use ../../Images/Arduino/ArdiunoIDE2/SettingThePort.png>
Package pdftex.def Info: ../../Images/Arduino/ArdiunoIDE2/SettingThePort.png  u
sed on input line 154.
(pdftex.def)             Requested size: 227.62204pt x 122.4326pt.
Package biblatex Info: Reference segment=13 on input line 159.
Package biblatex Info: Setting label 'refsegment:013' on input line 159.


Package hyperref Warning: Token not allowed in a PDF string (Unicode):
(hyperref)                removing `\fontdimen' on input line 163.


Package hyperref Warning: Token not allowed in a PDF string (Unicode):
(hyperref)                removing `\font' on input line 163.


Package hyperref Warning: Token not allowed in a PDF string (Unicode):
(hyperref)                removing `\fontdimen' on input line 163.


Package hyperref Warning: Token not allowed in a PDF string (Unicode):
(hyperref)                removing `\font' on input line 163.


Package hyperref Warning: Token not allowed in a PDF string (Unicode):
(hyperref)                removing `\fontdimen' on input line 163.


Package hyperref Warning: Token not allowed in a PDF string (Unicode):
(hyperref)                removing `\font' on input line 163.


Package hyperref Warning: Token not allowed in a PDF string (Unicode):
(hyperref)                removing `\fontdimen' on input line 163.


Package hyperref Warning: Token not allowed in a PDF string (Unicode):
(hyperref)                removing `\font' on input line 163.


Package hyperref Warning: Token not allowed in a PDF string (Unicode):
(hyperref)                removing `\hyphenchar' on input line 163.


Package hyperref Warning: Token not allowed in a PDF string (Unicode):
(hyperref)                removing `\font' on input line 163.




Package fancyhdr Warning: \headheight is too small (1.0pt): 
(fancyhdr)                Make it at least 12.0pt, for example:
(fancyhdr)                \setlength{\headheight}{12.0pt}.
(fancyhdr)                You might also make \topmargin smaller:
(fancyhdr)                \addtolength{\topmargin}{-11.0pt}.

[27 <../../Images/Arduino/ArdiunoIDE2/UploadTheProgramInArduinoBoard.png> <../.
./Images/Arduino/ArdiunoIDE2/SettingThePort.png>]
<../../Images/Arduino/ArdiunoIDE2/blink_example_IDE2.3.3.png, id=502, 1031.3531
2pt x 695.59875pt>
File: ../../Images/Arduino/ArdiunoIDE2/blink_example_IDE2.3.3.png Graphic file 
(type png)
<use ../../Images/Arduino/ArdiunoIDE2/blink_example_IDE2.3.3.png>
Package pdftex.def Info: ../../Images/Arduino/ArdiunoIDE2/blink_example_IDE2.3.
3.png  used on input line 183.
(pdftex.def)             Requested size: 227.62204pt x 153.52043pt.


Package caption Warning: The option `hypcap=true' will be ignored for this
(caption)                particular \caption on input line 184.
See the caption package documentation for explanation.

<../../Images/Arduino/ArdiunoIDE2/ledblink_code.png, id=503, 1271.24937pt x 717
.17938pt>
File: ../../Images/Arduino/ArdiunoIDE2/ledblink_code.png Graphic file (type png
)
<use ../../Images/Arduino/ArdiunoIDE2/ledblink_code.png>
Package pdftex.def Info: ../../Images/Arduino/ArdiunoIDE2/ledblink_code.png  us
ed on input line 190.
(pdftex.def)             Requested size: 227.62204pt x 128.40823pt.

Package caption Warning: The option `hypcap=true' will be ignored for this
(caption)                particular \caption on input line 191.
See the caption package documentation for explanation.

)


Package fancyhdr Warning: \headheight is too small (1.0pt): 
(fancyhdr)                Make it at least 12.0pt, for example:
(fancyhdr)                \setlength{\headheight}{12.0pt}.
(fancyhdr)                You might also make \topmargin smaller:
(fancyhdr)                \addtolength{\topmargin}{-11.0pt}.

[28 <../../Images/Arduino/ArdiunoIDE2/blink_example_IDE2.3.3.png> <../../Images
/Arduino/ArdiunoIDE2/ledblink_code.png>]
part II.
Package scrkbase Info: You've told me to use the font selection of the element
(scrkbase)             `partprefix' that is an alias of element `partnumber'
(scrkbase)              on input line 82.


[29


]

[30] (../../Contents/Nano33BLESense/HardwarebeschreibungArduino.tex
chapter 4.

Package caption Warning: The type was already set to `figure'
(caption)                 on input line 57.
See the caption package documentation for explanation.

Package biblatex Info: Reference segment=14 on input line 60.
Package biblatex Info: Setting label 'refsegment:014' on input line 60.
Package biblatex Info: Reference segment=15 on input line 71.
Package biblatex Info: Setting label 'refsegment:015' on input line 71.


[31


]

LaTeX Warning: Citation 'Lienig.2012' on page 32 undefined on input line 77.


Underfull \vbox (badness 1231) has occurred while \output is active []




Package fancyhdr Warning: \headheight is too small (1.0pt): 
(fancyhdr)                Make it at least 12.0pt, for example:
(fancyhdr)                \setlength{\headheight}{12.0pt}.
(fancyhdr)                You might also make \topmargin smaller:
(fancyhdr)                \addtolength{\topmargin}{-11.0pt}.

[32{c:/texlive/texmf-dist/fonts/enc/dvips/lm/lm-mathit.enc}]
Package biblatex Info: Reference segment=16 on input line 108.
Package biblatex Info: Setting label 'refsegment:016' on input line 108.



Package fancyhdr Warning: \headheight is too small (1.0pt): 
(fancyhdr)                Make it at least 12.0pt, for example:
(fancyhdr)                \setlength{\headheight}{12.0pt}.
(fancyhdr)                You might also make \topmargin smaller:
(fancyhdr)                \addtolength{\topmargin}{-11.0pt}.

[33{c:/texlive/texmf-dist/fonts/enc/dvips/lm/lm-rm.enc}{c:/texlive/texmf-dist/f
onts/enc/dvips/lm/lm-mathsy.enc}]
Overfull \hbox (4.22011pt too wide) in paragraph at lines 179--180
[][] 
 []

LaTeX Font Info:    External font `lmex10' loaded for size
(Font)              <12> on input line 184.
LaTeX Font Info:    External font `lmex10' loaded for size
(Font)              <8> on input line 184.
LaTeX Font Info:    External font `lmex10' loaded for size
(Font)              <6> on input line 184.

Package hyperref Warning: Token not allowed in a PDF string (Unicode):
(hyperref)                removing `\mathsurround' on input line 184.


Package hyperref Warning: Token not allowed in a PDF string (Unicode):
(hyperref)                removing `\z@' on input line 184.


Package hyperref Warning: Token not allowed in a PDF string (Unicode):
(hyperref)                removing `superscript' on input line 184.




Package fancyhdr Warning: \headheight is too small (1.0pt): 
(fancyhdr)                Make it at least 12.0pt, for example:
(fancyhdr)                \setlength{\headheight}{12.0pt}.
(fancyhdr)                You might also make \topmargin smaller:
(fancyhdr)                \addtolength{\topmargin}{-11.0pt}.

[34]
LaTeX Font Info:    Trying to load font information for TS1+lmss on input line 
192.
 (c:/texlive/texmf-dist/tex/latex/lm/ts1lmss.fd
File: ts1lmss.fd 2015/05/01 v1.6.1 Font defs for Latin Modern
)
Package microtype Info: Loading generic protrusion settings for font family
(microtype)             `lmss' (encoding: TS1).
(microtype)             For optimal results, create family-specific settings.
(microtype)             See the microtype manual for details.

Overfull \hbox (5.66754pt too wide) in paragraph at lines 202--203
\T1/lmr/m/n/10 (-20) zwis^^?chen ver^^?schiede^^?nen Spe^^?icher^^?bere^^?ichen
, ohne dabei die CPU zu be^^?las^^?ten.[[]GW22[]] 
 []




Package fancyhdr Warning: \headheight is too small (1.0pt): 
(fancyhdr)                Make it at least 12.0pt, for example:
(fancyhdr)                \setlength{\headheight}{12.0pt}.
(fancyhdr)                You might also make \topmargin smaller:
(fancyhdr)                \addtolength{\topmargin}{-11.0pt}.

[35]
Overfull \hbox (2.91986pt too wide) in paragraph at lines 214--215
\T1/lmr/m/n/10 (-20) Die Pla^^?tine hat zusät^^?zlich 8 analoge Ein^^?gangspins
 (A0-A7), die wiederum als Analog-Dig^^?
 []


Overfull \hbox (5.12492pt too wide) in paragraph at lines 236--237
[]\T1/lmr/m/n/10 (-20) Programmierbare Pow^^?er-LED (grün): Zeigt an, dass das 
Ar^^?duino-Board eingeschal^^?
 []

Package biblatex Info: Reference segment=17 on input line 242.
Package biblatex Info: Setting label 'refsegment:017' on input line 242.



Package fancyhdr Warning: \headheight is too small (1.0pt): 
(fancyhdr)                Make it at least 12.0pt, for example:
(fancyhdr)                \setlength{\headheight}{12.0pt}.
(fancyhdr)                You might also make \topmargin smaller:
(fancyhdr)                \addtolength{\topmargin}{-11.0pt}.

[36]
Package biblatex Info: Reference segment=18 on input line 246.
Package biblatex Info: Setting label 'refsegment:018' on input line 246.
)


Package fancyhdr Warning: \headheight is too small (1.0pt): 
(fancyhdr)                Make it at least 12.0pt, for example:
(fancyhdr)                \setlength{\headheight}{12.0pt}.
(fancyhdr)                You might also make \topmargin smaller:
(fancyhdr)                \addtolength{\topmargin}{-11.0pt}.

[37]

[38


]
part III.
Package scrkbase Info: You've told me to use the font selection of the element
(scrkbase)             `partprefix' that is an alias of element `partnumber'
(scrkbase)              on input line 92.


[39]

[40] (../../Contents/General/Schrittmotor.tex
chapter 5.
Package biblatex Info: Reference segment=19 on input line 16.
Package biblatex Info: Setting label 'refsegment:019' on input line 16.
\openout2 = `tikz/AufbauSchrittmotor.aux'.

(./tikz/AufbauSchrittmotor.tex
LaTeX Font Info:    External font `lmex10' loaded for size
(Font)              <9> on input line 33.
)

[41


]


Package fancyhdr Warning: \headheight is too small (1.0pt): 
(fancyhdr)                Make it at least 12.0pt, for example:
(fancyhdr)                \setlength{\headheight}{12.0pt}.
(fancyhdr)                You might also make \topmargin smaller:
(fancyhdr)                \addtolength{\topmargin}{-11.0pt}.

[42

{c:/texlive/texmf-dist/fonts/enc/dvips/lm/lm-mathex.enc}


]
Package biblatex Info: Reference segment=20 on input line 54.
Package biblatex Info: Setting label 'refsegment:020' on input line 54.

Underfull \vbox (badness 1442) has occurred while \output is active []




Package fancyhdr Warning: \headheight is too small (1.0pt): 
(fancyhdr)                Make it at least 12.0pt, for example:
(fancyhdr)                \setlength{\headheight}{12.0pt}.
(fancyhdr)                You might also make \topmargin smaller:
(fancyhdr)                \addtolength{\topmargin}{-11.0pt}.

[43]
Overfull \hbox (25.68518pt too wide) in paragraph at lines 60--61
[]\T1/lmr/m/n/10 (-20) Motorauswahl durch Höchst^^?werte für Drehmo^^?ment und 
Drehzahl (Worst-^^?Case-Szenario) 
 []


Overfull \hbox (94.05183pt too wide) in paragraph at lines 61--62
[]\T1/lmr/m/n/10 (-20) Verwendung eines Sicher^^?heit^^?sauf^^?schlag von 30 % 
auf die Drehmo^^?men^^?t-^^?Drehzahl-Kennlinie(Kippmoment) 
 []


Package caption Warning: The type was already set to `figure'
(caption)                 on input line 110.
See the caption package documentation for explanation.




Package fancyhdr Warning: \headheight is too small (1.0pt): 
(fancyhdr)                Make it at least 12.0pt, for example:
(fancyhdr)                \setlength{\headheight}{12.0pt}.
(fancyhdr)                You might also make \topmargin smaller:
(fancyhdr)                \addtolength{\topmargin}{-11.0pt}.

[44]

Package caption Warning: The option `hypcap=true' will be ignored for this
(caption)                particular \caption on input line 182.
See the caption package documentation for explanation.


Underfull \vbox (badness 10000) has occurred while \output is active []




Package fancyhdr Warning: \headheight is too small (1.0pt): 
(fancyhdr)                Make it at least 12.0pt, for example:
(fancyhdr)                \setlength{\headheight}{12.0pt}.
(fancyhdr)                You might also make \topmargin smaller:
(fancyhdr)                \addtolength{\topmargin}{-11.0pt}.

[45]
Underfull \hbox (badness 4072) in paragraph at lines 200--200
[]\T1/lmr/m/n/8 (+20) Ruckeln ver-ringern durch gerin-gere
 []


Package caption Warning: The option `hypcap=true' will be ignored for this
(caption)                particular \caption on input line 201.
See the caption package documentation for explanation.




Package fancyhdr Warning: \headheight is too small (1.0pt): 
(fancyhdr)                Make it at least 12.0pt, for example:
(fancyhdr)                \setlength{\headheight}{12.0pt}.
(fancyhdr)                You might also make \topmargin smaller:
(fancyhdr)                \addtolength{\topmargin}{-11.0pt}.

[46]
Package biblatex Info: Reference segment=21 on input line 231.
Package biblatex Info: Setting label 'refsegment:021' on input line 231.
Package biblatex Info: Reference segment=22 on input line 237.
Package biblatex Info: Setting label 'refsegment:022' on input line 237.
) (../../Contents/General/DRV8825.tex


Package fancyhdr Warning: \headheight is too small (1.0pt): 
(fancyhdr)                Make it at least 12.0pt, for example:
(fancyhdr)                \setlength{\headheight}{12.0pt}.
(fancyhdr)                You might also make \topmargin smaller:
(fancyhdr)                \addtolength{\topmargin}{-11.0pt}.

[47]

[48


]
chapter 6.
Package biblatex Info: Reference segment=23 on input line 19.
Package biblatex Info: Setting label 'refsegment:023' on input line 19.
Package biblatex Info: Reference segment=24 on input line 26.
Package biblatex Info: Setting label 'refsegment:024' on input line 26.
Package biblatex Info: Reference segment=25 on input line 73.
Package biblatex Info: Setting label 'refsegment:025' on input line 73.


[49]
Package biblatex Info: Reference segment=26 on input line 109.
Package biblatex Info: Setting label 'refsegment:026' on input line 109.
Package biblatex Info: Reference segment=27 on input line 120.
Package biblatex Info: Setting label 'refsegment:027' on input line 120.

Overfull \hbox (56.11848pt too wide) in paragraph at lines 126--128
[][][][][][][][][][][][][][][][][][][][][][][][][][][] 
 []




Package fancyhdr Warning: \headheight is too small (1.0pt): 
(fancyhdr)                Make it at least 12.0pt, for example:
(fancyhdr)                \setlength{\headheight}{12.0pt}.
(fancyhdr)                You might also make \topmargin smaller:
(fancyhdr)                \addtolength{\topmargin}{-11.0pt}.

[50]) (../../Contents/General/SensorLM393.tex


Package fancyhdr Warning: \headheight is too small (1.0pt): 
(fancyhdr)                Make it at least 12.0pt, for example:
(fancyhdr)                \setlength{\headheight}{12.0pt}.
(fancyhdr)                You might also make \topmargin smaller:
(fancyhdr)                \addtolength{\topmargin}{-11.0pt}.

[51]

[52


]
chapter 7.
Package biblatex Info: Reference segment=28 on input line 18.
Package biblatex Info: Setting label 'refsegment:028' on input line 18.

Overfull \hbox (16.2737pt too wide) in paragraph at lines 20--21
\T1/lmr/m/n/10 (-20) Prinzip der op^^?tis^^?chen Lichtschranke funk^^?tion^^?ie
rt. Er besteht aus einem LM393-Komparator,
 []

Package biblatex Info: Reference segment=29 on input line 22.
Package biblatex Info: Setting label 'refsegment:029' on input line 22.


[53]
Package biblatex Info: Reference segment=30 on input line 70.
Package biblatex Info: Setting label 'refsegment:030' on input line 70.
Package biblatex Info: Reference segment=31 on input line 91.
Package biblatex Info: Setting label 'refsegment:031' on input line 91.



Package fancyhdr Warning: \headheight is too small (1.0pt): 
(fancyhdr)                Make it at least 12.0pt, for example:
(fancyhdr)                \setlength{\headheight}{12.0pt}.
(fancyhdr)                You might also make \topmargin smaller:
(fancyhdr)                \addtolength{\topmargin}{-11.0pt}.

[54]
<../../Images/LM393/TimerOne1.jpg, id=834, 455.45157pt x 196.48407pt>
File: ../../Images/LM393/TimerOne1.jpg Graphic file (type jpg)
<use ../../Images/LM393/TimerOne1.jpg>
Package pdftex.def Info: ../../Images/LM393/TimerOne1.jpg  used on input line 1
08.
(pdftex.def)             Requested size: 369.88583pt x 159.57394pt.
<../../Images/LM393/TimerOne2.jpg, id=835, 161.85469pt x 219.82124pt>
File: ../../Images/LM393/TimerOne2.jpg Graphic file (type jpg)
<use ../../Images/LM393/TimerOne2.jpg>
Package pdftex.def Info: ../../Images/LM393/TimerOne2.jpg  used on input line 1
15.
(pdftex.def)             Requested size: 184.94292pt x 251.19249pt.
<../../Images/LM393/TimerOne3.jpg, id=837, 379.4175pt x 173.89969pt>
File: ../../Images/LM393/TimerOne3.jpg Graphic file (type jpg)
<use ../../Images/LM393/TimerOne3.jpg>
Package pdftex.def Info: ../../Images/LM393/TimerOne3.jpg  used on input line 1
26.
(pdftex.def)             Requested size: 369.88583pt x 169.53424pt.
Package biblatex Info: Reference segment=32 on input line 131.
Package biblatex Info: Setting label 'refsegment:032' on input line 131.



Package fancyhdr Warning: \headheight is too small (1.0pt): 
(fancyhdr)                Make it at least 12.0pt, for example:
(fancyhdr)                \setlength{\headheight}{12.0pt}.
(fancyhdr)                You might also make \topmargin smaller:
(fancyhdr)                \addtolength{\topmargin}{-11.0pt}.

[55 <../../Images/LM393/TimerOne1.jpg> <../../Images/LM393/TimerOne2.jpg>]
Package biblatex Info: Reference segment=33 on input line 135.
Package biblatex Info: Setting label 'refsegment:033' on input line 135.

Overfull \hbox (92.11887pt too wide) in paragraph at lines 156--157
[][][][][][][][][][][][][][][][][][][][][][][][][][][][][] 
 []




Package fancyhdr Warning: \headheight is too small (1.0pt): 
(fancyhdr)                Make it at least 12.0pt, for example:
(fancyhdr)                \setlength{\headheight}{12.0pt}.
(fancyhdr)                You might also make \topmargin smaller:
(fancyhdr)                \addtolength{\topmargin}{-11.0pt}.

[56 <../../Images/LM393/TimerOne3.jpg>]
Overfull \hbox (32.11826pt too wide) in paragraph at lines 163--164
[][][][][][][][][][][][][][][][] 
 []

Package biblatex Info: Reference segment=34 on input line 198.
Package biblatex Info: Setting label 'refsegment:034' on input line 198.



Package fancyhdr Warning: \headheight is too small (1.0pt): 
(fancyhdr)                Make it at least 12.0pt, for example:
(fancyhdr)                \setlength{\headheight}{12.0pt}.
(fancyhdr)                You might also make \topmargin smaller:
(fancyhdr)                \addtolength{\topmargin}{-11.0pt}.

[57]) (../../Contents/General/OLEDDisplay.tex


Package fancyhdr Warning: \headheight is too small (1.0pt): 
(fancyhdr)                Make it at least 12.0pt, for example:
(fancyhdr)                \setlength{\headheight}{12.0pt}.
(fancyhdr)                You might also make \topmargin smaller:
(fancyhdr)                \addtolength{\topmargin}{-11.0pt}.

[58]
chapter 8.
Package biblatex Info: Reference segment=35 on input line 19.
Package biblatex Info: Setting label 'refsegment:035' on input line 19.
Package biblatex Info: Reference segment=36 on input line 29.
Package biblatex Info: Setting label 'refsegment:036' on input line 29.
Package biblatex Info: Reference segment=37 on input line 33.
Package biblatex Info: Setting label 'refsegment:037' on input line 33.
Package biblatex Info: Reference segment=38 on input line 55.
Package biblatex Info: Setting label 'refsegment:038' on input line 55.


[59


]
Package biblatex Info: Reference segment=39 on input line 84.
Package biblatex Info: Setting label 'refsegment:039' on input line 84.
<../../Images/OLEDDisplay/U8g2-1.jpg, id=942, 260.47313pt x 258.21469pt>
File: ../../Images/OLEDDisplay/U8g2-1.jpg Graphic file (type jpg)
<use ../../Images/OLEDDisplay/U8g2-1.jpg>
Package pdftex.def Info: ../../Images/OLEDDisplay/U8g2-1.jpg  used on input lin
e 101.
(pdftex.def)             Requested size: 184.94292pt x 183.34158pt.
Package biblatex Info: Reference segment=40 on input line 110.
Package biblatex Info: Setting label 'refsegment:040' on input line 110.



Package fancyhdr Warning: \headheight is too small (1.0pt): 
(fancyhdr)                Make it at least 12.0pt, for example:
(fancyhdr)                \setlength{\headheight}{12.0pt}.
(fancyhdr)                You might also make \topmargin smaller:
(fancyhdr)                \addtolength{\topmargin}{-11.0pt}.

[60]
Overfull \hbox (38.11832pt too wide) in paragraph at lines 129--130
[][][][][][][][][][][][][][][][][][][][][][][][][][][][] 
 []

) (../../Contents/General/Encoder.tex


Package fancyhdr Warning: \headheight is too small (1.0pt): 
(fancyhdr)                Make it at least 12.0pt, for example:
(fancyhdr)                \setlength{\headheight}{12.0pt}.
(fancyhdr)                You might also make \topmargin smaller:
(fancyhdr)                \addtolength{\topmargin}{-11.0pt}.

[61 <../../Images/OLEDDisplay/U8g2-1.jpg>]

[62


]
chapter 9.
Package biblatex Info: Reference segment=41 on input line 24.
Package biblatex Info: Setting label 'refsegment:041' on input line 24.
Package biblatex Info: Reference segment=42 on input line 28.
Package biblatex Info: Setting label 'refsegment:042' on input line 28.
Package hyperref Info: bookmark level for unknown code defaults to 0 on input l
ine 67.

Underfull \vbox (badness 10000) has occurred while \output is active []



[63])


Package fancyhdr Warning: \headheight is too small (1.0pt): 
(fancyhdr)                Make it at least 12.0pt, for example:
(fancyhdr)                \setlength{\headheight}{12.0pt}.
(fancyhdr)                You might also make \topmargin smaller:
(fancyhdr)                \addtolength{\topmargin}{-11.0pt}.

[64]
part IV.
Package scrkbase Info: You've told me to use the font selection of the element
(scrkbase)             `partprefix' that is an alias of element `partnumber'
(scrkbase)              on input line 108.


[65


]

[66] (../../Contents/General/ProgrammbeschreibungSchrittmotor.tex
chapter 10.


[67


]


Package fancyhdr Warning: \headheight is too small (1.0pt): 
(fancyhdr)                Make it at least 12.0pt, for example:
(fancyhdr)                \setlength{\headheight}{12.0pt}.
(fancyhdr)                You might also make \topmargin smaller:
(fancyhdr)                \addtolength{\topmargin}{-11.0pt}.

[68]


Package fancyhdr Warning: \headheight is too small (1.0pt): 
(fancyhdr)                Make it at least 12.0pt, for example:
(fancyhdr)                \setlength{\headheight}{12.0pt}.
(fancyhdr)                You might also make \topmargin smaller:
(fancyhdr)                \addtolength{\topmargin}{-11.0pt}.

[69]


Package fancyhdr Warning: \headheight is too small (1.0pt): 
(fancyhdr)                Make it at least 12.0pt, for example:
(fancyhdr)                \setlength{\headheight}{12.0pt}.
(fancyhdr)                You might also make \topmargin smaller:
(fancyhdr)                \addtolength{\topmargin}{-11.0pt}.

[70]
Underfull \hbox (badness 10000) in paragraph at lines 247--248

 []


Overfull \hbox (12.86774pt too wide) in paragraph at lines 249--250
\T1/lmr/m/n/10 (-20) sors einen Puls zählt. Diese Pulse wer^^?den später genutz
t, um die gefahrene Geschwindigkeit
 []


Underfull \hbox (badness 10000) in paragraph at lines 249--250

 []


Underfull \hbox (badness 10000) in paragraph at lines 251--252

 []


Underfull \hbox (badness 10000) in paragraph at lines 253--254

 []


Underfull \hbox (badness 10000) in paragraph at lines 255--256

 []


Underfull \hbox (badness 10000) in paragraph at lines 257--258

 []


Underfull \hbox (badness 10000) in paragraph at lines 259--260

 []


Underfull \hbox (badness 10000) in paragraph at lines 261--262

 []




Package fancyhdr Warning: \headheight is too small (1.0pt): 
(fancyhdr)                Make it at least 12.0pt, for example:
(fancyhdr)                \setlength{\headheight}{12.0pt}.
(fancyhdr)                You might also make \topmargin smaller:
(fancyhdr)                \addtolength{\topmargin}{-11.0pt}.

[71]
Underfull \hbox (badness 10000) in paragraph at lines 263--264

 []

)


Package fancyhdr Warning: \headheight is too small (1.0pt): 
(fancyhdr)                Make it at least 12.0pt, for example:
(fancyhdr)                \setlength{\headheight}{12.0pt}.
(fancyhdr)                You might also make \topmargin smaller:
(fancyhdr)                \addtolength{\topmargin}{-11.0pt}.

[72]
part V.
Package scrkbase Info: You've told me to use the font selection of the element
(scrkbase)             `partprefix' that is an alias of element `partnumber'
(scrkbase)              on input line 115.


[73


]

[74] (../../Contents/Nano33BLESense/MateriallisteNano.tex
chapter 11.

Underfull \hbox (badness 10000) in paragraph at lines 18--18
[]|\T1/lmr/bx/n/7 (+20) Preis
 []

<../../Images/Materialliste/fraesmaschine.jpg, id=1301, 1027.84pt x 1027.84pt>
File: ../../Images/Materialliste/fraesmaschine.jpg Graphic file (type jpg)
<use ../../Images/Materialliste/fraesmaschine.jpg>
Package pdftex.def Info: ../../Images/Materialliste/fraesmaschine.jpg  used on 
input line 20.
(pdftex.def)             Requested size: 42.67912pt x 42.67494pt.

Underfull \hbox (badness 5878) in paragraph at lines 23--23
[]|\T1/lmr/m/n/7 (+20) Arduino Nano 33
 []


Underfull \hbox (badness 10000) in paragraph at lines 23--23
\T1/lmr/m/n/7 (+20) nRF52840, mit
 []


Underfull \hbox (badness 10000) in paragraph at lines 23--23
[]|\T1/lmr/m/n/7 (+20) ARD NANO
 []

<../../Images/Materialliste/arduino.png, id=1303, 602.25pt x 494.84875pt>
File: ../../Images/Materialliste/arduino.png Graphic file (type png)
<use ../../Images/Materialliste/arduino.png>
Package pdftex.def Info: ../../Images/Materialliste/arduino.png  used on input 
line 23.
(pdftex.def)             Requested size: 42.67912pt x 35.0658pt.

Underfull \hbox (badness 10000) in paragraph at lines 23--24
[]|[]$\T1/pcr/m/n/7 www . reichelt .
 []

<../../Images/Materialliste/jumpercablemm.jpg, id=1305, 2007.5pt x 2007.5pt>
File: ../../Images/Materialliste/jumpercablemm.jpg Graphic file (type jpg)
<use ../../Images/Materialliste/jumpercablemm.jpg>
Package pdftex.def Info: ../../Images/Materialliste/jumpercablemm.jpg  used on 
input line 25.
(pdftex.def)             Requested size: 42.67912pt x 42.67029pt.

Underfull \hbox (badness 10000) in paragraph at lines 25--26
[]|[]$\T1/pcr/m/n/7 www .
 []


Overfull \hbox (7.85445pt too wide) in paragraph at lines 25--26
\T1/pcr/m/n/7 roboter-[]bausatz .
 []


Underfull \hbox (badness 10000) in paragraph at lines 27--27
[]|\T1/lmr/m/n/7 (+20) 40 Pin Dupont
 []


Underfull \hbox (badness 10000) in paragraph at lines 27--27
\T1/lmr/m/n/7 (+20) / Jumper Ka-bel
 []


Underfull \hbox (badness 10000) in paragraph at lines 27--27
\T1/lmr/m/n/7 (+20) Buchse-Buchse 20
 []

<../../Images/Materialliste/jumpercableff.jpg, id=1307, 1003.75pt x 1003.75pt>
File: ../../Images/Materialliste/jumpercableff.jpg Graphic file (type jpg)
<use ../../Images/Materialliste/jumpercableff.jpg>
Package pdftex.def Info: ../../Images/Materialliste/jumpercableff.jpg  used on 
input line 27.
(pdftex.def)             Requested size: 42.67912pt x 42.67029pt.

Underfull \hbox (badness 10000) in paragraph at lines 27--28
[]|[]$\T1/pcr/m/n/7 www .
 []


Overfull \hbox (7.85445pt too wide) in paragraph at lines 27--28
\T1/pcr/m/n/7 roboter-[]bausatz .
 []


Underfull \hbox (badness 4492) in paragraph at lines 29--29
\T1/lmr/m/n/7 (+20) bel Buchse-Stecker
 []

<../../Images/Materialliste/jumpercablemf.jpg, id=1309, 1003.75pt x 1003.75pt>
File: ../../Images/Materialliste/jumpercablemf.jpg Graphic file (type jpg)
<use ../../Images/Materialliste/jumpercablemf.jpg>
Package pdftex.def Info: ../../Images/Materialliste/jumpercablemf.jpg  used on 
input line 29.
(pdftex.def)             Requested size: 42.67912pt x 42.67029pt.

Underfull \hbox (badness 10000) in paragraph at lines 29--30
[]|[]$\T1/pcr/m/n/7 www .
 []


Overfull \hbox (7.85445pt too wide) in paragraph at lines 29--30
\T1/pcr/m/n/7 roboter-[]bausatz .
 []


Underfull \hbox (badness 10000) in paragraph at lines 31--31
[]|\T1/lmr/m/n/7 (+20) Arduino - Grove
 []


Underfull \hbox (badness 10000) in paragraph at lines 31--31
\T1/lmr/m/n/7 (+20) Universal-Kabel,
 []


Underfull \hbox (badness 10000) in paragraph at lines 31--31
[]|\T1/lmr/m/n/7 (+20) GRV CA-
 []

<../../Images/Materialliste/grove2.png, id=1311, 602.25pt x 405.515pt>
File: ../../Images/Materialliste/grove2.png Graphic file (type png)
<use ../../Images/Materialliste/grove2.png>
Package pdftex.def Info: ../../Images/Materialliste/grove2.png  used on input l
ine 31.
(pdftex.def)             Requested size: 42.67912pt x 28.73544pt.

Underfull \hbox (badness 10000) in paragraph at lines 31--32
[]|[]$\T1/pcr/m/n/7 www . reichelt .
 []


Underfull \hbox (badness 10000) in paragraph at lines 33--33
[]|\T1/lmr/m/n/7 (+20) TRU COM-PO-
 []


Underfull \hbox (badness 10000) in paragraph at lines 33--33
\T1/lmr/m/n/7 (+20) NENTS DC-
 []


Underfull \hbox (badness 10000) in paragraph at lines 33--33
\T1/lmr/m/n/7 (+20) 13M Niedervolt-
 []


Underfull \hbox (badness 10000) in paragraph at lines 33--33
\T1/lmr/m/n/7 (+20) Steckverbinder
 []

<../../Images/Materialliste/schutzstecker.jpg, id=1313, 1003.75pt x 1003.75pt>
File: ../../Images/Materialliste/schutzstecker.jpg Graphic file (type jpg)
<use ../../Images/Materialliste/schutzstecker.jpg>
Package pdftex.def Info: ../../Images/Materialliste/schutzstecker.jpg  used on 
input line 33.
(pdftex.def)             Requested size: 42.67912pt x 42.67029pt.

Underfull \hbox (badness 5667) in paragraph at lines 35--35
[]|\T1/lmr/m/n/7 (+20) Steckernetzteil, 12
 []

<../../Images/Materialliste/netzteil.png, id=1315, 602.25pt x 404.51125pt>
File: ../../Images/Materialliste/netzteil.png Graphic file (type png)
<use ../../Images/Materialliste/netzteil.png>
Package pdftex.def Info: ../../Images/Materialliste/netzteil.png  used on input
 line 35.
(pdftex.def)             Requested size: 42.67912pt x 28.66432pt.

Underfull \hbox (badness 10000) in paragraph at lines 35--36
[]|[]$\T1/pcr/m/n/7 www . reichelt .
 []


Underfull \hbox (badness 10000) in paragraph at lines 37--37
[]|\T1/lmr/m/n/7 (+20) Drucktaster 0,1A-
 []


Underfull \hbox (badness 10000) in paragraph at lines 37--37
\T1/lmr/m/n/7 (+20) 24VAC 1x (Ein)
 []

<../../Images/Materialliste/tasterr.png, id=1317, 602.25pt x 447.6725pt>
File: ../../Images/Materialliste/tasterr.png Graphic file (type png)
<use ../../Images/Materialliste/tasterr.png>
Package pdftex.def Info: ../../Images/Materialliste/tasterr.png  used on input 
line 37.
(pdftex.def)             Requested size: 42.67912pt x 31.7228pt.

Underfull \hbox (badness 10000) in paragraph at lines 37--38
[]|[]$\T1/pcr/m/n/7 www . reichelt .
 []


Underfull \hbox (badness 10000) in paragraph at lines 39--39
[]|\T1/lmr/m/n/7 (+20) Drucktaster 0,1A-
 []


Underfull \hbox (badness 10000) in paragraph at lines 39--39
\T1/lmr/m/n/7 (+20) 24VAC 1x (Ein)
 []

<../../Images/Materialliste/tasterg.png, id=1319, 602.25pt x 476.78125pt>
File: ../../Images/Materialliste/tasterg.png Graphic file (type png)
<use ../../Images/Materialliste/tasterg.png>
Package pdftex.def Info: ../../Images/Materialliste/tasterg.png  used on input 
line 40.
(pdftex.def)             Requested size: 42.67912pt x 33.78549pt.

Underfull \hbox (badness 10000) in paragraph at lines 40--41
[]|[]$\T1/pcr/m/n/7 www . reichelt .
 []


Underfull \hbox (badness 10000) in paragraph at lines 42--42
[]|\T1/lmr/m/n/7 (+20) Snap-Action-
 []


Underfull \hbox (badness 10000) in paragraph at lines 42--42
\T1/lmr/m/n/7 (+20) Mikroschalter,
 []

<../../Images/Materialliste/microschalter.png, id=1321, 602.25pt x 719.68875pt>

File: ../../Images/Materialliste/microschalter.png Graphic file (type png)
<use ../../Images/Materialliste/microschalter.png>
Package pdftex.def Info: ../../Images/Materialliste/microschalter.png  used on 
input line 42.
(pdftex.def)             Requested size: 42.67912pt x 50.99832pt.

Underfull \hbox (badness 10000) in paragraph at lines 42--43
[]|[]$\T1/pcr/m/n/7 www . reichelt .
 []


Underfull \hbox (badness 10000) in paragraph at lines 44--44
[]|\T1/lmr/m/n/7 (+20) Entwicklungsboard
 []


Underfull \hbox (badness 10000) in paragraph at lines 44--44
\T1/lmr/m/n/7 (+20) Schrittmo-tors-
 []


Underfull \hbox (badness 10000) in paragraph at lines 44--44
[]|\T1/lmr/m/n/7 (+20) DEBO DRV
 []

<../../Images/Materialliste/treiber.png, id=1323, 602.25pt x 552.0625pt>
File: ../../Images/Materialliste/treiber.png Graphic file (type png)
<use ../../Images/Materialliste/treiber.png>
Package pdftex.def Info: ../../Images/Materialliste/treiber.png  used on input 
line 44.
(pdftex.def)             Requested size: 42.67912pt x 39.12004pt.

Underfull \hbox (badness 10000) in paragraph at lines 44--45
[]|[]$\T1/pcr/m/n/7 www . reichelt .
 []


Underfull \hbox (badness 10000) in paragraph at lines 46--46
[]|\T1/lmr/m/n/7 (+20) Entwicklerboards
 []


Underfull \hbox (badness 10000) in paragraph at lines 46--46
\T1/lmr/m/n/7 (+20) - Dis-play OLED,
 []


Underfull \hbox (badness 10000) in paragraph at lines 46--46
[]|\T1/lmr/m/n/7 (+20) DEBO OLED
 []

<../../Images/Materialliste/display.png, id=1325, 602.25pt x 390.45876pt>
File: ../../Images/Materialliste/display.png Graphic file (type png)
<use ../../Images/Materialliste/display.png>
Package pdftex.def Info: ../../Images/Materialliste/display.png  used on input 
line 46.
(pdftex.def)             Requested size: 42.67912pt x 27.66853pt.

Underfull \hbox (badness 10000) in paragraph at lines 46--47
[]|[]$\T1/pcr/m/n/7 www . reichelt .
 []

<../../Images/Materialliste/filament.jpg, id=1327, 1003.75pt x 1003.75pt>
File: ../../Images/Materialliste/filament.jpg Graphic file (type jpg)
<use ../../Images/Materialliste/filament.jpg>
Package pdftex.def Info: ../../Images/Materialliste/filament.jpg  used on input
 line 48.
(pdftex.def)             Requested size: 42.67912pt x 42.67029pt.

Underfull \hbox (badness 10000) in paragraph at lines 48--49
[]|[]$\T1/pcr/m/n/7 www .
 []


Overfull \hbox (7.85445pt too wide) in paragraph at lines 48--49
\T1/pcr/m/n/7 roboter-[]bausatz .
 []

<../../Images/Materialliste/breadboard.png, id=1329, 602.25pt x 327.2225pt>
File: ../../Images/Materialliste/breadboard.png Graphic file (type png)
<use ../../Images/Materialliste/breadboard.png>
Package pdftex.def Info: ../../Images/Materialliste/breadboard.png  used on inp
ut line 50.
(pdftex.def)             Requested size: 42.67912pt x 23.18752pt.

Underfull \hbox (badness 10000) in paragraph at lines 50--51
[]|[]$\T1/pcr/m/n/7 www . reichelt .
 []


Underfull \hbox (badness 10000) in paragraph at lines 52--52
[]|\T1/lmr/m/n/7 (+20) Kabelbinder-Set,
 []


Underfull \hbox (badness 10000) in paragraph at lines 52--52
\T1/lmr/m/n/7 (+20) mehr-far-big, 200er-
 []

<../../Images/Materialliste/kabelbinder.png, id=1331, 602.25pt x 374.39874pt>
File: ../../Images/Materialliste/kabelbinder.png Graphic file (type png)
<use ../../Images/Materialliste/kabelbinder.png>
Package pdftex.def Info: ../../Images/Materialliste/kabelbinder.png  used on in
put line 52.
(pdftex.def)             Requested size: 42.67912pt x 26.5305pt.

Underfull \hbox (badness 10000) in paragraph at lines 52--53
[]|[]$\T1/pcr/m/n/7 www . reichelt .
 []


Underfull \hbox (badness 10000) in paragraph at lines 54--54
[]|\T1/lmr/m/n/7 (+20) Drehwinkel-
 []


Underfull \hbox (badness 10000) in paragraph at lines 54--54
[]|\T1/lmr/m/n/7 (+20) DEBO EN-
 []

<../../Images/Materialliste/drehknopf.png, id=1333, 602.25pt x 631.35875pt>
File: ../../Images/Materialliste/drehknopf.png Graphic file (type png)
<use ../../Images/Materialliste/drehknopf.png>
Package pdftex.def Info: ../../Images/Materialliste/drehknopf.png  used on inpu
t line 54.
(pdftex.def)             Requested size: 42.67912pt x 44.7391pt.

Underfull \hbox (badness 10000) in paragraph at lines 54--55
[]|[]$\T1/pcr/m/n/7 www . reichelt .
 []


Underfull \hbox (badness 10000) in paragraph at lines 56--56
[]|\T1/lmr/m/n/7 (+20) Wippschalter, 2x
 []


Underfull \hbox (badness 10000) in paragraph at lines 56--56
[]|\T1/lmr/m/n/7 (+20) WIPPE
 []

<../../Images/Materialliste/wippschalter.png, id=1335, 602.25pt x 679.53876pt>
File: ../../Images/Materialliste/wippschalter.png Graphic file (type png)
<use ../../Images/Materialliste/wippschalter.png>
Package pdftex.def Info: ../../Images/Materialliste/wippschalter.png  used on i
nput line 56.
(pdftex.def)             Requested size: 42.67912pt x 48.15323pt.

Underfull \hbox (badness 10000) in paragraph at lines 56--57
[]|[]$\T1/pcr/m/n/7 www . reichelt .
 []


Underfull \hbox (badness 10000) in paragraph at lines 58--58
[]|\T1/lmr/m/n/7 (+20) Flach-
 []


Underfull \hbox (badness 10000) in paragraph at lines 58--58
\T1/lmr/m/n/7 (+20) Senkkopfschrauben,
 []

<../../Images/Materialliste/senkkopfschraube.jpg, id=1337, 301.125pt x 301.125p
t>
File: ../../Images/Materialliste/senkkopfschraube.jpg Graphic file (type jpg)
<use ../../Images/Materialliste/senkkopfschraube.jpg>
Package pdftex.def Info: ../../Images/Materialliste/senkkopfschraube.jpg  used 
on input line 58.
(pdftex.def)             Requested size: 42.67912pt x 42.67642pt.

Underfull \hbox (badness 10000) in paragraph at lines 58--59
[]|[]$\T1/pcr/m/n/7 www . reichelt .
 []


Underfull \hbox (badness 10000) in paragraph at lines 60--60
[]|\T1/lmr/m/n/7 (+20) Sechskantmuttern,
 []

<../../Images/Materialliste/muttern.png, id=1339, 602.25pt x 432.61626pt>
File: ../../Images/Materialliste/muttern.png Graphic file (type png)
<use ../../Images/Materialliste/muttern.png>
Package pdftex.def Info: ../../Images/Materialliste/muttern.png  used on input 
line 60.
(pdftex.def)             Requested size: 42.67912pt x 30.6559pt.

Underfull \hbox (badness 10000) in paragraph at lines 60--61
[]|[]$\T1/pcr/m/n/7 www . reichelt .
 []


Underfull \hbox (badness 10000) in paragraph at lines 62--62
[]|\T1/lmr/m/n/7 (+20) Unterlegscheiben,
 []

<../../Images/Materialliste/unterlegscheibe.png, id=1341, 602.25pt x 511.9125pt
>
File: ../../Images/Materialliste/unterlegscheibe.png Graphic file (type png)
<use ../../Images/Materialliste/unterlegscheibe.png>
Package pdftex.def Info: ../../Images/Materialliste/unterlegscheibe.png  used o
n input line 62.
(pdftex.def)             Requested size: 42.67912pt x 36.27495pt.

Underfull \hbox (badness 10000) in paragraph at lines 62--63
[]|[]$\T1/pcr/m/n/7 www . reichelt .
 []

<../../Images/Materialliste/loetzinn.png, id=1343, 602.25pt x 605.26125pt>
File: ../../Images/Materialliste/loetzinn.png Graphic file (type png)
<use ../../Images/Materialliste/loetzinn.png>
Package pdftex.def Info: ../../Images/Materialliste/loetzinn.png  used on input
 line 64.
(pdftex.def)             Requested size: 42.67912pt x 42.8898pt.

Underfull \hbox (badness 10000) in paragraph at lines 64--65
[]|[]$\T1/pcr/m/n/7 www . reichelt .
 []


Underfull \hbox (badness 7981) in paragraph at lines 66--66
[]|\T1/lmr/m/n/7 (+20) Entwicklerboards -
 []


Underfull \hbox (badness 2042) in paragraph at lines 66--66
[]|\T1/lmr/m/n/7 (+20) DEBO SPEED
 []

<../../Images/Materialliste/sensor.png, id=1345, 602.25pt x 412.54124pt>
File: ../../Images/Materialliste/sensor.png Graphic file (type png)
<use ../../Images/Materialliste/sensor.png>
Package pdftex.def Info: ../../Images/Materialliste/sensor.png  used on input l
ine 66.
(pdftex.def)             Requested size: 42.67912pt x 29.23334pt.

Underfull \hbox (badness 10000) in paragraph at lines 66--67
[]|[]$\T1/pcr/m/n/7 www . reichelt .
 []


Overfull \hbox (0.14261pt too wide) in alignment at lines 15--72
 [] [] [] [] [] [] [] 
 []

[75


 <../../Images/Materialliste/fraesmaschine.jpg> <../../Images/Materialliste/ard
uino.png> <../../Images/Materialliste/jumpercablemm.jpg> <../../Images/Material
liste/jumpercableff.jpg> <../../Images/Materialliste/jumpercablemf.jpg> <../../
Images/Materialliste/grove2.png> <../../Images/Materialliste/schutzstecker.jpg>
 <../../Images/Materialliste/netzteil.png> <../../Images/Materialliste/tasterr.
png>]

Package fancyhdr Warning: \headheight is too small (1.0pt): 
(fancyhdr)                Make it at least 12.0pt, for example:
(fancyhdr)                \setlength{\headheight}{12.0pt}.
(fancyhdr)                You might also make \topmargin smaller:
(fancyhdr)                \addtolength{\topmargin}{-11.0pt}.

[76 <../../Images/Materialliste/tasterg.png> <../../Images/Materialliste/micros
chalter.png> <../../Images/Materialliste/treiber.png> <../../Images/Materiallis
te/display.png> <../../Images/Materialliste/filament.jpg> <../../Images/Materia
lliste/breadboard.png> <../../Images/Materialliste/kabelbinder.png> <../../Imag
es/Materialliste/drehknopf.png> <../../Images/Materialliste/wippschalter.png> <
../../Images/Materialliste/senkkopfschraube.jpg> <../../Images/Materialliste/mu
ttern.png>])


Package fancyhdr Warning: \headheight is too small (1.0pt): 
(fancyhdr)                Make it at least 12.0pt, for example:
(fancyhdr)                \setlength{\headheight}{12.0pt}.
(fancyhdr)                You might also make \topmargin smaller:
(fancyhdr)                \addtolength{\topmargin}{-11.0pt}.

[77 <../../Images/Materialliste/unterlegscheibe.png> <../../Images/Materiallist
e/loetzinn.png> <../../Images/Materialliste/sensor.png>]

[78


]
chapter without number
Package microtype Info: Character `029' is missing
(microtype)             in font `T1/lmr/m/sc/10'.
(microtype)             Ignoring protrusion settings for this character.

Overfull \hbox (16.14008pt too wide) in paragraph at lines 132--132
[]\T1/lmr/m/n/10 (-20) Arm. \T1/lmr/m/it/10 (-20) Arm-Cortex-M4-Processor-Datas
heet\T1/lmr/m/n/10 (-20) . 2020. \T1/lmr/m/sc/10 (-20) url\T1/lmr/m/n/10 (-20) 
: []$\T1/pcr/l/it/10 https : / / developer .
 []



[79]
Overfull \hbox (4.594pt too wide) in paragraph at lines 132--132
\T1/lmr/m/it/10 (-20) rial pe-riph-eral in-ter-face\T1/lmr/m/n/10 (-20) . 2023.
 \T1/lmr/m/sc/10 (-20) url\T1/lmr/m/n/10 (-20) : []$\T1/pcr/l/it/10 https : / /
 infocenter . nordicsemi .
 []


Overfull \hbox (15.72565pt too wide) in paragraph at lines 132--132
\T1/lmr/m/it/10 (-20) Trust-Zone Cryp-to-Cell 310\T1/lmr/m/n/10 (-20) . 2024. \
T1/lmr/m/sc/10 (-20) url\T1/lmr/m/n/10 (-20) : []$\T1/pcr/l/it/10 https : / / i
nfocenter . nordicsemi .
 []


Overfull \hbox (28.97353pt too wide) in paragraph at lines 132--132
[]\T1/lmr/m/n/10 (-20) Petr Fil^^?ipi and Ar^^?duino Tech Sup^^?port Team. \T1/
lmr/m/it/10 (-20) Dif-fer-ence_-be-tween_-A33BLESense_-
 []


Overfull \hbox (1.85822pt too wide) in paragraph at lines 132--132
[]\T1/lmr/m/n/10 (-20) SIMAC Elec^^?tron^^?ics GmbH. \T1/lmr/m/it/10 (-20) SPEE
D-SEN-SOR SEN-Speed\T1/lmr/m/n/10 (-20) . 2020. \T1/lmr/m/sc/10 (-20) url\T1/lm
r/m/n/10 (-20) : []$\T1/pcr/l/it/10 https :
 []


Overfull \hbox (0.95865pt too wide) in paragraph at lines 132--132
\T1/pcr/l/it/10 / / cdn -[] reichelt . de / documents / datenblatt / A300 / DAT
ASHEET -[]
 []


Overfull \hbox (6.85866pt too wide) in paragraph at lines 132--132
\T1/pcr/l/it/10 documents / datenblatt / A300 / SEN -[] SPEED -[] ANLEITUNG -[]
 20201015 .
 []


Overfull \hbox (7.55865pt too wide) in paragraph at lines 132--132
\T1/pcr/l/it/10 lehstuhlseminar / vortraege _ lehrstuhlseminar / folder -[] 201
0 -[]
 []




Package fancyhdr Warning: \headheight is too small (1.0pt): 
(fancyhdr)                Make it at least 12.0pt, for example:
(fancyhdr)                \setlength{\headheight}{12.0pt}.
(fancyhdr)                You might also make \topmargin smaller:
(fancyhdr)                \addtolength{\topmargin}{-11.0pt}.

[80]


Package fancyhdr Warning: \headheight is too small (1.0pt): 
(fancyhdr)                Make it at least 12.0pt, for example:
(fancyhdr)                \setlength{\headheight}{12.0pt}.
(fancyhdr)                You might also make \topmargin smaller:
(fancyhdr)                \addtolength{\topmargin}{-11.0pt}.

[81]

[82


]
runsystem(makeindex Nano33BLESense.idx)...executed safely (allowed).

 (./Nano33BLESense.ind



[83

]) (./Nano33BLESense.aux (./tikz/AufbauSchrittmotor.aux))
 ***********
LaTeX2e <2024-11-01> patch level 2
L3 programming layer <2025-03-26>
 ***********


LaTeX Font Warning: Some font shapes were not available, defaults substituted.


LaTeX Warning: There were undefined references.


LaTeX Warning: There were multiply-defined labels.

Package rerunfilecheck Info: File `Nano33BLESense.out' has not changed.
(rerunfilecheck)             Checksum: D41D8CD98F00B204E9800998ECF8427E;0.

Package biblatex Warning: Please (re)run BibTeX on the file(s):
(biblatex)                Nano33BLESense
(biblatex)                and rerun LaTeX afterwards.

Package logreq Info: Writing requests to 'Nano33BLESense.run.xml'.
\openout1 = `Nano33BLESense.run.xml'.

 )
(\end occurred inside a group at level 4)

### simple group (level 4) entered at line 152 ({)
### simple group (level 3) entered at line 97 ({)
### simple group (level 2) entered at line 90 ({)
### simple group (level 1) entered at line 67 ({)
### bottom level 
Here is how much of TeX's memory you used:
 100694 strings out of 469625
 2686509 string characters out of 5477767
 3938400 words of memory out of 5000000
 125371 multiletter control sequences out of 15000+600000
 794045 words of font info for 436 fonts, out of 8000000 for 9000
 1146 hyphenation exceptions out of 8191
 108i,12n,134p,10909b,3555s stack positions out of 10000i,1000n,20000p,200000b,200000s
<c:/texlive/texmf-dist/fonts/type1/public/lm/lmbx10.pfb><c:/tex
live/texmf-dist/fonts/type1/public/lm/lmbx7.pfb><c:/texlive/texmf-dist/fonts/ty
pe1/public/lm/lmbx8.pfb><c:/texlive/texmf-dist/fonts/type1/public/lm/lmcsc10.pf
b><c:/texlive/texmf-dist/fonts/type1/public/lm/lmex10.pfb><c:/texlive/texmf-dis
t/fonts/type1/public/lm/lmmi10.pfb><c:/texlive/texmf-dist/fonts/type1/public/lm
/lmmi7.pfb><c:/texlive/texmf-dist/fonts/type1/public/lm/lmr10.pfb><c:/texlive/t
exmf-dist/fonts/type1/public/lm/lmr17.pfb><c:/texlive/texmf-dist/fonts/type1/pu
blic/lm/lmr7.pfb><c:/texlive/texmf-dist/fonts/type1/public/lm/lmr8.pfb><c:/texl
ive/texmf-dist/fonts/type1/public/lm/lmri10.pfb><c:/texlive/texmf-dist/fonts/ty
pe1/public/lm/lmss17.pfb><c:/texlive/texmf-dist/fonts/type1/public/lm/lmss8.pfb
><c:/texlive/texmf-dist/fonts/type1/public/lm/lmssbx10.pfb><c:/texlive/texmf-di
st/fonts/type1/public/lm/lmsy10.pfb><c:/texlive/texmf-dist/fonts/type1/urw/cour
ier/ucrb8a.pfb><c:/texlive/texmf-dist/fonts/type1/urw/courier/ucrr8a.pfb>
Output written on Nano33BLESense.pdf (83 pages, 7960119 bytes).
PDF statistics:
 2049 PDF objects out of 2073 (max. 8388607)
 1796 compressed objects within 18 object streams
 621 named destinations out of 1000 (max. 500000)
 78466 words of extra memory for PDF output out of 89155 (max. 10000000)

